bounding_box,center_point,delta_y,velocity,acceleration,frame,velocity_rolling_mean,delta_velocity
"[1009.6624145507812, 90.41402435302734, 1025.9715576171875, 107.7059555053711]","(1017, 99)",0,0,0,0,0,
"[1009.7261605366779, 89.39822639234531, 1025.0079903706624, 106.64403785474765]","(1017, 98)",-1,-1,0,1,0,0.0
"[1010.0769077600696, 88.46290046330067, 1025.358737594054, 105.70871192570301]","(1017, 97)",-1,-1,0,2,-1,-1.0
"[1010.4105279244928, 87.57324669150546, 1025.692357758477, 104.8190581539078]","(1018, 96)",-1,-1,0,3,-1,0.0
"[1010.7260919211524, 86.73174270041336, 1026.0079217551367, 103.97755416281571]","(1018, 95)",-1,-1,0,4,-1,0.0
"[1011.0225005053123, 85.94131980932004, 1026.3043303392967, 103.18713127172238]","(1018, 94)",-1,-1,0,5,-1,0.0
"[1011.298424911228, 85.20552139354501, 1026.5802547452124, 102.45133285594736]","(1018, 93)",-1,-1,0,6,-1,0.0
"[1011.552213552548, 84.52875168335851, 1026.8340433865324, 101.77456314576085]","(1019, 93)",0,1,2,7,-1,0.0
"[1011.7817348138182, 83.91669498663784, 1027.0635646478027, 101.16250644904018]","(1019, 92)",-1,-1,-2,8,-1,0.0
"[1011.9840850830078, 83.37709426879883, 1027.2659149169922, 100.62290573120117]","(1019, 92)",0,0,1,9,0,1.0
"[1012.1549609377759, 82.92142532275065, 1027.4367907717601, 100.167236785153]","(1019, 91)",-1,-1,-1,10,0,0.0
"[1012.2869162993591, 82.5695443585287, 1027.5687461333434, 99.81535582093105]","(1019, 91)",0,0,1,11,0,0.0
"[1013.4521484375, 82.54305267333984, 1027.7066650390625, 99.74274444580078]","(1020, 91)",0,1,1,12,0,0.0
"[983.5953367522785, 106.35207024629295, 1002.7302854827473, 127.67078820283592]","(993, 117)",26,37,36,13,7,7.0
"[958.9111350024136, 130.27675809616204, 978.0460837328824, 151.595476052705]","(968, 140)",23,33,-4,14,14,7.0
"[936.5872473389936, 151.91375690839982, 955.7221960694624, 173.2324748649428]","(946, 162)",22,31,-2,15,20,6.0
"[916.9060872884958, 170.98934280349772, 936.0410360189645, 192.3080607600407]","(926, 181)",19,27,-4,16,26,6.0
"[900.2862178911172, 187.09783160403396, 919.4211666215859, 208.41654956057693]","(909, 197)",16,23,-4,17,30,4.0
"[887.4518658477941, 199.5372805075624, 906.5868145782629, 220.85599846410537]","(897, 210)",13,17,-6,18,26,-4.0
"[878.6636352539062, 204.59774780273438, 902.6790161132812, 230.03549194335938]","(890, 217)",7,9,-8,19,21,-5.0
"[846.8889770507812, 236.7718048095703, 873.6725463867188, 264.7969665527344]","(860, 250)",33,44,35,20,24,3.0
"[812.2569221545368, 283.1085517818253, 837.9268440295368, 309.9797599727433]","(825, 296)",46,57,13,21,30,6.0
"[794.4204711914062, 309.21734619140625, 818.9767456054688, 334.9346008300781]","(806, 322)",26,32,-25,22,32,2.0
"[773.27294921875, 349.8221740722656, 788.8603515625, 367.3550720214844]","(781, 358)",36,43,11,23,37,5.0
"[735.064905946269, 414.06788157566484, 753.1167247939253, 433.1647748862117]","(744, 423)",65,74,31,24,50,13.0
"[706.5625478442918, 464.7387404236245, 724.614366691948, 483.8356337341714]","(715, 474)",51,58,-16,25,53,3.0
"[690.7236938476562, 491.8165283203125, 711.2399291992188, 512.4774169921875]","(700, 502)",28,31,-27,26,48,-5.0
"[653.9776943254669, 553.216994848844, 677.49896507742, 578.7794338136878]","(665, 565)",63,72,41,27,56,8.0
"[634.5161743164062, 585.7923583984375, 661.04248046875, 616.25634765625]","(647, 601)",36,40,-32,28,55,-1.0
"[614.8404541015625, 583.864013671875, 637.2377319335938, 606.3411254882812]","(626, 595)",-6,-21,-61,29,36,-19.0
"[583.072265625, 575.1292114257812, 609.1968383789062, 602.0220947265625]","(596, 588)",-7,-30,-9,30,18,-18.0
"[564.5677490234375, 573.38525390625, 591.45166015625, 607.9329833984375]","(578, 590)",2,18,48,31,16,-2.0
"[527.3863609366365, 572.6054752352563, 553.6258323721834, 603.5158451083032]","(540, 588)",-2,-38,-56,32,-6,-22.0
"[507.98583984375, 574.1937255859375, 533.5808715820312, 601.4667358398438]","(520, 587)",-1,-20,18,33,-18,-12.0
"[489.0177001953125, 581.6757202148438, 507.2988586425781, 602.9115600585938]","(498, 592)",5,22,42,34,-10,8.0
"[462.6719055175781, 590.4873657226562, 477.129638671875, 606.83154296875]","(469, 598)",6,29,7,35,2,12.0
"[434.48419189453125, 596.9834594726562, 452.06195068359375, 617.0408935546875]","(443, 607)",9,27,-2,36,4,2.0
"[414.24774169921875, 610.1295776367188, 428.63287353515625, 627.340576171875]","(421, 618)",11,24,-3,37,16,12.0
"[500.6462464813487, 559.244089887838, 519.0646424774425, 580.1540935499473]","(509, 569)",-49,-100,-124,38,0,-16.0
"[569.2630345046274, 521.9447076803121, 587.6814305007211, 542.8547113424215]","(578, 532)",-37,-78,22,39,-20,-20.0
"[605.0147094726562, 500.49884033203125, 627.4663696289062, 525.1078491210938]","(616, 512)",-20,-42,36,40,-34,-14.0
"[646.4013671875, 478.55145263671875, 676.08349609375, 509.79107666015625]","(661, 494)",-18,-48,-6,41,-49,-15.0
"[702.2248519932544, 465.29356313297745, 726.782591251067, 490.54572988102433]","(714, 477)",-17,-55,-7,42,-65,-16.0
"[752.8328488463184, 450.0835094339692, 777.3905881041309, 475.3356761820161]","(765, 462)",-15,-53,2,43,-55,10.0
"[800.3688315730636, 435.79673866910036, 824.9265708308761, 461.04890541714724]","(812, 448)",-14,-49,4,44,-49,6.0
"[844.619701805664, 422.49729679591445, 869.1774410634765, 447.7494635439613]","(856, 435)",-13,-45,4,45,-50,-1.0
"[885.3205894139555, 410.26478959123665, 909.878328671768, 435.5169563392835]","(897, 422)",-13,-43,2,46,-49,1.0
"[922.1296404813636, 399.20196003545834, 946.6873797391761, 424.4541267835052]","(934, 411)",-11,-38,5,47,-46,3.0
"[954.5811935570265, 389.4487610236471, 979.138932814839, 414.70092777169396]","(966, 402)",-9,-33,5,48,-42,4.0
"[981.9850951804968, 381.2126157269756, 1006.5428344383093, 406.4647824750225]","(994, 393)",-9,-29,4,49,-38,4.0
"[1003.1471941348775, 374.8524220521618, 1027.70493339269, 400.10458880020866]","(1015, 387)",-6,-21,8,50,-33,5.0
"[1017.314208984375, 374.9316101074219, 1036.74755859375, 394.1963195800781]","(1027, 384)",-3,-12,9,51,-27,6.0
"[1045.9872299154586, 376.844232177373, 1064.9000717123336, 396.3273406978808]","(1055, 386)",2,28,40,52,-13,14.0
"[1062.080078125, 378.3708190917969, 1080.472412109375, 398.07232666015625]","(1071, 388)",2,16,-12,53,-4,9.0
"[1087.5493388988693, 376.8836331768932, 1104.218955598088, 394.91059545716666]","(1095, 385)",-3,-24,-40,54,-3,1.0
"[1108.5629009182683, 375.10783920342294, 1125.232517617487, 393.1348014836964]","(1116, 384)",-1,-21,3,55,-3,0.0
"[1124.7901916503906, 373.7365188598633, 1141.4598083496094, 391.7634811401367]","(1133, 382)",-2,-17,4,56,-4,-1.0
"[1134.70361328125, 374.1120300292969, 1149.6505126953125, 390.4644470214844]","(1142, 382)",0,9,26,57,-7,-3.0
"[1142.60888671875, 349.8018493652344, 1167.517333984375, 375.19793701171875]","(1155, 362)",-20,-23,-32,58,-15,-8.0
"[1154.8187255859375, 334.3323059082031, 1177.043701171875, 358.1433410644531]","(1165, 346)",-16,-18,5,59,-14,1.0
"[1166.9461669921875, 319.46514892578125, 1189.0733642578125, 341.3949279785156]","(1178, 330)",-16,-20,-2,60,-14,0.0
"[1178.2266845703125, 308.70904541015625, 1195.999267578125, 328.4864501953125]","(1187, 318)",-12,-15,5,61,-13,1.0
"[1184.0506591796875, 297.1163024902344, 1204.6915283203125, 318.0593566894531]","(1194, 307)",-11,-13,2,62,-18,-5.0
"[1184.4486138679117, 290.9056764193269, 1202.5682427741617, 310.31345992762766]","(1193, 300)",-7,-7,6,63,-15,3.0
"[1183.9742993372972, 284.7395875213374, 1202.0939282435472, 304.1473710296382]","(1193, 294)",-6,-6,1,64,-12,3.0
"[1183.5178943108747, 278.80632217784523, 1201.6375232171247, 298.214105686146]","(1192, 288)",-6,-6,0,65,-9,3.0
"[1183.0801312883266, 273.11540288471883, 1201.1997601945766, 292.5231863930196]","(1192, 282)",-6,-6,0,66,-8,1.0
"[1182.6618408166341, 267.67762675271774, 1200.7814697228841, 287.0854102610185]","(1191, 277)",-5,-5,1,67,-6,2.0
"[1182.2639755545995, 262.50537834626743, 1200.3836044608495, 281.9131618545682]","(1191, 272)",-5,-5,0,68,-6,0.0
"[1181.8876435291156, 257.6130620149773, 1200.0072724353656, 277.02084552327807]","(1190, 267)",-5,-5,0,69,-5,1.0
"[1181.5341556660242, 253.01771979479014, 1199.6537845722742, 272.4255033030909]","(1190, 262)",-5,-5,0,70,-5,0.0
"[1181.2050966109423, 248.7399520787252, 1199.3247255171923, 268.147735587026]","(1190, 258)",-4,-4,1,71,-5,0.0
"[1180.9024359955245, 244.80536407829152, 1199.0220649017745, 264.2131475865923]","(1189, 254)",-4,-4,0,72,-5,0.0
"[1180.628715919534, 241.24700309041788, 1198.748344825784, 260.65478659871866]","(1189, 250)",-4,-4,0,73,-4,1.0
"[1180.387399142375, 238.10988498734906, 1198.507028048625, 257.51766849564984]","(1189, 247)",-3,-3,1,74,-4,0.0
"[1180.183617794655, 235.46072746699056, 1198.303246700905, 254.86851097529134]","(1189, 245)",-2,-2,1,75,-3,1.0
"[1180.0262518434574, 233.41497010142064, 1198.1458807497074, 252.82275360972142]","(1189, 243)",-2,-2,0,76,-3,0.0
"[1181.281982421875, 233.670654296875, 1196.88037109375, 251.5431671142578]","(1189, 242)",-1,-1,1,77,-2,1.0
"[1178.2880859375, 211.6127471923828, 1196.6260986328125, 231.49044799804688]","(1187, 221)",-21,-21,-20,78,-6,-4.0
"[1182.3768310546875, 205.50146484375, 1197.0447998046875, 222.09732055664062]","(1189, 213)",-8,-8,13,79,-7,-1.0
"[1178.2490234375, 261.94970703125, 1203.6822509765625, 289.27142333984375]","(1190, 275)",62,62,70,80,6,13.0
"[1166.717529296875, 266.80224609375, 1190.787841796875, 291.9910888671875]","(1178, 279)",4,12,-50,81,9,3.0
"[1158.034912109375, 272.1459045410156, 1173.5174560546875, 291.69635009765625]","(1165, 281)",2,13,1,82,12,3.0
"[1134.0843804651176, 277.8101462573747, 1154.5588677698051, 300.3119773120622]","(1144, 289)",8,22,9,83,20,8.0
"[1116.6224063926593, 284.61735648901094, 1137.0968936973468, 307.11918754369844]","(1126, 295)",6,18,-4,84,25,5.0
"[1103.1377563476562, 289.87408447265625, 1123.6122436523438, 312.37591552734375]","(1113, 301)",6,14,-4,85,16,-9.0
"[1093.9210205078125, 291.8810119628906, 1119.387451171875, 317.334228515625]","(1106, 304)",3,7,-7,86,15,-1.0
"[1084.903564453125, 303.3598937988281, 1099.470947265625, 319.4285888671875]","(1092, 311)",7,15,8,87,15,0.0
"[1064.0120849609375, 301.5384826660156, 1093.4503173828125, 334.52337646484375]","(1078, 318)",7,15,0,88,14,-1.0
"[1051.209716796875, 317.7834167480469, 1071.320556640625, 339.42950439453125]","(1061, 328)",10,19,4,89,14,0.0
"[1037.8192138671875, 330.8410949707031, 1054.4666748046875, 348.4848937988281]","(1046, 339)",11,18,-1,90,15,1.0
"[1018.9396362304688, 337.89361572265625, 1045.8927001953125, 364.0016174316406]","(1032, 350)",11,17,-1,91,17,2.0
"[1007.514404296875, 354.4521789550781, 1025.965576171875, 373.8776550292969]","(1016, 364)",14,21,4,92,18,1.0
"[992.726806640625, 370.497802734375, 1007.0152587890625, 386.99432373046875]","(999, 378)",14,22,1,93,19,1.0
"[967.1854066895922, 395.05594940618437, 985.3524904298266, 415.9771225018875]","(976, 405)",27,35,13,94,23,4.0
"[946.6279082553054, 419.9413422476894, 964.7949919955398, 440.86251534339254]","(955, 430)",25,32,-3,95,25,2.0
"[928.5040302362438, 441.88077353392197, 946.6711139764782, 462.8019466296251]","(937, 452)",22,28,-4,96,28,3.0
"[913.199216654221, 460.40765313321276, 931.3663003944554, 481.3288262289159]","(922, 470)",18,23,-5,97,28,0.0
"[901.3803893955607, 474.7146545515911, 919.547473135795, 495.6358276472942]","(910, 485)",15,19,-4,98,27,-1.0
"[893.4640502929688, 480.5640563964844, 915.509765625, 505.9098815917969]","(904, 493)",8,10,-9,99,22,-5.0
"[872.407470703125, 504.25323486328125, 901.559326171875, 532.9078369140625]","(886, 518)",25,30,20,100,22,0.0
"[856.1906127929688, 533.2882690429688, 878.0856323242188, 556.0523071289062]","(867, 544)",26,32,2,101,23,1.0
"[844.0969848632812, 565.0794677734375, 858.4297485351562, 581.156494140625]","(851, 573)",29,33,1,102,25,2.0
"[822.1029052734375, 594.362060546875, 840.32958984375, 613.4758911132812]","(831, 603)",30,36,3,103,28,3.0
"[797.2169357332328, 633.271630853593, 818.2389083894828, 655.473535150468]","(807, 644)",41,47,11,104,36,8.0
"[783.42626953125, 655.14990234375, 807.2435302734375, 680.4398803710938]","(795, 667)",23,25,-22,105,35,-1.0
"[767.98828125, 693.2539672851562, 787.5089721679688, 714.5512084960938]","(777, 703)",36,40,15,106,36,1.0
"[755.1105346679688, 702.1937255859375, 777.7035522460938, 724.4917602539062]","(766, 713)",10,14,-26,107,32,-4.0
"[741.0211791992188, 694.8792724609375, 767.4091186523438, 723.1038208007812]","(754, 708)",-5,-13,-27,108,23,-9.0
"[731.2337036132812, 691.4714965820312, 758.4010620117188, 721.4918212890625]","(744, 706)",-2,-10,3,109,11,-12.0
"[722.5723266601562, 693.547119140625, 741.6090698242188, 714.716796875]","(732, 704)",-2,-12,-2,110,4,-7.0
"[709.7681274414062, 692.0513305664062, 734.9465942382812, 718.97900390625]","(722, 705)",1,10,22,111,-2,-6.0
"[699.8578491210938, 694.428466796875, 723.7882690429688, 719.4384155273438]","(711, 706)",1,11,1,112,-3,-1.0
"[686.46484375, 694.82177734375, 715.1961059570312, 734.0843505859375]","(700, 714)",8,13,2,113,2,5.0
"[676.1500244140625, 699.0422973632812, 708.9052124023438, 733.7759399414062]","(692, 716)",2,8,-5,114,6,4.0
"[669.0000610351562, 716.5950317382812, 688.9464721679688, 738.0608520507812]","(678, 727)",11,17,9,115,12,6.0
"[656.513427734375, 722.4183349609375, 684.6948852539062, 749.5443115234375]","(670, 735)",8,11,-6,116,12,0.0
"[650.191162109375, 739.72412109375, 666.0234375, 756.3585205078125]","(658, 748)",13,17,6,117,13,1.0
"[661.91845703125, 652.9783325195312, 688.1221313476562, 680.7880249023438]","(675, 666)",-82,-83,-100,118,-6,-19.0
"[679.6188354492188, 593.712158203125, 701.9379272460938, 617.4158935546875]","(690, 605)",-61,-62,21,119,-20,-14.0
"[697.2696533203125, 537.5934448242188, 715.04736328125, 556.624755859375]","(706, 547)",-58,-60,2,120,-35,-15.0
"[707.0553588867188, 484.499755859375, 733.318359375, 510.5431213378906]","(720, 497)",-50,-51,9,121,-48,-13.0
"[719.9176797181452, 441.66895963914726, 743.9150246888483, 466.8136892534051]","(731, 454)",-43,-44,7,122,-60,-12.0
"[729.9805122344771, 405.5611488452505, 753.9778572051803, 430.7058784595083]","(741, 418)",-36,-37,7,123,-51,9.0
"[737.7513275146484, 377.6776351928711, 761.7486724853516, 402.8223648071289]","(749, 390)",-28,-29,8,124,-44,7.0
"[743.5281982421875, 363.4905700683594, 765.2598876953125, 387.7366638183594]","(754, 375)",-15,-15,14,125,-35,9.0
"[752.2423706054688, 345.3931579589844, 767.640625, 363.3023376464844]","(759, 354)",-21,-21,-6,126,-29,6.0
"[750.3587036132812, 322.1763610839844, 781.4200439453125, 357.4990539550781]","(765, 339)",-15,-16,5,127,-24,5.0
"[759.1701049804688, 318.4341735839844, 781.220947265625, 340.61199951171875]","(770, 329)",-10,-11,5,128,-18,6.0
"[759.9135131835938, 308.6136779785156, 783.6926879882812, 333.7797546386719]","(771, 321)",-8,-8,3,129,-14,4.0
"[765.906005859375, 307.28350830078125, 784.6375122070312, 327.1855163574219]","(775, 317)",-4,-5,3,130,-12,2.0
"[770.2322387695312, 306.55682373046875, 785.7097778320312, 323.9264831542969]","(777, 315)",-2,-2,3,131,-8,4.0
"[772.185791015625, 305.4335632324219, 786.8953857421875, 321.47882080078125]","(779, 313)",-2,-2,0,132,-6,2.0
"[773.191650390625, 305.0757751464844, 787.7941284179688, 320.9098815917969]","(780, 312)",-1,-1,1,133,-4,2.0
"[772.8424072265625, 305.89739990234375, 788.373779296875, 322.74383544921875]","(780, 314)",2,2,3,134,-2,2.0
"[774.2340698242188, 307.33526611328125, 791.8837890625, 325.9324951171875]","(783, 316)",2,3,1,135,0,2.0
"[773.6530151367188, 309.7884216308594, 796.1665649414062, 333.8041076660156]","(784, 321)",5,5,2,136,1,1.0
"[775.5562133789062, 306.865478515625, 794.1926879882812, 326.12249755859375]","(784, 316)",-5,-5,-10,137,1,0.0
"[774.4949733731421, 278.08786774043017, 797.3837062832984, 302.19640350703173]","(785, 290)",-26,-26,-21,138,-4,-5.0
"[773.8580932617188, 261.5993957519531, 800.9990844726562, 290.5594482421875]","(787, 276)",-14,-14,12,139,-7,-3.0
"[774.5392456054688, 244.21133422851562, 804.9636840820312, 276.7833251953125]","(789, 260)",-16,-16,-2,140,-11,-4.0
"[774.0562133789062, 227.90753173828125, 805.6422729492188, 263.2705993652344]","(789, 245)",-15,-15,1,141,-15,-4.0
"[778.406982421875, 221.96617126464844, 805.5677490234375, 247.3893585205078]","(791, 234)",-11,-11,4,142,-16,-1.0
"[777.9050903320312, 209.17391967773438, 803.1685180664062, 235.35736083984375]","(790, 222)",-12,-12,-1,143,-14,2.0
"[778.8004760742188, 201.7349395751953, 806.0245971679688, 229.94796752929688]","(792, 215)",-7,-7,5,144,-12,2.0
"[791.7729623166914, 207.74637091678008, 816.6330087034102, 232.78169501345977]","(804, 220)",5,13,20,145,-6,6.0
"[802.809093055098, 212.50705476472018, 827.6691394418167, 237.54237886139987]","(815, 225)",5,12,-1,146,-1,5.0
"[812.5387538863837, 216.70416335860813, 837.3988002731024, 241.73948745528782]","(824, 229)",4,9,-3,147,3,4.0
"[820.755022230417, 220.2484359776029, 845.6150686171358, 245.28376007428258]","(833, 232)",3,9,0,148,7,4.0
"[827.0998663376978, 222.98542755329265, 851.9599127244165, 248.02075164997234]","(839, 235)",3,6,-3,149,10,3.0
"[832.6604614257812, 226.84913635253906, 855.1564331054688, 248.70675659179688]","(843, 237)",2,4,-2,150,8,-2.0
"[846.3762817382812, 237.39349365234375, 866.9163208007812, 260.1425476074219]","(856, 248)",11,17,13,151,9,1.0
"[860.1090087890625, 253.18560791015625, 879.5343017578125, 272.4668884277344]","(869, 262)",14,19,2,152,11,2.0
"[877.7032117022919, 274.31135807121774, 900.3956555499482, 297.9895502098896]","(889, 286)",24,31,12,153,15,4.0
"[893.1859741280574, 292.96104917498064, 915.8784179757137, 316.6392413136525]","(904, 304)",18,23,-8,154,19,4.0
"[900.4398193359375, 301.3402404785156, 926.3994140625, 329.41534423828125]","(913, 315)",11,14,-9,155,21,2.0
"[920.0233154296875, 330.1015319824219, 938.322509765625, 348.86993408203125]","(929, 339)",24,28,14,156,23,2.0
"[930.6690673828125, 348.12744140625, 952.0279541015625, 368.71142578125]","(941, 358)",19,22,-6,157,24,1.0
"[954.0603369888278, 391.0308288388606, 977.435398023984, 414.8579772763606]","(965, 402)",44,50,28,158,27,3.0
"[975.8785233480164, 430.6546615371574, 999.2535843831727, 454.4818099746574]","(987, 442)",40,45,-5,159,32,5.0
"[994.3030169676499, 464.11523615672166, 1017.6780780028062, 487.94238459422166]","(1005, 476)",34,38,-7,160,37,5.0
"[1008.5309529207226, 489.9544761634513, 1031.9060139558787, 513.7816246009513]","(1020, 501)",25,29,-9,161,37,0.0
"[1015.8167724609375, 503.03173828125, 1041.2080078125, 530.10205078125]","(1028, 516)",15,17,-12,162,36,-1.0
"[1038.80029296875, 549.4841918945312, 1061.1160888671875, 573.5310668945312]","(1049, 561)",45,49,32,163,36,0.0
"[1060.4569091796875, 594.5914916992188, 1076.4932861328125, 611.81787109375]","(1068, 603)",42,46,-3,164,36,0.0
"[1083.9937744140625, 636.2703247070312, 1098.0062255859375, 652.421875]","(1091, 644)",41,47,1,165,38,2.0
"[1096.2073974609375, 634.8762817382812, 1117.80908203125, 657.0913696289062]","(1107, 645)",1,16,-31,166,35,-3.0
"[1113.646728515625, 640.557373046875, 1133.47705078125, 660.4409790039062]","(1123, 650)",5,16,0,167,35,0.0
"[1131.88671875, 645.7396240234375, 1151.7762451171875, 667.430419921875]","(1141, 656)",6,18,2,168,29,-6.0
"[1153.5234375, 657.19189453125, 1168.6376953125, 674.868896484375]","(1161, 666)",10,22,4,169,24,-5.0
"[1167.98046875, 666.8377685546875, 1191.0693359375, 691.76513671875]","(1179, 679)",13,22,0,170,19,-5.0
"[1190.4716796875, 680.2244262695312, 1212.98779296875, 702.8883056640625]","(1201, 691)",12,25,3,171,21,2.0
"[1206.6873779296875, 694.9984130859375, 1232.132080078125, 721.1958618164062]","(1219, 708)",17,24,-1,172,22,1.0
"[1230.4952392578125, 718.0426025390625, 1252.668212890625, 742.0689697265625]","(1241, 730)",22,31,7,173,25,3.0
"[1253.171630859375, 741.1810913085938, 1272.9990234375, 764.1412353515625]","(1263, 752)",22,31,0,174,27,2.0
"[1206.6804894269135, 662.40111437468, 1226.3630455792572, 683.9374302926487]","(1216, 673)",-79,-91,-122,175,4,-23.0
"[1170.7886310762754, 601.5257075642841, 1190.471187228619, 623.0620234822528]","(1180, 612)",-61,-70,21,176,-15,-19.0
"[1151.7286376953125, 569.212890625, 1171.266357421875, 589.3253784179688]","(1161, 579)",-33,-38,32,177,-27,-12.0
"[1105.633544921875, 500.9700012207031, 1126.38818359375, 524.564208984375]","(1116, 512)",-67,-80,-42,178,-50,-23.0
"[1068.6184763781027, 454.8901499135203, 1089.7805247179465, 477.28384193012187]","(1079, 466)",-46,-59,21,179,-68,-18.0
"[1037.5420818423718, 416.11864815941806, 1058.7041301822155, 438.5123401760196]","(1048, 427)",-39,-49,10,180,-59,9.0
"[1013.5439758300781, 386.1781539916992, 1034.7060241699219, 408.5718460083008]","(1024, 397)",-30,-38,11,181,-53,6.0
"[1001.0467529296875, 371.0926208496094, 1022.6162109375, 392.2857971191406]","(1011, 381)",-16,-20,18,182,-49,4.0
"[974.9920043945312, 346.4912109375, 998.8834228515625, 370.24566650390625]","(986, 358)",-23,-33,-13,183,-40,9.0
"[957.4484252929688, 332.86224365234375, 977.2410278320312, 354.0619201660156]","(967, 343)",-15,-24,9,184,-33,7.0
"[943.3707885742188, 322.14825439453125, 957.2137451171875, 338.71783447265625]","(950, 330)",-13,-21,3,185,-27,6.0
"[920.6277465820312, 308.389404296875, 941.8328247070312, 331.5933837890625]","(931, 319)",-11,-21,0,186,-24,3.0
"[905.1663818359375, 301.0418701171875, 926.5862426757812, 322.8518371582031]","(915, 311)",-8,-17,4,187,-23,1.0
"[894.2199096679688, 298.21356201171875, 908.892333984375, 316.2496337890625]","(901, 307)",-4,-14,3,188,-19,4.0
"[873.6661019697538, 296.05688086412806, 894.1989083662381, 317.3742026414718]","(883, 306)",-1,-18,-4,189,-18,1.0
"[858.6190768944512, 295.80609711287303, 879.1518832909355, 317.1234188902168]","(868, 306)",0,15,33,190,-11,7.0
"[845.912529570566, 295.5943213241416, 866.4453359670504, 316.91164310148537]","(856, 306)",0,12,-3,191,-4,7.0
"[836.1001599477573, 295.4307818304281, 856.6329663442417, 316.74810360777184]","(846, 306)",0,10,-2,192,1,5.0
"[827.8225708007812, 294.3569030761719, 854.2157592773438, 318.9554748535156]","(841, 306)",0,5,-5,193,5,4.0
"[821.466796875, 305.30133056640625, 835.5289306640625, 320.6351623535156]","(828, 312)",6,14,9,194,11,6.0
"[808.7933959960938, 305.5443420410156, 830.7799682617188, 329.2033996582031]","(819, 317)",5,10,-4,195,10,-1.0
"[797.4065551757812, 295.7423400878906, 829.3342895507812, 332.3064880371094]","(813, 314)",-3,-6,-16,196,7,-3.0
"[790.4169360211782, 275.45784420076143, 818.2676440289907, 306.06392330232393]","(804, 290)",-24,-25,-19,197,0,-7.0
"[783.7311977009614, 257.51191502544236, 811.5819057087739, 288.11799412700486]","(797, 272)",-18,-19,6,198,-5,-5.0
"[782.7802734375, 251.4473876953125, 806.553955078125, 276.09539794921875]","(794, 263)",-9,-9,10,199,-10,-5.0
"[774.7024536132812, 237.8655548095703, 798.2743530273438, 262.94573974609375]","(786, 250)",-13,-15,-6,200,-15,-5.0
"[775.2885131835938, 230.65576171875, 788.0502319335938, 244.94888305664062]","(781, 237)",-13,-13,2,201,-16,-1.0
"[766.976559448965, 215.43289261026877, 784.6802948005275, 235.29502945108908]","(775, 225)",-12,-13,0,202,-14,2.0
"[761.6795654296875, 206.5869140625, 784.3253173828125, 232.01806640625]","(773, 219)",-6,-6,7,203,-11,3.0
"[761.7845458984375, 203.572509765625, 783.69091796875, 226.52088928222656]","(772, 215)",-4,-4,2,204,-10,1.0
"[774.065185546875, 211.2345428466797, 789.8155517578125, 228.8525848388672]","(781, 220)",5,10,14,205,-5,5.0
"[790.7344079770884, 228.28604394904858, 808.4247766294321, 247.2216213416267]","(799, 237)",17,24,14,206,2,7.0
"[807.823470726995, 244.6155927989592, 825.5138393793387, 263.5511701915373]","(816, 254)",17,24,0,207,10,8.0
"[823.2784698785933, 259.38370309937545, 840.9688385309371, 278.3192804919536]","(832, 268)",14,21,-3,208,15,5.0
"[836.9038883750918, 272.4035474404741, 854.5942570274356, 291.3391248330522]","(845, 281)",13,18,-3,209,19,4.0
"[848.4099518040463, 283.3982302725861, 866.10032045639, 302.3338076651642]","(857, 292)",11,16,-2,210,21,2.0
"[857.2952724494238, 291.888647778169, 874.9856411017676, 310.8242251707471]","(866, 301)",9,12,-4,211,18,-3.0
"[861.3180541992188, 296.8468322753906, 880.9484252929688, 317.0999450683594]","(871, 306)",5,7,-5,212,15,-3.0
"[872.6753540039062, 307.2160339355469, 902.4592895507812, 345.11602783203125]","(887, 326)",20,25,18,213,16,1.0
"[890.4113159179688, 333.6330261230469, 910.6349487304688, 356.2302551269531]","(900, 344)",18,22,-3,214,16,0.0
"[901.673583984375, 353.40875244140625, 926.6788330078125, 380.883544921875]","(914, 367)",23,26,4,215,18,2.0
"[923.7104174949534, 399.75474766685585, 946.3894030906565, 423.5651419539652]","(935, 411)",44,48,22,216,26,8.0
"[942.2684150878266, 439.1277966138976, 964.9474006835297, 462.938190901007]","(953, 451)",40,43,-5,217,33,7.0
"[957.9398234539516, 472.37659544473047, 980.6188090496547, 496.18698973183984]","(969, 484)",33,36,-7,218,35,2.0
"[970.0417459887491, 498.05229595774665, 992.7207315844522, 521.862690244856]","(981, 509)",25,27,-9,219,36,1.0
"[978.3241577148438, 514.1511840820312, 998.6768798828125, 534.2971801757812]","(988, 524)",15,16,-11,220,34,-2.0
"[992.3096923828125, 549.7805786132812, 1018.611328125, 577.2393798828125]","(1005, 563)",39,42,26,221,33,-1.0
"[1011.4015502929688, 596.2706298828125, 1029.9793701171875, 616.1347045898438]","(1020, 606)",43,45,3,222,33,0.0
"[1026.8411865234375, 629.7730102539062, 1048.3026123046875, 652.4857788085938]","(1037, 641)",35,38,-7,223,34,1.0
"[1039.8116455078125, 627.0977783203125, 1069.453857421875, 654.3651123046875]","(1054, 640)",-1,-17,-55,224,25,-9.0
"[1062.0400390625, 634.454345703125, 1076.314208984375, 651.6767578125]","(1069, 643)",3,15,32,225,25,0.0
"[1072.1134033203125, 635.7744140625, 1093.8907470703125, 658.15283203125]","(1083, 646)",3,14,-1,226,19,-6.0
"[1088.1328125, 644.526123046875, 1109.74072265625, 667.7761840820312]","(1098, 656)",10,18,4,227,14,-5.0
"[1099.1839599609375, 647.4859008789062, 1131.7962646484375, 684.6515502929688]","(1115, 666)",10,19,1,228,10,-4.0
"[1118.38671875, 664.9456787109375, 1142.5416259765625, 690.9589233398438]","(1130, 677)",11,18,-1,229,17,7.0
"[1138.497802734375, 682.0283203125, 1157.8106689453125, 700.3707275390625]","(1148, 691)",14,22,4,230,18,1.0
"[1150.2239990234375, 694.5223388671875, 1178.392822265625, 724.7576293945312]","(1164, 709)",18,24,2,231,20,2.0
"[1166.3819580078125, 717.3259887695312, 1191.453125, 743.8390502929688]","(1178, 730)",21,25,1,232,22,2.0
"[1188.10107421875, 744.6989135742188, 1215.1212158203125, 771.3345336914062]","(1201, 758)",28,36,11,233,25,3.0
"[1196.8031429280834, 754.7207614886937, 1219.4186824788646, 778.0868503558812]","(1208, 766)",8,10,-26,234,23,-2.0
"[1203.3966064453125, 760.9940185546875, 1221.6075439453125, 781.090576171875]","(1212, 771)",5,6,-4,235,20,-3.0
"[1016.2950439453125, 706.7120361328125, 1035.440185546875, 726.7615966796875]","(1025, 716)",-55,-194,-200,236,-23,-43.0
"[1110.82373046875, 596.1078491210938, 1131.853759765625, 619.4249267578125]","(1121, 607)",-109,-145,49,237,-57,-34.0
"[1079.63232421875, 544.3258666992188, 1097.359130859375, 563.0597534179688]","(1088, 553)",-54,-63,82,238,-77,-20.0
"[1046.068359375, 491.586181640625, 1069.5260009765625, 517.0936889648438]","(1057, 504)",-49,-57,6,239,-91,-14.0
"[1015.8054786039497, 454.88342933410564, 1040.290158779731, 479.89865760559]","(1028, 467)",-37,-47,10,240,-101,-10.0
"[989.6217174402793, 421.7750371188859, 1014.1063976160606, 446.7902653903703]","(1001, 434)",-33,-42,5,241,-71,30.0
"[966.5376201738954, 392.5860546250287, 991.0223003496767, 417.60128289651306]","(978, 405)",-29,-37,5,242,-49,22.0
"[947.0441207694242, 367.93724959292877, 971.5288009452055, 392.95247786441314]","(959, 380)",-25,-31,6,243,-43,6.0
"[931.9906671031306, 348.9027172710863, 956.4753472789118, 373.9179455425707]","(944, 361)",-19,-24,7,244,-36,7.0
"[924.1116943359375, 339.4151916503906, 949.6234130859375, 363.9381408691406]","(936, 351)",-10,-12,12,245,-29,7.0
"[909.7940063476562, 329.7505187988281, 928.1690063476562, 348.7009582519531]","(918, 339)",-12,-21,-9,246,-25,4.0
"[893.9967041015625, 314.2987365722656, 924.6123046875, 345.5797424316406]","(909, 329)",-10,-13,8,247,-20,5.0
"[881.0025024414062, 309.9469299316406, 904.5489501953125, 335.2623596191406]","(892, 322)",-7,-18,-5,248,-18,2.0
"[871.8048706054688, 307.9457702636719, 891.0401000976562, 328.065673828125]","(881, 318)",-4,-11,7,249,-15,3.0
"[860.7462158203125, 306.8101806640625, 880.0228271484375, 326.90911865234375]","(870, 316)",-2,-11,0,250,-15,0.0
"[849.478271484375, 304.2738952636719, 869.3538208007812, 324.2198486328125]","(859, 314)",-2,-11,0,251,-13,2.0
"[842.9960327148438, 307.5209655761719, 857.989990234375, 324.04998779296875]","(850, 315)",1,9,20,252,-8,5.0
"[830.4376831054688, 303.45501708984375, 854.3206787109375, 329.74908447265625]","(842, 316)",1,8,-1,253,-3,5.0
"[823.6148071289062, 308.04937744140625, 843.4462280273438, 329.0045166015625]","(833, 318)",2,9,1,254,1,4.0
"[814.6472778320312, 309.66058349609375, 836.27880859375, 332.8258056640625]","(825, 321)",3,8,-1,255,5,4.0
"[805.9465942382812, 305.41754150390625, 830.4298095703125, 332.2576904296875]","(818, 318)",-3,-7,-15,256,5,0.0
"[797.7838021068832, 282.91244095991823, 822.09407432368, 308.9269596977112]","(809, 295)",-23,-24,-17,257,-1,-6.0
"[790.9765918752469, 264.2666042384798, 815.2868640920437, 290.28112297627274]","(803, 277)",-18,-18,6,258,-6,-5.0
"[785.7198638916016, 249.86774063110352, 810.0301361083984, 275.8822593688965]","(797, 262)",-15,-16,2,259,-11,-5.0
"[783.7244262695312, 242.52662658691406, 807.8617553710938, 267.71551513671875]","(795, 255)",-7,-7,9,260,-14,-3.0
"[780.898681640625, 227.93930053710938, 805.950439453125, 255.78634643554688]","(793, 241)",-14,-14,-7,261,-16,-2.0
"[777.7890014648438, 224.0646514892578, 796.2991333007812, 243.72679138183594]","(787, 233)",-8,-10,4,262,-13,3.0
"[772.5983276367188, 212.00564575195312, 792.4671020507812, 234.49063110351562]","(782, 223)",-10,-11,-1,263,-12,1.0
"[774.4129028320312, 211.16693115234375, 791.7756958007812, 230.7861328125]","(783, 220)",-3,-3,8,264,-9,3.0
"[788.1075070026828, 227.47694204079562, 803.6672604206516, 244.83227346169406]","(795, 236)",16,20,23,265,-4,5.0
"[800.1042705394942, 242.51513858693949, 815.664023957463, 259.8704700078379]","(807, 251)",15,19,-1,266,3,7.0
"[811.1386054985227, 256.34691057783425, 826.6983589164914, 273.7022419987327]","(818, 265)",14,17,-2,267,8,5.0
"[821.1178325588932, 268.85608252674945, 836.6775859768619, 286.2114139476479]","(828, 277)",12,15,-2,268,14,6.0
"[829.9157071906151, 279.8844042482036, 845.4754606085838, 297.23973566910206]","(837, 288)",11,14,-1,269,17,3.0
"[837.3451232910156, 289.1973342895508, 852.9048767089844, 306.5526657104492]","(845, 297)",9,12,-2,270,15,-2.0
"[843.0823369495004, 296.38905281920063, 858.6420903674691, 313.74438424009907]","(850, 305)",8,9,-3,271,13,-2.0
"[847.3969116210938, 301.5042419433594, 861.1536254882812, 316.595703125]","(854, 309)",4,5,-4,272,11,-2.0
"[854.6737060546875, 315.5105895996094, 877.7993774414062, 339.4126281738281]","(866, 327)",18,21,16,273,12,1.0
"[860.7237548828125, 334.6683654785156, 887.8944091796875, 364.3062744140625]","(874, 349)",22,23,2,274,14,2.0
"[871.1568603515625, 358.4263916015625, 897.2149658203125, 385.4127502441406]","(884, 371)",22,24,1,275,16,2.0
"[888.7953108252963, 402.64790983807995, 911.4489363135775, 426.97232695233777]","(900, 414)",43,45,21,276,24,8.0
"[902.4097312885688, 439.64361761871186, 925.06335677685, 463.96803473296967]","(913, 451)",37,39,-6,277,30,6.0
"[912.9231872558594, 468.2127914428711, 935.5768127441406, 492.5372085571289]","(924, 480)",29,31,-8,278,32,2.0
"[920.8515014648438, 485.2569580078125, 940.1006469726562, 506.91943359375]","(930, 496)",16,17,-14,279,31,-1.0
"[926.7568359375, 514.237548828125, 949.29345703125, 537.5137329101562]","(938, 525)",29,30,13,280,32,1.0
"[941.2617109717806, 552.449105930532, 966.9825361670931, 577.4605500223289]","(954, 564)",39,42,12,281,32,0.0
"[954.8761314350531, 586.1891914264684, 980.5969566303656, 611.2006355182652]","(967, 598)",34,36,-6,282,31,-1.0
"[965.3895874023438, 612.2442779541016, 991.1104125976562, 637.2557220458984]","(978, 624)",26,28,-8,283,31,0.0
"[969.799072265625, 625.9237060546875, 998.7041015625, 652.67041015625]","(984, 639)",15,16,-12,284,30,-1.0
"[984.9064331054688, 634.6653442382812, 1000.9644165039062, 652.5020751953125]","(992, 643)",4,8,-8,285,26,-4.0
"[994.3551635742188, 637.2032470703125, 1014.7739868164062, 656.88671875]","(1004, 647)",4,12,4,286,20,-6.0
"[1002.2319946289062, 645.3168334960938, 1024.5404052734375, 669.3681030273438]","(1013, 657)",10,13,1,287,15,-5.0
"[1017.8904418945312, 659.37109375, 1035.3564453125, 676.2596435546875]","(1026, 667)",10,16,3,288,13,-2.0
"[1023.0770874023438, 668.9488525390625, 1048.0672607421875, 695.3860473632812]","(1035, 682)",15,17,1,289,13,0.0
"[1039.394287109375, 688.7862548828125, 1056.8529052734375, 707.1643676757812]","(1048, 697)",15,19,2,290,15,2.0
"[1049.5301513671875, 707.9083862304688, 1070.72802734375, 728.3722534179688]","(1060, 718)",21,24,5,291,18,3.0
"[1065.015869140625, 733.342041015625, 1080.989990234375, 749.4093627929688]","(1073, 741)",23,26,2,292,20,2.0
"[1072.753173828125, 755.0476684570312, 1094.2164306640625, 776.5870971679688]","(1083, 765)",24,26,0,293,22,2.0
"[1088.34326171875, 786.4373168945312, 1108.3121337890625, 807.3424682617188]","(1098, 796)",31,34,8,294,26,4.0
"[1100.8205570201976, 740.7191818298738, 1122.330200574885, 763.3640792908113]","(1111, 752)",-44,-45,-79,295,13,-13.0
"[1108.0057373046875, 716.2755126953125, 1131.05615234375, 740.66015625]","(1119, 728)",-24,-25,20,296,3,-10.0
"[1115.50927734375, 651.7556762695312, 1142.12548828125, 680.2218017578125]","(1128, 665)",-63,-63,-38,297,-15,-18.0
"[1121.72900390625, 590.2052612304688, 1143.5994873046875, 612.1036376953125]","(1132, 601)",-64,-64,-1,298,-33,-18.0
"[1128.2373046875, 531.2802124023438, 1150.9892578125, 555.0681762695312]","(1139, 543)",-58,-58,6,299,-51,-18.0
"[1135.449462890625, 495.54925537109375, 1150.1343994140625, 511.2749938964844]","(1142, 503)",-40,-40,18,300,-50,1.0
"[1138.5637632796906, 451.08935271542305, 1155.9506651351594, 468.69233428280586]","(1147, 459)",-44,-44,-4,301,-54,-4.0
"[1143.0032482133665, 414.6855762592813, 1160.3901500688353, 432.2885578266641]","(1151, 423)",-36,-36,8,302,-48,6.0
"[1146.4315490722656, 386.5735092163086, 1163.8184509277344, 404.1764907836914]","(1155, 395)",-28,-28,8,303,-41,7.0
"[1147.318603515625, 370.9573059082031, 1167.407470703125, 390.4375305175781]","(1157, 380)",-15,-15,13,304,-33,8.0
"[1151.07275390625, 354.2802429199219, 1170.1168212890625, 373.8258361816406]","(1160, 364)",-16,-16,-1,305,-28,5.0
"[1151.1590576171875, 334.4173278808594, 1175.4898681640625, 359.5089111328125]","(1163, 346)",-18,-18,-2,306,-23,5.0
"[1156.18701171875, 329.532470703125, 1170.043701171875, 344.52899169921875]","(1163, 337)",-9,-9,9,307,-17,6.0
"[1152.1231689453125, 311.1164855957031, 1181.9627685546875, 341.49542236328125]","(1167, 326)",-11,-11,-2,308,-14,3.0
"[1157.710205078125, 308.9901123046875, 1177.2281494140625, 329.8460388183594]","(1167, 319)",-7,-7,4,309,-12,2.0
"[1159.8282470703125, 305.9241027832031, 1177.66162109375, 324.3226318359375]","(1168, 315)",-4,-4,3,310,-10,2.0
"[1161.8997802734375, 301.5133972167969, 1182.5687255859375, 321.8426513671875]","(1172, 311)",-4,-5,-1,311,-7,3.0
"[1162.4842529296875, 299.8919372558594, 1186.0096435546875, 323.0539855957031]","(1174, 311)",0,2,7,312,-5,2.0
"[1162.5660400390625, 299.315185546875, 1186.823486328125, 323.1129455566406]","(1174, 311)",0,0,-2,313,-3,2.0
"[1162.538818359375, 297.4465026855469, 1189.582763671875, 327.8109130859375]","(1176, 312)",1,2,2,314,-1,2.0
"[1162.730712890625, 300.5932922363281, 1189.8372802734375, 331.3284606933594]","(1176, 315)",3,3,1,315,0,1.0
"[1163.5394287109375, 305.51849365234375, 1190.2391357421875, 335.1568908691406]","(1176, 320)",5,5,2,316,2,2.0
"[1162.75390625, 309.88421630859375, 1191.677978515625, 349.0029602050781]","(1177, 329)",9,9,4,317,4,2.0
"[1167.3721923828125, 318.9158935546875, 1189.209716796875, 340.76092529296875]","(1178, 329)",0,1,-8,318,4,0.0
"[1166.8521728515625, 298.47125244140625, 1190.4310302734375, 324.0296630859375]","(1178, 311)",-18,-18,-19,319,0,-4.0
"[1166.7049488066723, 276.90499382317176, 1190.587944412141, 302.42952995598426]","(1178, 289)",-22,-22,-4,320,-5,-5.0
"[1167.272705078125, 266.1900634765625, 1191.4598388671875, 291.68072509765625]","(1179, 278)",-11,-11,11,321,-8,-3.0
"[1167.6505126953125, 251.50282287597656, 1189.835205078125, 274.0908508300781]","(1178, 262)",-16,-16,-5,322,-13,-5.0
"[1166.63720703125, 237.95635986328125, 1191.972412109375, 267.87176513671875]","(1179, 252)",-10,-10,6,323,-15,-2.0
"[1168.05810546875, 229.1732940673828, 1190.1783447265625, 251.7315216064453]","(1179, 240)",-12,-12,-2,324,-14,1.0
"[1167.7861633300781, 216.69650345011252, 1190.2138366699219, 240.03141861124533]","(1179, 228)",-12,-12,0,325,-12,2.0
"[1168.4481201171875, 210.25062561035156, 1191.1832275390625, 234.3622283935547]","(1179, 222)",-6,-6,6,326,-11,1.0
"[1168.7222900390625, 205.43902587890625, 1191.1097412109375, 228.19509887695312]","(1179, 216)",-6,-6,0,327,-9,2.0
"[848.6983032226562, 731.5748291015625, 866.774658203125, 750.0521850585938]","(857, 740)",524,615,621,328,116,125.0
"[923.1914022018348, 587.8834859160489, 939.2958028366004, 605.3826009062833]","(931, 596)",-144,-161,-776,329,86,-30.0
"[988.6459612794009, 461.4884752835074, 1004.7503619141665, 478.9875902737418]","(996, 470)",-126,-141,20,330,60,-26.0
"[1043.9194421383013, 354.7534777628719, 1060.023842773067, 372.2525927531063]","(1051, 363)",-107,-120,21,331,37,-23.0
"[1086.6032499975195, 272.32957293127856, 1102.707650632285, 289.82868792151294]","(1094, 281)",-82,-92,28,332,20,-17.0
"[1111.6356201171875, 227.82591247558594, 1125.76806640625, 244.34678649902344]","(1118, 236)",-45,-51,41,333,-113,-133.0
"[1091.4954833984375, 231.02203369140625, 1118.2955322265625, 260.2313232421875]","(1104, 245)",9,16,67,334,-78,35.0
"[1076.2442626953125, 250.6787109375, 1095.059814453125, 269.1500244140625]","(1085, 259)",14,23,7,335,-45,33.0
"[1060.3775634765625, 260.19818115234375, 1077.971435546875, 279.0281982421875]","(1069, 269)",10,18,-5,336,-17,28.0
"[1039.9193115234375, 269.1107482910156, 1069.941650390625, 296.24395751953125]","(1054, 282)",13,19,1,337,5,22.0
"[1015.9836658513018, 294.0943214382173, 1041.5934986149737, 319.0356208766939]","(1028, 306)",24,35,16,338,22,17.0
"[1004.9474487304688, 309.1934814453125, 1026.144775390625, 331.94287109375]","(1015, 320)",14,19,-16,339,23,1.0
"[989.2139282226562, 331.1589660644531, 1004.8339233398438, 347.4441833496094]","(997, 339)",19,26,7,340,23,0.0
"[967.4859008789062, 342.1026611328125, 997.834716796875, 370.4710998535156]","(982, 356)",17,22,-4,341,24,1.0
"[940.1670821688632, 385.82453269703706, 963.5277694247226, 408.66835899098237]","(951, 397)",41,51,29,342,31,7.0
"[913.5840045358286, 422.1881766290183, 936.944691791688, 445.0320029229636]","(925, 433)",36,44,-7,343,32,1.0
"[891.1357709302981, 452.8956659950741, 914.4964581861575, 475.73949228901944]","(902, 464)",31,38,-6,344,36,4.0
"[873.8005845966694, 476.6088925835286, 897.1612718525288, 499.4527188774739]","(885, 488)",24,29,-9,345,37,1.0
"[867.9863891601562, 492.4684753417969, 884.3589477539062, 509.7876892089844]","(876, 501)",13,15,-14,346,35,-2.0
"[842.8037109375, 524.842041015625, 861.3966064453125, 545.1173095703125]","(852, 534)",33,40,25,347,33,-2.0
"[822.9946899414062, 563.4293212890625, 837.6416625976562, 579.8125]","(830, 571)",37,43,3,348,33,0.0
"[800.0315551757812, 592.498291015625, 816.251953125, 609.265625]","(808, 600)",29,36,-7,349,33,0.0
"[778.4445190429688, 592.8729858398438, 801.4092407226562, 616.9356079101562]","(789, 604)",4,19,-17,350,31,-2.0
"[758.0597534179688, 593.9426879882812, 782.5347290039062, 620.3778076171875]","(770, 607)",3,19,0,351,31,0.0
"[737.5944213867188, 597.6925048828125, 762.3544311523438, 624.5918579101562]","(749, 611)",4,21,2,352,28,-3.0
"[725.0953369140625, 610.1702270507812, 739.7135620117188, 627.8988037109375]","(732, 619)",8,18,-3,353,23,-5.0
"[695.3951625864629, 625.7019897439255, 710.4246425669317, 643.3274475075974]","(702, 634)",15,33,15,354,22,-1.0
"[679.9796142578125, 634.5792846679688, 695.4203491210938, 652.1016235351562]","(687, 643)",9,17,-16,355,22,0.0
"[655.30859375, 644.81689453125, 678.5928344726562, 669.7305908203125]","(666, 657)",14,25,8,356,23,1.0
"[634.5252685546875, 660.260986328125, 656.7927856445312, 682.2779541015625]","(645, 671)",14,25,0,357,24,1.0
"[609.5208129882812, 677.3546142578125, 636.96923828125, 703.5128173828125]","(623, 690)",19,29,4,358,26,2.0
"[581.5654279425295, 714.1208412122489, 602.991590662256, 735.8558875989677]","(592, 724)",34,46,17,359,28,2.0
"[554.4807828069848, 744.9672426166192, 575.9069455267114, 766.7022890033379]","(565, 755)",31,41,-5,360,33,5.0
"[531.6089976239915, 771.0156646305837, 553.0351603437181, 792.7507110173025]","(542, 781)",26,34,-7,361,35,2.0
"[513.9467323029359, 791.1310223573416, 535.3728950226624, 812.8660687440604]","(524, 801)",20,26,-8,362,35,0.0
"[508.2942810058594, 804.8089599609375, 523.6981811523438, 822.120849609375]","(515, 813)",12,15,-11,363,32,-3.0
"[572.2498882197033, 728.5855671029237, 596.0896861933361, 753.9032856087831]","(584, 741)",-72,-99,-114,364,3,-29.0
"[606.0219116210938, 685.9237060546875, 638.297607421875, 719.2472534179688]","(622, 702)",-39,-54,45,365,-16,-19.0
"[646.7051391601562, 646.4468383789062, 676.4951171875, 678.21533203125]","(661, 662)",-40,-55,-1,366,-33,-17.0
"[697.2694702148438, 602.3509521484375, 718.7420043945312, 626.9593505859375]","(708, 614)",-48,-67,-12,367,-52,-19.0
"[723.7868041992188, 574.305908203125, 747.38232421875, 598.9345092773438]","(735, 586)",-28,-38,29,368,-63,-11.0
"[756.8955688476562, 538.783447265625, 781.921142578125, 565.3815307617188]","(769, 552)",-34,-48,-10,369,-52,11.0
"[788.2219848632812, 515.7884521484375, 806.9924926757812, 535.0401611328125]","(797, 525)",-27,-38,10,370,-49,3.0
"[816.2735595703125, 490.603271484375, 833.69970703125, 509.07733154296875]","(824, 499)",-26,-37,1,371,-46,3.0
"[839.838017766663, 467.2965027467313, 861.9580739190068, 489.4793182984891]","(850, 478)",-21,-33,4,372,-39,7.0
"[865.2802894086404, 447.79997936891164, 887.4003455609842, 469.98279492066945]","(876, 458)",-20,-32,1,373,-38,1.0
"[889.1781605062392, 429.48693684303436, 911.298216658583, 451.66975239479217]","(900, 440)",-18,-30,2,374,-34,4.0
"[911.4244996395684, 412.43947044195056, 933.5445557919121, 434.6222859937084]","(922, 423)",-17,-27,3,375,-32,2.0
"[931.8861480546658, 396.7596202977727, 954.0062042070095, 418.9424358495305]","(942, 407)",-16,-25,2,376,-29,3.0
"[950.3912447661496, 382.5790842308204, 972.5113009184934, 404.7618997825782]","(961, 393)",-14,-23,2,377,-27,2.0
"[966.705686749543, 370.07725640658964, 988.8257429018868, 392.26007195834745]","(977, 381)",-12,-20,3,378,-25,2.0
"[980.4825116094297, 359.5200156172199, 1002.6025677617735, 381.7028311689777]","(991, 370)",-11,-17,3,379,-22,3.0
"[991.1213810291183, 351.36740372495854, 1013.2414371814621, 373.55021927671635]","(1002, 362)",-8,-13,4,380,-20,2.0
"[995.5660400390625, 345.4001770019531, 1022.3800048828125, 371.291748046875]","(1008, 358)",-4,-7,6,381,-16,4.0
"[1014.6780395507812, 346.4918518066406, 1028.1497802734375, 363.0311279296875]","(1021, 354)",-4,-13,-6,382,-14,2.0
"[1019.2897338867188, 338.57586669921875, 1045.586181640625, 363.69830322265625]","(1032, 351)",-3,-11,2,383,-12,2.0
"[1028.920166015625, 334.3167419433594, 1052.8157958984375, 359.58062744140625]","(1040, 346)",-5,-9,2,384,-11,1.0
"[1039.8798828125, 333.3593444824219, 1062.8255615234375, 357.95416259765625]","(1051, 345)",-1,-11,-2,385,-10,1.0
"[1048.9993896484375, 332.3818664550781, 1071.74072265625, 356.5966491699219]","(1060, 344)",-1,-9,2,386,-11,-1.0
"[1059.7535400390625, 333.0892639160156, 1078.3018798828125, 353.50762939453125]","(1069, 343)",-1,-9,0,387,-10,1.0
"[1065.1619873046875, 327.8873596191406, 1093.7938232421875, 359.3063049316406]","(1079, 343)",0,10,19,388,-6,4.0
"[1074.2431640625, 333.1144714355469, 1097.102783203125, 357.5487976074219]","(1085, 345)",2,6,-4,389,-3,3.0
"[1081.2626953125, 334.5526428222656, 1105.921630859375, 360.2415466308594]","(1093, 347)",2,8,2,390,1,4.0
"[1089.2890625, 338.04400634765625, 1112.005126953125, 363.038818359375]","(1100, 350)",3,7,-1,391,4,3.0
"[1093.552490234375, 327.0724182128906, 1118.0333251953125, 354.4455871582031]","(1105, 340)",-10,-11,-18,392,4,0.0
"[1099.0167236328125, 321.1496887207031, 1118.1739501953125, 340.1990051269531]","(1108, 330)",-10,-10,1,393,0,-4.0
"[1103.67333984375, 308.9880065917969, 1122.2879638671875, 329.3944091796875]","(1112, 319)",-11,-11,-1,394,-3,-3.0
"[1110.210205078125, 302.3090515136719, 1123.7777099609375, 317.5043640136719]","(1116, 309)",-10,-10,1,395,-7,-4.0
"[1028.8098420258268, 398.0611845617498, 1043.8335236664518, 414.7080351476873]","(1036, 406)",97,125,135,396,17,24.0
"[956.7504001456427, 486.13383574864156, 971.7740817862677, 502.78068633457906]","(964, 494)",88,113,-12,397,41,24.0
"[893.2214382472476, 563.7803447355689, 908.2451198878726, 580.4271953215064]","(900, 572)",78,100,-13,398,63,22.0
"[839.5740390597359, 629.349388186972, 854.5977207003609, 645.9962387729095]","(847, 637)",65,83,-17,399,82,19.0
"[798.1459393004319, 679.9837323372326, 813.1696209410569, 696.6305829231701]","(805, 688)",51,66,-17,400,97,15.0
"[775.6261596679688, 707.4862060546875, 792.1060180664062, 725.5845947265625]","(783, 716)",28,35,-31,401,79,-18.0
"[786.1962986972468, 707.2039653877966, 802.7740269687312, 725.2745830635779]","(794, 716)",0,11,-24,402,59,-20.0
"[796.5832452745706, 707.4203601081575, 813.160973546055, 725.4909777839388]","(804, 716)",0,10,-1,403,41,-18.0
"[805.7405731157806, 707.6111377715162, 822.318301387265, 725.6817554472974]","(814, 716)",0,10,0,404,26,-15.0
"[813.4735315572239, 707.7722410723795, 830.0512598287082, 725.8428587481608]","(821, 716)",0,7,-3,405,15,-11.0
"[819.4451495405469, 707.8966497803654, 836.0228778120313, 725.9672674561466]","(827, 716)",0,6,-1,406,9,-6.0
"[823.5952758789062, 708.1047973632812, 840.2708740234375, 726.1476440429688]","(831, 717)",1,4,-2,407,7,-2.0
"[856.3579915989885, 621.3295218427104, 878.3088582982073, 643.3897482831401]","(867, 632)",-85,-92,-96,408,-13,-20.0
"[889.7766031988057, 543.4793470931364, 911.7274698980244, 565.5395735335661]","(900, 554)",-78,-84,8,409,-32,-19.0
"[919.9997126508204, 473.07323984696586, 941.9505793500391, 495.13346628739555]","(930, 484)",-70,-76,8,410,-48,-16.0
"[946.6449754884175, 411.0018889184726, 968.5958421876362, 433.0621153589023]","(957, 422)",-62,-67,9,411,-63,-15.0
"[969.145721749484, 358.58537774212454, 991.0965884487027, 380.6456041825542]","(980, 369)",-53,-57,10,412,-75,-12.0
"[986.5214599004444, 318.1078059131828, 1008.4723265996631, 340.1680323536125]","(997, 329)",-40,-43,14,413,-65,10.0
"[994.0983276367188, 293.9976501464844, 1021.324462890625, 320.07525634765625]","(1007, 307)",-22,-24,19,414,-53,12.0
"[986.0963745117188, 307.8135070800781, 1002.3689575195312, 325.7137145996094]","(994, 316)",9,15,39,415,-35,18.0
"[971.3209228515625, 311.95355224609375, 998.3383178710938, 338.5484619140625]","(984, 325)",9,13,-2,416,-19,16.0
"[963.6253662109375, 326.7226867675781, 977.2974853515625, 341.8018798828125]","(970, 334)",9,16,3,417,-5,14.0
"[945.2385864257812, 327.24969482421875, 974.4735717773438, 358.2933044433594]","(959, 342)",8,13,-3,418,7,12.0
"[934.5364379882812, 349.7579040527344, 953.6390991210938, 369.3316955566406]","(944, 359)",17,22,9,419,16,9.0
"[919.6428833007812, 357.5673522949219, 945.87109375, 384.73828125]","(932, 371)",12,16,-6,420,16,0.0
"[914.68359375, 375.6698303222656, 931.7808837890625, 393.9287414550781]","(923, 384)",13,15,-1,421,16,0.0
"[894.7196063928034, 402.589947884199, 913.7319049767877, 422.8706180502146]","(904, 412)",28,33,18,422,20,4.0
"[878.1678788099706, 427.9191067609583, 897.180177393955, 448.1997769269739]","(887, 438)",26,31,-2,423,23,3.0
"[864.1906767536968, 449.30846142283167, 883.2029753376812, 469.5891315888473]","(873, 459)",21,25,-6,424,24,1.0
"[853.3970701686072, 465.825950287893, 872.4093687525916, 486.10662045390865]","(862, 475)",16,19,-6,425,25,1.0
"[846.8963012695312, 473.89947509765625, 867.8236083984375, 496.201904296875]","(857, 485)",10,11,-8,426,24,-1.0
"[836.5559692382812, 497.5783996582031, 855.8095092773438, 517.5979614257812]","(846, 507)",22,24,13,427,22,-2.0
"[817.44140625, 509.24517822265625, 853.1407470703125, 549.3023071289062]","(835, 529)",22,24,0,428,21,-1.0
"[810.7672119140625, 549.1549682617188, 833.314453125, 573.2877197265625]","(822, 561)",32,34,10,429,22,1.0
"[799.9026489257812, 578.4069213867188, 819.9069213867188, 601.8499145507812]","(809, 590)",29,31,-3,430,25,3.0
"[787.34619140625, 609.6590576171875, 807.9378662109375, 630.2003784179688]","(797, 619)",29,31,0,431,29,4.0
"[771.6967163085938, 645.4537963867188, 795.1836547851562, 670.1768798828125]","(783, 657)",38,40,9,432,32,3.0
"[757.8324773914923, 665.0136209909174, 781.9973638661016, 690.5172831002924]","(769, 677)",20,24,-16,433,32,0.0
"[746.2964248337603, 683.3208348325355, 770.4613113083697, 708.8244969419105]","(758, 696)",19,21,-3,434,29,-3.0
"[736.5547385521149, 698.7804674099292, 760.7196250267243, 724.2841295193042]","(748, 711)",15,18,-3,435,27,-2.0
"[729.0319218412949, 710.7188504510132, 753.1968083159043, 736.2225125603882]","(741, 723)",12,13,-5,436,23,-4.0
"[724.9183349609375, 717.3359985351562, 749.7611694335938, 743.6202392578125]","(737, 730)",7,8,-5,437,17,-6.0
"[716.4788818359375, 718.3010864257812, 743.64599609375, 748.1531982421875]","(730, 733)",3,7,-1,438,13,-4.0
"[712.4876708984375, 728.2279052734375, 733.8187866210938, 749.7030639648438]","(723, 738)",5,8,1,439,11,-2.0
"[705.1951904296875, 733.3434448242188, 724.8262939453125, 753.1234130859375]","(715, 743)",5,9,1,440,9,-2.0
"[696.0599365234375, 740.029052734375, 716.4530639648438, 761.9498901367188]","(706, 750)",7,11,2,441,9,0.0
"[690.322265625, 753.93701171875, 711.6004028320312, 775.2935180664062]","(700, 764)",14,15,4,442,10,1.0
"[680.2791137695312, 763.3363037109375, 708.003173828125, 791.0093994140625]","(694, 777)",13,14,-1,443,11,1.0
"[679.4651489257812, 782.1227416992188, 696.7109985351562, 800.7954711914062]","(688, 791)",14,15,1,444,13,2.0
"[686.007080078125, 730.421630859375, 709.7684936523438, 755.7844848632812]","(697, 743)",-48,-48,-63,445,1,-12.0
"[697.5932006835938, 687.461181640625, 714.0966796875, 705.4070434570312]","(705, 696)",-47,-47,1,446,-10,-11.0
"[704.214599609375, 639.56103515625, 725.42919921875, 661.7061767578125]","(714, 650)",-46,-46,1,447,-22,-12.0
"[713.3776245117188, 587.510986328125, 734.2601318359375, 608.5615234375]","(723, 598)",-52,-52,-6,448,-36,-14.0
"[721.0805053710938, 549.6262817382812, 740.6605224609375, 571.3693237304688]","(730, 560)",-38,-38,14,449,-46,-10.0
"[729.0541381835938, 516.1039428710938, 744.7964477539062, 532.4002075195312]","(736, 524)",-36,-36,2,450,-44,2.0
"[730.9034423828125, 485.650634765625, 753.3084106445312, 508.1078796386719]","(742, 496)",-28,-28,8,451,-40,4.0
"[735.4665690347601, 454.7335758965013, 755.3604288980414, 475.2545262138841]","(745, 464)",-32,-32,-4,452,-37,3.0
"[738.4759740498207, 427.3981470097016, 758.369833913102, 447.9190973270844]","(748, 437)",-27,-27,5,453,-32,5.0
"[741.0172835145977, 404.3145860379769, 760.911143377879, 424.8355363553597]","(750, 414)",-23,-23,4,454,-29,3.0
"[742.9797574391595, 386.4887812232077, 762.8736173024407, 407.0097315405905]","(752, 396)",-18,-18,5,455,-26,3.0
"[745.92919921875, 377.7351379394531, 763.3119506835938, 396.3197937011719]","(754, 387)",-9,-9,9,456,-22,4.0
"[741.4003295898438, 358.5337829589844, 770.0856323242188, 389.606689453125]","(755, 374)",-13,-13,-4,457,-18,4.0
"[748.31640625, 353.2795715332031, 762.6420288085938, 368.9837951660156]","(755, 361)",-13,-13,0,458,-15,3.0
"[743.7801513671875, 334.7030029296875, 770.8342895507812, 363.12188720703125]","(757, 348)",-13,-13,0,459,-13,2.0
"[747.643310546875, 331.921875, 764.0219116210938, 349.5574951171875]","(755, 340)",-8,-8,5,460,-11,2.0
"[750.8554077148438, 324.0943298339844, 764.2288818359375, 339.3970947265625]","(757, 331)",-9,-9,-1,461,-11,0.0
"[743.42529296875, 311.02984619140625, 770.3077392578125, 339.07940673828125]","(756, 325)",-6,-6,3,462,-10,1.0
"[746.378173828125, 309.31243896484375, 765.3532104492188, 330.3923034667969]","(755, 319)",-6,-6,0,463,-8,2.0
"[746.5585327148438, 308.1130676269531, 762.8192138671875, 326.09063720703125]","(754, 317)",-2,-2,4,464,-6,2.0
"[746.739990234375, 307.0977478027344, 761.936279296875, 324.0583190917969]","(754, 315)",-2,-2,0,465,-5,1.0
"[745.9636840820312, 305.05291748046875, 761.4650268554688, 322.349609375]","(753, 313)",-2,-2,0,466,-4,1.0
"[744.0281982421875, 302.7012023925781, 761.3329467773438, 321.2323913574219]","(752, 311)",-2,-2,0,467,-3,1.0
"[739.6680908203125, 300.94732666015625, 759.8419799804688, 321.38372802734375]","(749, 311)",0,3,5,468,-1,2.0
"[737.3733520507812, 299.7747802734375, 758.94140625, 321.4750671386719]","(748, 310)",-1,-1,-4,469,-1,0.0
"[734.614013671875, 299.27984619140625, 758.2329711914062, 323.6737976074219]","(746, 311)",1,2,3,470,0,1.0
"[734.033935546875, 300.7122497558594, 757.9698486328125, 326.8542175292969]","(746, 313)",2,2,0,471,1,1.0
"[731.2694702148438, 301.53326416015625, 757.8029174804688, 330.8804626464844]","(744, 316)",3,3,1,472,2,1.0
"[729.1539306640625, 302.8930358886719, 757.795166015625, 334.2288818359375]","(743, 318)",2,2,-1,473,2,0.0
"[726.9494018554688, 310.6099853515625, 752.5896606445312, 336.9563903808594]","(739, 323)",5,6,4,474,3,1.0
"[727.2155151367188, 308.3531188964844, 746.2171020507812, 328.58306884765625]","(736, 318)",-5,-5,-11,475,2,-1.0
"[726.6311645507812, 298.3860778808594, 741.8234252929688, 316.4888916015625]","(734, 307)",-11,-11,-6,476,-1,-3.0
"[718.7001812663216, 282.0546172874998, 739.2751019206185, 304.6052459496092]","(728, 293)",-14,-15,-4,477,-5,-4.0
"[714.8294906598802, 271.4981883608416, 735.4044113141771, 294.04881702295097]","(725, 282)",-11,-11,4,478,-7,-2.0
"[710.8213500976562, 264.0879821777344, 736.7789306640625, 291.08642578125]","(723, 277)",-5,-5,6,479,-9,-2.0
"[708.6224975585938, 253.76712036132812, 734.3400268554688, 281.80352783203125]","(721, 267)",-10,-10,-5,480,-10,-1.0
"[706.0623168945312, 251.4953155517578, 726.945556640625, 271.58984375]","(716, 261)",-6,-7,3,481,-10,0.0
"[705.1136474609375, 247.805419921875, 722.0968627929688, 267.14263916015625]","(713, 257)",-4,-5,2,482,-8,2.0
"[696.6448364257812, 238.76651000976562, 723.324951171875, 267.23272705078125]","(709, 252)",-5,-6,-1,483,-7,1.0
"[700.0874633789062, 236.4882354736328, 724.6253051757812, 263.4971008300781]","(712, 249)",-3,-4,2,484,-6,1.0
"[686.957763671875, 237.46788024902344, 712.3394775390625, 268.3291015625]","(699, 252)",3,13,17,485,-2,4.0
"[681.8411865234375, 245.6040802001953, 702.6739501953125, 267.77227783203125]","(692, 256)",4,8,-5,486,1,3.0
"[678.7047119140625, 254.83872985839844, 691.7067260742188, 269.1819763183594]","(685, 262)",6,9,1,487,4,3.0
"[665.8331909179688, 258.52734375, 687.3343505859375, 280.9574890136719]","(676, 269)",7,11,2,488,7,3.0
"[653.7282760627929, 274.8253492280968, 676.5419052131836, 298.9237073823937]","(665, 286)",17,20,9,489,12,5.0
"[644.5533405331962, 289.9195980025946, 667.3669696835868, 314.0179561568915]","(655, 301)",15,18,-2,490,13,1.0
"[637.4681854248047, 301.57582092285156, 660.2818145751953, 325.67417907714844]","(648, 313)",12,13,-5,491,14,1.0
"[633.1168823242188, 307.8150634765625, 657.2429809570312, 333.5816345214844]","(645, 320)",7,7,-6,492,14,0.0
"[628.2691040039062, 330.5199279785156, 642.9569091796875, 346.49139404296875]","(635, 338)",18,20,13,493,16,2.0
"[618.271240234375, 347.50091552734375, 638.1748046875, 366.8068542480469]","(628, 357)",19,20,0,494,16,0.0
"[605.0263457292991, 398.26222476571365, 625.0620512957054, 417.76471194833084]","(615, 408)",51,52,32,495,22,6.0
"[592.8569892240624, 446.1790660050832, 612.8926947904687, 465.6815531877004]","(602, 455)",47,48,-4,496,29,7.0
"[581.5286315329423, 490.7844744138689, 601.5643370993486, 510.2869615964861]","(591, 500)",45,46,-2,497,37,8.0
"[571.1090802167937, 531.8114577212036, 591.1447857832, 551.3139449038208]","(581, 541)",41,42,-4,498,42,5.0
"[561.6858509205006, 568.9154230753581, 581.7215564869068, 588.4179102579753]","(571, 578)",37,38,-4,499,45,3.0
"[553.3781543951869, 601.6269781437807, 573.4138599615932, 621.1294653263978]","(563, 611)",33,33,-5,500,41,-4.0
"[546.3626720308597, 629.2504399533192, 566.398377597266, 648.7529271359364]","(556, 639)",28,28,-5,501,37,-4.0
"[540.9451101797598, 650.5820897420247, 560.9808157461661, 670.0845769246419]","(550, 660)",21,21,-7,502,32,-5.0
"[538.1381225585938, 662.2271728515625, 558.3059692382812, 681.9262084960938]","(548, 672)",12,12,-9,503,26,-6.0
"[532.0494384765625, 668.4343872070312, 548.8473510742188, 686.7017822265625]","(540, 677)",5,9,-3,504,21,-5.0
"[524.3223876953125, 668.2381591796875, 544.763916015625, 690.1095581054688]","(534, 679)",2,6,-3,505,15,-6.0
"[517.2984008789062, 667.7040405273438, 543.7509155273438, 697.9239501953125]","(530, 682)",3,5,-1,506,11,-4.0
"[511.7083740234375, 682.5327758789062, 528.7306518554688, 701.3004760742188]","(520, 691)",9,13,8,507,9,-2.0
"[502.5045971292716, 699.5885157418726, 518.5694317239982, 717.4595789742945]","(510, 708)",17,19,6,508,10,1.0
"[494.51352424865513, 714.3867988541253, 510.5783588433817, 732.2578620865472]","(502, 723)",15,17,-2,509,12,2.0
"[488.3425827026367, 725.8144683837891, 504.4074172973633, 743.6855316162109]","(496, 734)",11,12,-5,510,13,1.0
"[485.9041442871094, 732.8864135742188, 501.01153564453125, 749.86083984375]","(493, 741)",7,7,-5,511,14,1.0
"[476.0244140625, 753.7510986328125, 496.84112548828125, 774.5291748046875]","(486, 764)",23,24,17,512,16,2.0
"[463.78546142578125, 772.0822143554688, 493.236328125, 800.3276977539062]","(478, 786)",22,23,-1,513,17,1.0
"[462.5972900390625, 801.134765625, 477.719970703125, 818.9249267578125]","(470, 810)",24,25,2,514,18,1.0
"[445.9888000488281, 836.109375, 472.4100036621094, 865.8013916015625]","(459, 850)",40,41,16,515,24,6.0
"[444.4560241699219, 855.9797973632812, 470.3544616699219, 884.5940551757812]","(457, 870)",20,20,-21,516,27,3.0
"[484.91094283497483, 753.3698883201191, 509.2484367314592, 779.7671966697285]","(497, 766)",-104,-111,-131,517,0,-27.0
"[507.63153076171875, 698.3618774414062, 530.4080810546875, 722.542236328125]","(519, 710)",-56,-60,51,518,-17,-17.0
"[529.9323120117188, 645.63525390625, 553.0962524414062, 669.9273071289062]","(541, 657)",-53,-57,3,519,-33,-16.0
"[560.2240600585938, 587.578369140625, 577.6298828125, 605.8900146484375]","(568, 596)",-61,-66,-9,520,-55,-22.0
"[581.4578857421875, 544.0882568359375, 596.3465576171875, 560.3884887695312]","(588, 552)",-44,-48,18,521,-68,-13.0
"[599.4453735351562, 498.5101318359375, 619.073486328125, 519.0831298828125]","(609, 508)",-44,-48,0,522,-56,12.0
"[622.1830854494442, 462.0718196391531, 639.6234846193661, 481.10686907762965]","(630, 471)",-37,-42,6,523,-52,4.0
"[641.4934342960826, 429.97149947850767, 658.9338334660044, 449.00654891698423]","(650, 439)",-32,-37,5,524,-48,4.0
"[657.8001700284018, 402.8641985208859, 675.2405691983237, 421.89924795936247]","(666, 412)",-27,-31,6,525,-41,7.0
"[670.3927110443396, 381.93114332556064, 687.8331102142615, 400.9661927640372]","(679, 391)",-21,-24,7,526,-36,5.0
"[678.96337890625, 371.3446960449219, 694.216064453125, 388.841796875]","(686, 380)",-11,-13,11,527,-29,7.0
"[684.7332763671875, 351.1965637207031, 710.7396240234375, 379.0560607910156]","(697, 365)",-15,-18,-5,528,-25,4.0
"[702.9559936523438, 344.0118408203125, 717.9268798828125, 362.6856994628906]","(710, 353)",-12,-17,1,529,-21,4.0
"[708.4490356445312, 328.1221008300781, 733.8908081054688, 356.7023010253906]","(721, 342)",-11,-15,2,530,-17,4.0
"[725.2200317382812, 326.4439392089844, 738.4891357421875, 341.0327453613281]","(731, 333)",-9,-13,2,531,-15,2.0
"[726.95361328125, 313.6506042480469, 756.9823608398438, 341.95416259765625]","(741, 327)",-6,-11,2,532,-15,0.0
"[736.5372314453125, 309.83416748046875, 760.884765625, 335.8994140625]","(748, 322)",-5,-8,3,533,-13,2.0
"[747.3366088867188, 308.84893798828125, 765.3794555664062, 328.4712829589844]","(756, 318)",-4,-8,0,534,-11,2.0
"[753.8564453125, 305.8738098144531, 777.7386474609375, 331.0509033203125]","(765, 318)",0,9,17,535,-6,5.0
"[762.1087036132812, 306.2061767578125, 783.437255859375, 328.76507568359375]","(772, 317)",-1,-7,-16,536,-5,1.0
"[770.98095703125, 308.2904968261719, 787.877197265625, 326.6917724609375]","(779, 317)",0,7,14,537,-1,4.0
"[776.9796752929688, 307.3970031738281, 799.3639526367188, 331.2466735839844]","(788, 319)",2,9,2,538,2,3.0
"[781.5015258789062, 307.30364990234375, 806.3478393554688, 334.5377502441406]","(793, 320)",1,5,-4,539,5,3.0
"[786.1188354492188, 310.3787536621094, 811.0629272460938, 337.7646789550781]","(798, 324)",4,6,1,540,4,-1.0
"[799.3108520507812, 320.34405517578125, 814.1526489257812, 338.54034423828125]","(806, 329)",5,9,3,541,7,3.0
"[798.1477661132812, 316.0791320800781, 828.9032592773438, 349.7981872558594]","(813, 332)",3,7,-2,542,7,0.0
"[801.8333129882812, 307.3634033203125, 827.0117797851562, 333.60736083984375]","(814, 320)",-12,-12,-19,543,3,-4.0
"[807.0238647460938, 294.28216552734375, 830.6613159179688, 317.9898376464844]","(818, 306)",-14,-14,-2,544,-1,-4.0
"[807.8451320645484, 273.0942646054618, 832.0335475918921, 298.82604561132115]","(819, 285)",-21,-21,-7,545,-6,-5.0
"[809.2020263671875, 261.6918640136719, 833.94140625, 289.44775390625]","(821, 275)",-10,-10,11,546,-10,-4.0
"[815.045166015625, 256.6318359375, 832.8834838867188, 275.19671630859375]","(823, 265)",-10,-10,0,547,-13,-3.0
"[814.2500610351562, 238.702880859375, 842.3919067382812, 268.4902038574219]","(828, 253)",-12,-13,-3,548,-14,-1.0
"[820.3779296875, 235.8258819580078, 836.7689819335938, 253.8036346435547]","(828, 244)",-9,-9,4,549,-13,1.0
"[823.1839599609375, 229.2198944091797, 837.5846557617188, 245.8011016845703]","(830, 237)",-7,-7,2,550,-10,3.0
"[824.7368774414062, 223.50782775878906, 841.8231811523438, 243.66920471191406]","(833, 233)",-4,-5,2,551,-9,1.0
"[821.1967163085938, 225.67396545410156, 835.9011840820312, 243.6697540283203]","(828, 234)",1,5,10,552,-6,3.0
"[805.6217651367188, 225.94264221191406, 829.7583618164062, 251.10659790039062]","(817, 238)",4,11,6,553,-1,5.0
"[795.2341918945312, 236.18295288085938, 812.0407104492188, 254.40817260742188]","(803, 245)",7,15,4,554,4,5.0
"[779.4537963867188, 242.62257385253906, 806.0546264648438, 268.3020935058594]","(792, 255)",10,14,-1,555,8,4.0
"[770.7026977539062, 259.318359375, 786.0540771484375, 276.34051513671875]","(778, 267)",12,18,4,556,13,5.0
"[753.8695678710938, 265.50103759765625, 782.190673828125, 292.1229248046875]","(768, 278)",11,14,-4,557,14,1.0
"[736.5766712216728, 288.2547885864962, 759.3436389951103, 310.41068763434777]","(747, 299)",21,29,15,558,18,4.0
"[728.5975952148438, 302.63995361328125, 745.8104248046875, 320.3298645019531]","(737, 311)",12,15,-14,559,18,0.0
"[711.1243286132812, 316.8041687011719, 733.941650390625, 340.597412109375]","(722, 328)",17,22,7,560,20,2.0
"[700.4708251953125, 341.47442626953125, 717.3986206054688, 362.9092102050781]","(708, 352)",24,27,5,561,21,1.0
"[670.96329887543, 380.49608778326484, 695.5409661117582, 409.41030287115547]","(683, 394)",42,48,21,562,28,7.0
"[649.1451125162414, 418.3644342227763, 673.7227797525695, 447.27864931066694]","(661, 432)",38,43,-5,563,31,3.0
"[630.7206188966079, 450.3425783212207, 655.298286132936, 479.2567934091113]","(643, 464)",32,36,-7,564,35,4.0
"[616.4926829435352, 475.0370418719559, 641.0703501798633, 503.95125695984655]","(628, 489)",25,29,-7,565,37,2.0
"[604.9231567382812, 485.5878601074219, 637.1506958007812, 521.9815063476562]","(621, 503)",14,15,-14,566,34,-3.0
"[590.6104125976562, 525.47705078125, 616.0774536132812, 555.3790893554688]","(603, 540)",37,41,26,567,33,-1.0
"[566.07958984375, 576.1573486328125, 592.1701049804688, 603.1780395507812]","(579, 589)",49,54,13,568,35,2.0
"[538.2793563882525, 635.3799026406141, 562.8333419839556, 661.5662734902235]","(550, 648)",59,65,11,569,41,6.0
"[524.385498046875, 668.8729858398438, 547.4029541015625, 694.2250366210938]","(535, 681)",33,36,-29,570,42,1.0
"[778.2156372070312, 898.4989013671875, 807.0536499023438, 927.3123779296875]","(792, 912)",231,345,309,571,108,66.0
"[763.0411987304688, 898.1904296875, 784.1668090820312, 919.0005493164062]","(773, 908)",-4,-19,-364,572,96,-12.0
"[560.1669502538367, 766.8678829371092, 585.036151913993, 794.4321529566405]","(572, 780)",-128,-238,-219,573,38,-58.0
"[449.24853515625, 694.6607055664062, 477.861328125, 728.9791259765625]","(463, 711)",-69,-129,109,574,-1,-39.0
"[437.5548095703125, 711.77294921875, 451.7433776855469, 727.3916625976562]","(444, 719)",8,20,149,575,-4,-3.0
"[411.77142333984375, 718.443603515625, 437.0899658203125, 744.9766845703125]","(424, 731)",12,23,3,576,-69,-65.0
"[393.0135498046875, 736.1920166015625, 413.0199279785156, 757.17626953125]","(403, 746)",15,25,2,577,-60,9.0
"[369.2298889160156, 749.5103759765625, 396.9185791015625, 777.328857421875]","(383, 763)",17,26,1,578,-7,53.0
"[345.91571044921875, 773.3904418945312, 372.92315673828125, 799.4159545898438]","(359, 786)",23,33,7,579,25,32.0
"[321.7482604980469, 794.5017700195312, 349.77996826171875, 821.9628295898438]","(335, 808)",22,32,-1,580,28,3.0
"[290.68568153805967, 833.7924278203265, 318.5483371777081, 862.3669517461077]","(304, 848)",40,50,18,581,33,5.0
"[274.3579406738281, 855.446044921875, 302.0515441894531, 885.134033203125]","(288, 870)",22,27,-23,582,34,1.0
"[233.32907494452422, 920.8921436584187, 258.82783898261016, 947.6064991271687]","(246, 934)",64,76,49,583,44,10.0
"[200.95602623610557, 970.5073596137125, 226.4547902741915, 997.2217150824625]","(213, 983)",49,59,-17,584,49,5.0
"[184.58908081054688, 999.228515625, 207.89300537109375, 1022.96923828125]","(196, 1011)",28,32,-27,585,49,0.0
"[159.81112670898438, 1033.5889892578125, 185.22227478027344, 1059.5267333984375]","(172, 1046)",35,42,10,586,47,-2.0
"[159.81112670898438, 1033.5889892578125, 185.22227478027344, 1059.5267333984375]","(172, 1046)",0,0,-42,587,42,-5.0
"[159.81112670898438, 1033.5889892578125, 185.22227478027344, 1059.5267333984375]","(172, 1046)",0,0,0,588,27,-15.0
"[159.81112670898438, 1033.5889892578125, 185.22227478027344, 1059.5267333984375]","(172, 1046)",0,0,0,589,15,-12.0
"[159.81112670898438, 1033.5889892578125, 185.22227478027344, 1059.5267333984375]","(172, 1046)",0,0,0,590,8,-7.0
