multi_ball_position,single_ball_position,clean_ball_position,complete_ball_position,frame,centre_point,x,y,x_diff,y_diff,velocity,velocity_vector,y_rolling_mean,y_rolling_mean_delta,velocity_vector_delta,velocity_rolling_mean,acceleration
"{1: [1009, 90, 1025, 107]}","{1: [1009, 90, 1025, 107]}","{1: [1009, 90, 1025, 107]}","{1: [1009.0, 90.0, 1025.0, 107.0]}",0,"(1017, 98)",1017,98,0,0,0.0,0.0,98.0,,,0.0,
{},{},{},"{1: [1009.0, 88.0, 1024.0, 105.0]}",1,"(1016, 96)",1016,96,-1,-2,2.24,-2.24,97.0,-1.0,-2.24,1.1,-2.24
{},{},{},"{1: [1010.0, 87.0, 1025.0, 104.0]}",2,"(1017, 95)",1017,95,1,-1,1.41,-1.41,96.3,-0.7,0.83,1.2,-0.7
{},{},{},"{1: [1010.0, 87.0, 1025.0, 104.0]}",3,"(1017, 95)",1017,95,0,0,0.0,0.0,96.0,-0.3,1.41,0.9,0.0
{},{},{},"{1: [1010.0, 86.0, 1025.0, 103.0]}",4,"(1017, 94)",1017,94,0,-1,1.0,-1.0,95.6,-0.4,-1.0,0.9,-0.25
{},{},{},"{1: [1010.0, 85.0, 1025.0, 102.0]}",5,"(1017, 93)",1017,93,0,-1,1.0,-1.0,94.6,-1.0,0.0,1.1,-0.2
{},{},{},"{1: [1011.0, 84.0, 1026.0, 101.0]}",6,"(1018, 92)",1018,92,1,-1,1.41,-1.41,93.8,-0.8,-0.41,1.0,0.17
{},{},{},"{1: [1011.0, 84.0, 1026.0, 101.0]}",7,"(1018, 92)",1018,92,0,0,0.0,0.0,93.2,-0.6,1.41,0.7,0.28
{},{},{},"{1: [1011.0, 83.0, 1026.0, 100.0]}",8,"(1018, 91)",1018,91,0,-1,1.0,-1.0,92.4,-0.8,-1.0,0.9,-0.2
{},{},{},"{1: [1011.0, 83.0, 1026.0, 100.0]}",9,"(1018, 91)",1018,91,0,0,0.0,0.0,91.8,-0.6,1.0,0.7,0.2
{},{},{},"{1: [1012.0, 82.0, 1027.0, 99.0]}",10,"(1019, 90)",1019,90,1,-1,1.41,-1.41,91.2,-0.6,-1.41,0.8,-0.08
{},{},{},"{1: [1012.0, 81.0, 1027.0, 98.0]}",11,"(1019, 89)",1019,89,0,-1,1.0,-1.0,90.6,-0.6,0.41,0.7,0.08
"{1: [1013, 82, 1027, 99]}","{1: [1013, 82, 1027, 99]}","{1: [1013, 82, 1027, 99]}","{1: [1013.0, 82.0, 1027.0, 99.0]}",12,"(1020, 90)",1020,90,1,1,1.41,1.41,90.2,-0.4,2.41,1.0,0.28
{},{},{},"{1: [988.0, 100.0, 1007.0, 122.0]}",13,"(997, 111)",997,111,-23,21,31.14,31.14,94.2,4.0,29.73,7.0,6.43
{},{},{},"{1: [967.0, 121.0, 986.0, 142.0]}",14,"(976, 131)",976,131,-21,20,29.0,29.0,102.2,8.0,-2.14,12.8,5.8
{},{},{},"{1: [946.0, 141.0, 965.0, 162.0]}",15,"(955, 151)",955,151,-21,20,29.0,29.0,114.4,12.2,0.0,18.3,6.08
{},{},{},"{1: [927.0, 160.0, 946.0, 181.0]}",16,"(936, 170)",936,170,-19,19,26.87,26.87,130.6,16.2,-2.13,23.5,5.57
{},{},{},"{1: [909.0, 178.0, 928.0, 199.0]}",17,"(918, 188)",918,188,-18,18,25.46,25.46,150.2,19.6,-1.41,28.3,4.81
{},{},{},"{1: [893.0, 193.0, 912.0, 215.0]}",18,"(902, 204)",902,204,-16,16,22.63,22.63,168.8,18.6,-2.83,26.6,-1.7
"{1: [878, 204, 902, 230], 2: [1013, 231, 1027, 246]}","{1: [878, 204, 902, 230]}","{1: [878, 204, 902, 230]}","{1: [878.0, 204.0, 902.0, 230.0]}",19,"(890, 217)",890,217,-12,13,17.69,17.69,186.0,17.2,-4.94,24.3,-2.26
"{1: [846, 236, 873, 264]}","{1: [846, 236, 873, 264]}","{1: [846, 236, 873, 264]}","{1: [846.0, 236.0, 873.0, 264.0]}",20,"(859, 250)",859,250,-31,33,45.28,45.28,205.8,19.8,27.59,27.6,3.26
{},{},{},"{1: [816.0, 276.0, 841.0, 303.0]}",21,"(828, 289)",828,289,-31,39,49.82,49.82,229.6,23.8,4.54,32.2,4.59
"{1: [794, 309, 818, 334]}","{1: [794, 309, 818, 334]}","{1: [794, 309, 818, 334]}","{1: [794.0, 309.0, 818.0, 334.0]}",22,"(806, 321)",806,321,-22,32,38.83,38.83,256.2,26.6,-10.99,34.8,2.67
"{1: [773, 349, 788, 367]}","{1: [773, 349, 788, 367]}","{1: [773, 349, 788, 367]}","{1: [773.0, 349.0, 788.0, 367.0]}",23,"(780, 358)",780,358,-26,37,45.22,45.22,287.0,30.8,6.39,39.4,4.52
{},{},{},"{1: [740.0, 403.0, 758.0, 422.0]}",24,"(749, 412)",749,412,-31,54,62.27,62.27,326.0,39.0,17.05,48.3,8.92
{},{},{},"{1: [712.0, 452.0, 730.0, 472.0]}",25,"(721, 462)",721,462,-28,50,57.31,57.31,368.4,42.4,-4.96,50.7,2.41
"{1: [690, 491, 711, 512]}","{1: [690, 491, 711, 512]}","{1: [690, 491, 711, 512]}","{1: [690.0, 491.0, 711.0, 512.0]}",26,"(700, 501)",700,501,-21,39,44.29,44.29,410.8,42.4,-13.02,49.6,-1.11
{},{},{},"{1: [658.0, 543.0, 682.0, 569.0]}",27,"(670, 556)",670,556,-30,55,62.65,62.65,457.8,47.0,18.36,54.3,4.76
"{1: [634, 585, 661, 616]}","{1: [634, 585, 661, 616]}","{1: [634, 585, 661, 616]}","{1: [634.0, 585.0, 661.0, 616.0]}",28,"(647, 600)",647,600,-23,44,49.65,49.65,506.2,48.4,-13.0,55.2,0.89
"{1: [614, 583, 637, 606], 2: [1016, 226, 1032, 244]}","{1: [614, 583, 637, 606]}","{1: [614, 583, 637, 606]}","{1: [614.0, 583.0, 637.0, 606.0]}",29,"(625, 594)",625,594,-22,-6,22.8,-22.8,542.6,36.4,-72.45,47.3,-17.01
"{1: [583, 575, 609, 602]}","{1: [583, 575, 609, 602]}","{1: [583, 575, 609, 602]}","{1: [583.0, 575.0, 609.0, 602.0]}",30,"(596, 588)",596,588,-29,-6,29.61,-29.61,567.8,25.2,-6.81,41.8,-17.38
"{1: [564, 573, 591, 607]}","{1: [564, 573, 591, 607]}","{1: [564, 573, 591, 607]}","{1: [564.0, 573.0, 591.0, 607.0]}",31,"(577, 590)",577,590,-19,2,19.1,19.1,585.6,17.8,48.71,36.8,-5.04
{},{},{},"{1: [531.0, 573.0, 558.0, 603.0]}",32,"(544, 588)",544,588,-33,-2,33.06,-33.06,592.0,6.4,-52.16,30.8,-19.14
"{1: [507, 574, 533, 601]}","{1: [507, 574, 533, 601]}","{1: [507, 574, 533, 601]}","{1: [507.0, 574.0, 533.0, 601.0]}",33,"(520, 587)",520,587,-24,-1,24.02,-24.02,589.4,-2.6,9.04,25.7,-14.73
"{1: [489, 581, 507, 602]}","{1: [489, 581, 507, 602]}","{1: [489, 581, 507, 602]}","{1: [489.0, 581.0, 507.0, 602.0]}",34,"(498, 591)",498,591,-22,4,22.36,22.36,588.8,-0.6,46.38,25.6,9.03
"{1: [462, 590, 477, 606]}","{1: [462, 590, 477, 606]}","{1: [462, 590, 477, 606]}","{1: [462.0, 590.0, 477.0, 606.0]}",35,"(469, 598)",469,598,-29,7,29.83,29.83,590.8,2.0,7.47,25.7,11.89
"{1: [434, 596, 452, 617]}","{1: [434, 596, 452, 617]}","{1: [434, 596, 452, 617]}","{1: [434.0, 596.0, 452.0, 617.0]}",36,"(443, 606)",443,606,-26,8,27.2,27.2,594.0,3.2,-2.63,27.3,1.62
"{1: [414, 610, 428, 627]}","{1: [414, 610, 428, 627]}","{1: [414, 610, 428, 627]}","{1: [414.0, 610.0, 428.0, 627.0]}",37,"(421, 618)",421,618,-22,12,25.06,25.06,600.0,6.0,-2.14,25.7,11.62
{},{},{},"{1: [487.0, 566.0, 505.0, 587.0]}",38,"(496, 576)",496,576,75,-42,85.96,-85.96,597.8,-2.2,-111.02,38.1,-12.39
{},{},{},"{1: [554.0, 529.0, 572.0, 550.0]}",39,"(563, 539)",563,539,67,-37,76.54,-76.54,587.4,-10.4,9.42,48.9,-19.78
"{1: [605, 500, 627, 525]}","{1: [605, 500, 627, 525]}","{1: [605, 500, 627, 525]}","{1: [605.0, 500.0, 627.0, 525.0]}",40,"(616, 512)",616,512,53,-27,59.48,-59.48,570.2,-17.2,17.06,54.8,-17.86
"{1: [649, 480, 672, 506], 2: [646, 478, 676, 509]}","{1: [646, 478, 676, 509]}","{1: [646, 478, 676, 509]}","{1: [646.0, 478.0, 676.0, 509.0]}",41,"(661, 493)",661,493,45,-19,48.85,-48.85,547.6,-22.6,10.63,59.2,-15.21
{},{},{},"{1: [692.0, 467.0, 716.0, 492.0]}",42,"(704, 479)",704,479,43,-14,45.22,-45.22,519.8,-27.8,3.63,63.2,-14.06
{},{},{},"{1: [734.0, 454.0, 758.0, 480.0]}",43,"(746, 467)",746,467,42,-12,43.68,-43.68,498.0,-21.8,1.54,54.8,8.46
{},{},{},"{1: [775.0, 442.0, 800.0, 467.0]}",44,"(787, 454)",787,454,41,-13,43.01,-43.01,481.0,-17.0,0.67,48.0,6.71
{},{},{},"{1: [816.0, 430.0, 840.0, 455.0]}",45,"(828, 442)",828,442,41,-12,42.72,-42.72,467.0,-14.0,0.29,44.7,3.35
{},{},{},"{1: [854.0, 418.0, 879.0, 444.0]}",46,"(866, 431)",866,431,38,-11,39.56,-39.56,454.6,-12.4,3.16,42.8,1.86
{},{},{},"{1: [892.0, 407.0, 916.0, 433.0]}",47,"(904, 420)",904,420,38,-11,39.56,-39.56,442.8,-11.8,0.0,41.7,1.13
{},{},{},"{1: [927.0, 396.0, 952.0, 422.0]}",48,"(939, 409)",939,409,35,-11,36.69,-36.69,431.2,-11.6,2.87,40.3,1.4
{},{},{},"{1: [960.0, 387.0, 985.0, 412.0]}",49,"(972, 399)",972,399,33,-10,34.48,-34.48,420.2,-11.0,2.21,38.6,1.71
{},{},{},"{1: [990.0, 378.0, 1015.0, 403.0]}",50,"(1002, 390)",1002,390,30,-9,31.32,-31.32,409.8,-10.4,3.16,36.3,2.28
"{1: [1017, 374, 1036, 394]}","{1: [1017, 374, 1036, 394]}","{1: [1017, 374, 1036, 394]}","{1: [1017.0, 374.0, 1036.0, 394.0]}",51,"(1026, 384)",1026,384,24,-6,24.74,-24.74,400.4,-9.4,6.58,33.4,2.96
{},{},{},"{1: [1042.0, 376.0, 1060.0, 396.0]}",52,"(1051, 386)",1051,386,25,2,25.08,25.08,393.6,-6.8,49.82,30.5,12.93
"{1: [1062, 378, 1080, 398]}","{1: [1062, 378, 1080, 398]}","{1: [1062, 378, 1080, 398]}","{1: [1062.0, 378.0, 1080.0, 398.0]}",53,"(1071, 388)",1071,388,20,2,20.1,20.1,389.4,-4.2,-4.98,27.1,11.36
{},{},{},"{1: [1083.0, 377.0, 1099.0, 395.0]}",54,"(1091, 386)",1091,386,20,-2,20.1,-20.1,386.8,-2.6,-40.2,24.3,2.88
{},{},{},"{1: [1102.0, 375.0, 1118.0, 393.0]}",55,"(1110, 384)",1110,384,19,-2,19.1,-19.1,385.6,-1.2,1.0,21.8,2.44
{},{},{},"{1: [1119.0, 374.0, 1135.0, 392.0]}",56,"(1127, 383)",1127,383,17,-1,17.03,-17.03,385.4,-0.2,2.07,20.3,1.54
"{1: [1134, 374, 1149, 390]}","{1: [1134, 374, 1149, 390]}","{1: [1134, 374, 1149, 390]}","{1: [1134.0, 374.0, 1149.0, 390.0]}",57,"(1141, 382)",1141,382,14,-1,14.04,-14.04,384.6,-0.8,2.99,18.1,-7.82
"{1: [1142, 349, 1167, 375]}","{1: [1142, 349, 1167, 375]}","{1: [1142, 349, 1167, 375]}","{1: [1142.0, 349.0, 1167.0, 375.0]}",58,"(1154, 362)",1154,362,13,-20,23.85,-23.85,379.4,-5.2,-9.81,18.8,-8.79
"{1: [1154, 334, 1177, 358]}","{1: [1154, 334, 1177, 358]}","{1: [1154, 334, 1177, 358]}","{1: [1154.0, 334.0, 1177.0, 358.0]}",59,"(1165, 346)",1165,346,11,-16,19.42,-19.42,371.4,-8.0,4.43,18.7,0.14
"{1: [1166, 319, 1189, 341]}","{1: [1166, 319, 1189, 341]}","{1: [1166, 319, 1189, 341]}","{1: [1166.0, 319.0, 1189.0, 341.0]}",60,"(1177, 330)",1177,330,12,-16,20.0,-20.0,360.6,-10.8,-0.58,18.9,-0.18
"{1: [1178, 308, 1195, 328]}","{1: [1178, 308, 1195, 328]}","{1: [1178, 308, 1195, 328]}","{1: [1178.0, 308.0, 1195.0, 328.0]}",61,"(1186, 318)",1186,318,9,-12,15.0,-15.0,347.6,-13.0,5.0,18.5,0.41
"{1: [1184, 297, 1204, 318]}","{1: [1184, 297, 1204, 318]}","{1: [1184, 297, 1204, 318]}","{1: [1184.0, 297.0, 1204.0, 318.0]}",62,"(1194, 307)",1194,307,8,-11,13.6,-13.6,332.6,-15.0,1.4,18.4,0.09
{},{},{},"{1: [1184.0, 292.0, 1202.0, 311.0]}",63,"(1193, 301)",1193,301,-1,-6,6.08,-6.08,320.4,-12.2,7.52,14.8,3.55
{},{},{},"{1: [1184.0, 286.0, 1201.0, 306.0]}",64,"(1192, 296)",1192,296,-1,-5,5.1,-5.1,310.4,-10.0,0.98,12.0,2.86
{},{},{},"{1: [1183.0, 281.0, 1201.0, 301.0]}",65,"(1192, 291)",1192,291,0,-5,5.0,-5.0,302.6,-7.8,0.1,9.0,3.0
{},{},{},"{1: [1183.0, 277.0, 1200.0, 296.0]}",66,"(1191, 286)",1191,286,-1,-5,5.1,-5.1,296.2,-6.4,-0.1,7.0,1.98
{},{},{},"{1: [1182.0, 272.0, 1200.0, 291.0]}",67,"(1191, 281)",1191,281,0,-5,5.0,-5.0,291.0,-5.2,0.1,5.3,1.72
{},{},{},"{1: [1182.0, 267.0, 1200.0, 286.0]}",68,"(1191, 276)",1191,276,0,-5,5.0,-5.0,286.0,-5.0,0.0,5.0,0.22
{},{},{},"{1: [1182.0, 262.0, 1199.0, 282.0]}",69,"(1190, 272)",1190,272,-1,-4,4.12,-4.12,281.2,-4.8,0.88,4.8,0.2
{},{},{},"{1: [1181.0, 258.0, 1199.0, 277.0]}",70,"(1190, 267)",1190,267,0,-5,5.0,-5.0,276.4,-4.8,-0.88,4.8,0.0
{},{},{},"{1: [1181.0, 253.0, 1198.0, 273.0]}",71,"(1189, 263)",1189,263,-1,-4,4.12,-4.12,271.8,-4.6,0.88,4.6,0.2
{},{},{},"{1: [1180.0, 249.0, 1198.0, 269.0]}",72,"(1189, 259)",1189,259,0,-4,4.0,-4.0,267.4,-4.4,0.12,4.4,0.2
{},{},{},"{1: [1180.0, 245.0, 1197.0, 265.0]}",73,"(1188, 255)",1188,255,-1,-4,4.12,-4.12,263.2,-4.2,-0.12,4.3,0.18
{},{},{},"{1: [1180.0, 241.0, 1197.0, 261.0]}",74,"(1188, 251)",1188,251,0,-4,4.0,-4.0,259.0,-4.2,0.12,4.2,0.02
{},{},{},"{1: [1179.0, 238.0, 1197.0, 257.0]}",75,"(1188, 247)",1188,247,0,-4,4.0,-4.0,255.0,-4.0,0.0,4.0,0.2
{},{},{},"{1: [1179.0, 234.0, 1196.0, 254.0]}",76,"(1187, 244)",1187,244,-1,-3,3.16,-3.16,251.2,-3.8,0.84,3.9,0.19
"{1: [1181, 233, 1196, 251]}","{1: [1181, 233, 1196, 251]}","{1: [1181, 233, 1196, 251]}","{1: [1181.0, 233.0, 1196.0, 251.0]}",77,"(1188, 242)",1188,242,1,-2,2.24,-2.24,247.8,-3.4,0.92,3.5,0.35
"{1: [1178, 211, 1196, 231]}","{1: [1178, 211, 1196, 231]}","{1: [1178, 211, 1196, 231]}","{1: [1178.0, 211.0, 1196.0, 231.0]}",78,"(1187, 221)",1187,221,-1,-21,21.02,-21.02,241.0,-6.8,-18.78,6.9,-3.38
"{1: [1182, 205, 1197, 222]}","{1: [1182, 205, 1197, 222]}","{1: [1182, 205, 1197, 222]}","{1: [1182.0, 205.0, 1197.0, 222.0]}",79,"(1189, 213)",1189,213,2,-8,8.25,-8.25,233.4,-7.6,12.77,7.7,-0.85
"{1: [1178, 261, 1203, 289]}","{1: [1178, 261, 1203, 289]}","{1: [1178, 261, 1203, 289]}","{1: [1178.0, 261.0, 1203.0, 289.0]}",80,"(1190, 275)",1190,275,1,62,62.01,62.01,239.0,5.6,70.26,19.3,13.2
"{1: [1166, 266, 1190, 291]}","{1: [1166, 266, 1190, 291]}","{1: [1166, 266, 1190, 291]}","{1: [1166.0, 266.0, 1190.0, 291.0]}",81,"(1178, 278)",1178,278,-12,3,12.37,12.37,245.8,6.8,-49.64,21.2,3.11
"{1: [1158, 272, 1173, 291]}","{1: [1158, 272, 1173, 291]}","{1: [1158, 272, 1173, 291]}","{1: [1158.0, 272.0, 1173.0, 291.0]}",82,"(1165, 281)",1165,281,-13,3,13.34,13.34,253.6,7.8,0.97,23.4,3.12
{},{},{},"{1: [1137.0, 276.0, 1158.0, 298.0]}",83,"(1147, 287)",1147,287,-18,6,18.97,18.97,266.8,13.2,5.63,23.0,8.0
{},{},{},"{1: [1121.0, 282.0, 1141.0, 305.0]}",84,"(1131, 293)",1131,293,-16,6,17.09,17.09,282.8,16.0,-1.88,24.8,5.07
{},{},{},"{1: [1106.0, 288.0, 1127.0, 310.0]}",85,"(1116, 299)",1116,299,-15,6,16.16,16.16,287.6,4.8,-0.93,15.6,-9.17
"{1: [1093, 291, 1119, 317]}","{1: [1093, 291, 1119, 317]}","{1: [1093, 291, 1119, 317]}","{1: [1093.0, 291.0, 1119.0, 317.0]}",86,"(1106, 304)",1106,304,-10,5,11.18,11.18,292.8,5.2,-4.98,15.3,-0.24
"{1: [1084, 303, 1099, 319]}","{1: [1084, 303, 1099, 319]}","{1: [1084, 303, 1099, 319]}","{1: [1084.0, 303.0, 1099.0, 319.0]}",87,"(1091, 311)",1091,311,-15,7,16.55,16.55,298.8,6.0,5.37,16.0,0.64
"{1: [1065, 307, 1090, 332], 2: [1064, 301, 1093, 334]}","{1: [1065, 307, 1090, 332]}","{1: [1065, 307, 1090, 332]}","{1: [1065.0, 307.0, 1090.0, 332.0]}",88,"(1077, 319)",1077,319,-14,8,16.12,16.12,305.2,6.4,-0.43,15.4,-0.57
"{1: [1051, 317, 1071, 339]}","{1: [1051, 317, 1071, 339]}","{1: [1051, 317, 1071, 339]}","{1: [1051.0, 317.0, 1071.0, 339.0]}",89,"(1061, 328)",1061,328,-16,9,18.36,18.36,312.2,7.0,2.24,15.7,0.25
"{1: [1037, 330, 1054, 348]}","{1: [1037, 330, 1054, 348]}","{1: [1037, 330, 1054, 348]}","{1: [1037.0, 330.0, 1054.0, 348.0]}",90,"(1045, 339)",1045,339,-16,11,19.42,19.42,320.2,8.0,1.06,16.3,0.65
"{1: [1018, 337, 1045, 364]}","{1: [1018, 337, 1045, 364]}","{1: [1018, 337, 1045, 364]}","{1: [1018.0, 337.0, 1045.0, 364.0]}",91,"(1031, 350)",1031,350,-14,11,17.8,17.8,329.4,9.2,-1.62,17.6,1.32
"{1: [1007, 354, 1025, 373]}","{1: [1007, 354, 1025, 373]}","{1: [1007, 354, 1025, 373]}","{1: [1007.0, 354.0, 1025.0, 373.0]}",92,"(1016, 363)",1016,363,-15,13,19.85,19.85,339.8,10.4,2.05,18.3,0.66
"{1: [992, 370, 1007, 386]}","{1: [992, 370, 1007, 386]}","{1: [992, 370, 1007, 386]}","{1: [992.0, 370.0, 1007.0, 386.0]}",93,"(999, 378)",999,378,-17,15,22.67,22.67,351.6,11.8,2.82,19.6,1.31
{},{},{},"{1: [971.0, 390.0, 989.0, 410.0]}",94,"(980, 400)",980,400,-19,22,29.07,29.07,366.0,14.4,6.4,21.8,2.14
{},{},{},"{1: [953.0, 411.0, 971.0, 432.0]}",95,"(962, 421)",962,421,-18,21,27.66,27.66,382.4,16.4,-1.41,23.4,1.65
{},{},{},"{1: [936.0, 432.0, 954.0, 452.0]}",96,"(945, 442)",945,442,-17,21,27.02,27.02,400.8,18.4,-0.64,25.3,1.84
{},{},{},"{1: [920.0, 451.0, 938.0, 471.0]}",97,"(929, 461)",929,461,-16,19,24.84,24.84,420.4,19.6,-2.18,26.3,1.0
{},{},{},"{1: [905.0, 468.0, 924.0, 488.0]}",98,"(914, 478)",914,478,-15,17,22.67,22.67,440.4,20.0,-2.17,26.3,-0.0
"{1: [893, 480, 915, 505], 2: [888, 478, 916, 508]}","{1: [893, 480, 915, 505]}","{1: [893, 480, 915, 505]}","{1: [893.0, 480.0, 915.0, 505.0]}",99,"(904, 492)",904,492,-10,14,17.2,17.2,458.8,18.4,-5.47,23.9,-2.37
"{1: [872, 504, 901, 532], 2: [874, 507, 895, 530]}","{1: [872, 504, 901, 532]}","{1: [872, 504, 901, 532]}","{1: [872.0, 504.0, 901.0, 532.0]}",100,"(886, 518)",886,518,-18,26,31.62,31.62,478.2,19.4,14.42,24.7,0.79
"{1: [856, 533, 878, 556]}","{1: [856, 533, 878, 556]}","{1: [856, 533, 878, 556]}","{1: [856.0, 533.0, 878.0, 556.0]}",101,"(867, 544)",867,544,-19,26,32.2,32.2,498.6,20.4,0.58,25.7,1.04
"{1: [844, 565, 858, 581]}","{1: [844, 565, 858, 581]}","{1: [844, 565, 858, 581]}","{1: [844.0, 565.0, 858.0, 581.0]}",102,"(851, 573)",851,573,-16,29,33.12,33.12,521.0,22.4,0.92,27.4,1.66
"{1: [822, 594, 840, 613]}","{1: [822, 594, 840, 613]}","{1: [822, 594, 840, 613]}","{1: [822.0, 594.0, 840.0, 613.0]}",103,"(831, 603)",831,603,-20,30,36.06,36.06,546.0,25.0,2.94,30.0,2.68
{},{},{},"{1: [800.0, 628.0, 821.0, 650.0]}",104,"(810, 639)",810,639,-21,36,41.68,41.68,575.4,29.4,5.62,34.9,4.9
"{1: [783, 655, 807, 680]}","{1: [783, 655, 807, 680]}","{1: [783, 655, 807, 680]}","{1: [783.0, 655.0, 807.0, 680.0]}",105,"(795, 667)",795,667,-15,28,31.76,31.76,605.2,29.8,-9.92,35.0,0.03
"{1: [767, 693, 787, 714]}","{1: [767, 693, 787, 714]}","{1: [767, 693, 787, 714]}","{1: [767.0, 693.0, 787.0, 714.0]}",106,"(777, 703)",777,703,-18,36,40.25,40.25,637.0,31.8,8.49,36.6,1.61
"{1: [753, 700, 780, 727], 2: [755, 702, 777, 724]}","{1: [753, 700, 780, 727]}","{1: [753, 700, 780, 727]}","{1: [753.0, 700.0, 780.0, 727.0]}",107,"(766, 713)",766,713,-11,10,14.87,14.87,665.0,28.0,-25.38,32.9,-3.65
"{1: [741, 694, 767, 723]}","{1: [741, 694, 767, 723]}","{1: [741, 694, 767, 723]}","{1: [741.0, 694.0, 767.0, 723.0]}",108,"(754, 708)",754,708,-12,-5,13.0,-13.0,686.0,21.0,-27.87,28.3,-9.81
"{1: [731, 691, 758, 721]}","{1: [731, 691, 758, 721]}","{1: [731, 691, 758, 721]}","{1: [731.0, 691.0, 758.0, 721.0]}",109,"(744, 706)",744,706,-10,-2,10.2,-10.2,699.4,13.4,2.8,22.0,-10.38
"{1: [722, 693, 741, 714]}","{1: [722, 693, 741, 714]}","{1: [722, 693, 741, 714]}","{1: [722.0, 693.0, 741.0, 714.0]}",110,"(731, 703)",731,703,-13,-3,13.34,-13.34,706.6,7.2,-3.14,18.3,-9.02
"{1: [709, 692, 734, 718]}","{1: [709, 692, 734, 718]}","{1: [709, 692, 734, 718]}","{1: [709.0, 692.0, 734.0, 718.0]}",111,"(721, 705)",721,705,-10,2,10.2,10.2,707.0,0.4,23.54,12.3,-6.01
"{1: [699, 694, 723, 719]}","{1: [699, 694, 723, 719]}","{1: [699, 694, 723, 719]}","{1: [699.0, 694.0, 723.0, 719.0]}",112,"(711, 706)",711,706,-10,1,10.05,10.05,705.6,-1.4,-0.15,11.4,-0.96
"{1: [688, 699, 711, 723], 2: [686, 694, 715, 734]}","{1: [686, 694, 715, 734]}","{1: [686, 694, 715, 734]}","{1: [686.0, 694.0, 715.0, 734.0]}",113,"(700, 714)",700,714,-11,8,13.6,13.6,706.8,1.2,3.55,11.5,5.32
"{1: [681, 707, 700, 725], 2: [676, 699, 708, 733]}","{1: [676, 699, 708, 733]}","{1: [676, 699, 708, 733]}","{1: [676.0, 699.0, 708.0, 733.0]}",114,"(692, 716)",692,716,-8,2,8.25,8.25,708.8,2.0,-5.35,11.1,3.69
"{1: [669, 716, 688, 738]}","{1: [669, 716, 688, 738]}","{1: [669, 716, 688, 738]}","{1: [669.0, 716.0, 688.0, 738.0]}",115,"(678, 727)",678,727,-14,11,17.8,17.8,713.6,4.8,9.55,12.0,6.23
"{1: [656, 722, 684, 749], 2: [658, 722, 680, 745]}","{1: [656, 722, 684, 749]}","{1: [656, 722, 684, 749]}","{1: [656.0, 722.0, 684.0, 749.0]}",116,"(670, 735)",670,735,-8,8,11.31,11.31,719.6,6.0,-6.49,12.2,0.22
"{1: [650, 739, 666, 756]}","{1: [650, 739, 666, 756]}","{1: [650, 739, 666, 756]}","{1: [650.0, 739.0, 666.0, 756.0]}",117,"(658, 747)",658,747,-12,12,16.97,16.97,727.8,8.2,5.66,13.6,1.38
"{1: [661, 652, 688, 680]}","{1: [661, 652, 688, 680]}","{1: [661, 652, 688, 680]}","{1: [661.0, 652.0, 688.0, 680.0]}",118,"(674, 666)",674,666,16,-81,82.57,-82.57,718.2,-9.6,-99.54,27.4,-19.23
"{1: [679, 593, 701, 617]}","{1: [679, 593, 701, 617]}","{1: [679, 593, 701, 617]}","{1: [679.0, 593.0, 701.0, 617.0]}",119,"(690, 605)",690,605,16,-61,63.06,-63.06,696.0,-22.2,19.51,38.3,-14.26
"{1: [697, 537, 715, 556]}","{1: [697, 537, 715, 556]}","{1: [697, 537, 715, 556]}","{1: [697.0, 537.0, 715.0, 556.0]}",120,"(706, 546)",706,546,16,-59,61.13,-61.13,659.8,-36.2,1.93,47.0,-15.79
"{1: [707, 484, 733, 510]}","{1: [707, 484, 733, 510]}","{1: [707, 484, 733, 510]}","{1: [707.0, 484.0, 733.0, 510.0]}",121,"(720, 497)",720,497,14,-49,50.96,-50.96,612.2,-47.6,10.17,54.9,-12.45
{},{},{},"{1: [717.0, 448.0, 741.0, 473.0]}",122,"(729, 460)",729,460,9,-37,38.08,-38.08,554.8,-57.4,12.88,59.2,-11.01
{},{},{},"{1: [727.0, 415.0, 751.0, 440.0]}",123,"(739, 427)",739,427,10,-33,34.48,-34.48,507.0,-47.8,3.6,49.5,9.62
{},{},{},"{1: [735.0, 385.0, 759.0, 410.0]}",124,"(747, 397)",747,397,8,-30,31.05,-31.05,465.4,-41.6,3.43,43.1,6.4
"{1: [743, 363, 765, 387]}","{1: [743, 363, 765, 387]}","{1: [743, 363, 765, 387]}","{1: [743.0, 363.0, 765.0, 387.0]}",125,"(754, 375)",754,375,7,-22,23.09,-23.09,431.2,-34.2,7.96,35.5,7.61
"{1: [752, 345, 767, 363]}","{1: [752, 345, 767, 363]}","{1: [752, 345, 767, 363]}","{1: [752.0, 345.0, 767.0, 363.0]}",126,"(759, 354)",759,354,5,-21,21.59,-21.59,402.6,-28.6,1.5,29.7,5.87
"{1: [753, 330, 776, 354], 2: [750, 322, 781, 357]}","{1: [753, 330, 776, 354]}","{1: [753, 330, 776, 354]}","{1: [753.0, 330.0, 776.0, 354.0]}",127,"(764, 342)",764,342,5,-12,13.0,-13.0,379.0,-23.6,8.59,24.6,5.02
"{1: [759, 318, 781, 340]}","{1: [759, 318, 781, 340]}","{1: [759, 318, 781, 340]}","{1: [759.0, 318.0, 781.0, 340.0]}",128,"(770, 329)",770,329,6,-13,14.32,-14.32,359.4,-19.6,-1.32,20.6,4.03
"{1: [759, 308, 783, 333]}","{1: [759, 308, 783, 333]}","{1: [759, 308, 783, 333]}","{1: [759.0, 308.0, 783.0, 333.0]}",129,"(771, 320)",771,320,1,-9,9.06,-9.06,344.0,-15.4,5.26,16.2,4.4
"{1: [765, 307, 784, 327]}","{1: [765, 307, 784, 327]}","{1: [765, 307, 784, 327]}","{1: [765.0, 307.0, 784.0, 327.0]}",130,"(774, 317)",774,317,3,-3,4.24,-4.24,332.4,-11.6,4.82,12.4,3.77
"{1: [770, 306, 785, 323]}","{1: [770, 306, 785, 323]}","{1: [770, 306, 785, 323]}","{1: [770.0, 306.0, 785.0, 323.0]}",131,"(777, 314)",777,314,3,-3,4.24,-4.24,324.4,-8.0,0.0,9.0,3.47
"{1: [772, 305, 786, 321]}","{1: [772, 305, 786, 321]}","{1: [772, 305, 786, 321]}","{1: [772.0, 305.0, 786.0, 321.0]}",132,"(779, 313)",779,313,2,-1,2.24,-2.24,318.6,-5.8,2.0,6.8,2.15
"{1: [773, 305, 787, 320]}","{1: [773, 305, 787, 320]}","{1: [773, 305, 787, 320]}","{1: [773.0, 305.0, 787.0, 320.0]}",133,"(780, 312)",780,312,1,-1,1.41,-1.41,315.2,-3.4,0.83,4.2,2.58
"{1: [772, 305, 788, 322]}","{1: [772, 305, 788, 322]}","{1: [772, 305, 788, 322]}","{1: [772.0, 305.0, 788.0, 322.0]}",134,"(780, 313)",780,313,0,1,1.0,1.0,313.8,-1.4,2.41,2.6,2.01
"{1: [774, 307, 791, 325]}","{1: [774, 307, 791, 325]}","{1: [774, 307, 791, 325]}","{1: [774.0, 307.0, 791.0, 325.0]}",135,"(782, 316)",782,316,2,3,3.61,3.61,313.6,-0.2,2.61,2.5,1.57
"{1: [773, 309, 796, 333]}","{1: [773, 309, 796, 333]}","{1: [773, 309, 796, 333]}","{1: [773.0, 309.0, 796.0, 333.0]}",136,"(784, 321)",784,321,2,5,5.39,5.39,315.0,1.4,1.78,2.7,1.93
"{1: [775, 306, 794, 326]}","{1: [775, 306, 794, 326]}","{1: [775, 306, 794, 326]}","{1: [775.0, 306.0, 794.0, 326.0]}",137,"(784, 316)",784,316,0,-5,5.0,-5.0,315.6,0.6,-10.39,3.3,-0.55
{},{},{},"{1: [773.0, 280.0, 796.0, 305.0]}",138,"(784, 292)",784,292,0,-24,24.0,-24.0,311.6,-4.0,-19.0,7.8,-4.52
"{1: [773, 261, 800, 290]}","{1: [773, 261, 800, 290]}","{1: [773, 261, 800, 290]}","{1: [773.0, 261.0, 800.0, 290.0]}",139,"(786, 275)",786,275,2,-17,17.12,-17.12,304.0,-7.6,6.88,11.0,-3.62
"{1: [778, 251, 798, 270], 2: [774, 244, 804, 276]}","{1: [778, 251, 798, 270]}","{1: [778, 251, 798, 270]}","{1: [778.0, 251.0, 798.0, 270.0]}",140,"(788, 260)",788,260,2,-15,15.13,-15.13,292.8,-11.2,1.99,13.3,-3.75
"{1: [776, 235, 799, 260], 2: [774, 227, 805, 263]}","{1: [774, 227, 805, 263]}","{1: [774, 227, 805, 263]}","{1: [774.0, 227.0, 805.0, 263.0]}",141,"(789, 245)",789,245,1,-15,15.03,-15.03,277.6,-15.2,0.1,15.3,-4.08
"{1: [778, 221, 805, 247]}","{1: [778, 221, 805, 247]}","{1: [778, 221, 805, 247]}","{1: [778.0, 221.0, 805.0, 247.0]}",142,"(791, 234)",791,234,2,-11,11.18,-11.18,261.2,-16.4,3.85,16.5,-1.24
"{1: [777, 209, 803, 235]}","{1: [777, 209, 803, 235]}","{1: [777, 209, 803, 235]}","{1: [777.0, 209.0, 803.0, 235.0]}",143,"(790, 222)",790,222,-1,-12,12.04,-12.04,247.2,-14.0,-0.86,14.1,2.39
"{1: [778, 201, 806, 229]}","{1: [778, 201, 806, 229]}","{1: [778, 201, 806, 229]}","{1: [778.0, 201.0, 806.0, 229.0]}",144,"(792, 215)",792,215,2,-7,7.28,-7.28,235.2,-12.0,4.76,12.1,1.97
{},{},{},"{1: [789.0, 206.0, 814.0, 231.0]}",145,"(801, 218)",801,218,9,3,9.49,9.49,226.8,-8.4,16.77,11.0,4.92
{},{},{},"{1: [798.0, 210.0, 824.0, 235.0]}",146,"(811, 222)",811,222,10,4,10.77,10.77,222.2,-4.6,1.28,10.2,5.16
{},{},{},"{1: [808.0, 214.0, 833.0, 239.0]}",147,"(820, 226)",820,226,9,4,9.85,9.85,220.6,-1.6,-0.92,9.9,4.21
{},{},{},"{1: [816.0, 218.0, 842.0, 243.0]}",148,"(829, 230)",829,230,9,4,9.85,9.85,222.2,1.6,0.0,9.4,4.38
{},{},{},"{1: [824.0, 221.0, 849.0, 246.0]}",149,"(836, 233)",836,233,7,3,7.62,7.62,225.8,3.6,-2.23,9.5,2.98
"{1: [832, 226, 855, 248]}","{1: [832, 226, 855, 248]}","{1: [832, 226, 855, 248]}","{1: [832.0, 226.0, 855.0, 248.0]}",150,"(843, 237)",843,237,7,4,8.06,8.06,229.6,3.8,0.44,9.2,-0.29
"{1: [846, 237, 866, 260]}","{1: [846, 237, 866, 260]}","{1: [846, 237, 866, 260]}","{1: [846.0, 237.0, 866.0, 260.0]}",151,"(856, 248)",856,248,13,11,17.03,17.03,234.8,5.2,8.97,10.5,1.25
"{1: [860, 253, 879, 272]}","{1: [860, 253, 879, 272]}","{1: [860, 253, 879, 272]}","{1: [860.0, 253.0, 879.0, 272.0]}",152,"(869, 262)",869,262,13,14,19.1,19.1,242.0,7.2,2.07,12.3,1.85
{},{},{},"{1: [874.0, 270.0, 897.0, 294.0]}",153,"(885, 282)",885,282,16,20,25.61,25.61,252.4,10.4,6.51,15.5,3.15
{},{},{},"{1: [889.0, 289.0, 912.0, 312.0]}",154,"(900, 300)",900,300,15,18,23.43,23.43,265.8,13.4,-2.18,18.6,3.16
"{1: [900, 301, 926, 329]}","{1: [900, 301, 926, 329]}","{1: [900, 301, 926, 329]}","{1: [900.0, 301.0, 926.0, 329.0]}",155,"(913, 315)",913,315,13,15,19.85,19.85,281.4,15.6,-3.58,21.0,2.36
"{1: [920, 330, 938, 348]}","{1: [920, 330, 938, 348]}","{1: [920, 330, 938, 348]}","{1: [920.0, 330.0, 938.0, 348.0]}",156,"(929, 339)",929,339,16,24,28.84,28.84,299.6,18.2,8.99,23.4,2.36
"{1: [930, 348, 952, 368]}","{1: [930, 348, 952, 368]}","{1: [930, 348, 952, 368]}","{1: [930.0, 348.0, 952.0, 368.0]}",157,"(941, 358)",941,358,12,19,22.47,22.47,318.8,19.2,-6.37,24.0,0.67
{},{},{},"{1: [949.0, 383.0, 973.0, 406.0]}",158,"(961, 394)",961,394,20,36,41.18,41.18,341.2,22.4,18.71,27.2,3.11
{},{},{},"{1: [968.0, 418.0, 992.0, 442.0]}",159,"(980, 430)",980,430,19,36,40.71,40.71,367.2,26.0,-0.47,30.6,3.46
{},{},{},"{1: [987.0, 451.0, 1011.0, 475.0]}",160,"(999, 463)",999,463,19,33,38.08,38.08,396.8,29.6,-2.63,34.3,3.65
{},{},{},"{1: [1003.0, 481.0, 1027.0, 504.0]}",161,"(1015, 492)",1015,492,16,29,33.12,33.12,427.4,30.6,-4.96,35.1,0.86
"{1: [1018, 506, 1045, 531], 2: [1015, 503, 1041, 530]}","{1: [1015, 503, 1041, 530]}","{1: [1015, 503, 1041, 530]}","{1: [1015.0, 503.0, 1041.0, 530.0]}",162,"(1028, 516)",1028,516,13,24,27.29,27.29,459.0,31.6,-5.83,36.1,0.96
"{1: [1038, 549, 1061, 573]}","{1: [1038, 549, 1061, 573]}","{1: [1038, 549, 1061, 573]}","{1: [1038.0, 549.0, 1061.0, 573.0]}",163,"(1049, 561)",1049,561,21,45,49.66,49.66,492.4,33.4,22.37,37.8,1.7
"{1: [1060, 594, 1076, 611], 2: [1106, 683, 1123, 701]}","{1: [1060, 594, 1076, 611]}","{1: [1060, 594, 1076, 611]}","{1: [1060.0, 594.0, 1076.0, 611.0]}",164,"(1068, 602)",1068,602,19,41,45.19,45.19,526.8,34.4,-4.47,38.7,0.9
"{1: [1083, 636, 1098, 652]}","{1: [1083, 636, 1098, 652]}","{1: [1083, 636, 1098, 652]}","{1: [1083.0, 636.0, 1098.0, 652.0]}",165,"(1090, 644)",1090,644,22,42,47.41,47.41,563.0,36.2,2.22,40.5,1.87
"{1: [1096, 634, 1117, 657]}","{1: [1096, 634, 1117, 657]}","{1: [1096, 634, 1117, 657]}","{1: [1096.0, 634.0, 1117.0, 657.0]}",166,"(1106, 645)",1106,645,16,1,16.03,16.03,593.6,30.6,-31.38,37.1,-3.42
"{1: [1113, 640, 1133, 660], 2: [1107, 629, 1141, 667]}","{1: [1113, 640, 1133, 660]}","{1: [1113, 640, 1133, 660]}","{1: [1113.0, 640.0, 1133.0, 660.0]}",167,"(1123, 650)",1123,650,17,5,17.72,17.72,620.4,26.8,1.69,35.2,-1.91
"{1: [1131, 645, 1151, 667]}","{1: [1131, 645, 1151, 667]}","{1: [1131, 645, 1151, 667]}","{1: [1131.0, 645.0, 1151.0, 667.0]}",168,"(1141, 656)",1141,656,18,6,18.97,18.97,639.4,19.0,1.25,29.1,-6.14
"{1: [1153, 657, 1168, 674]}","{1: [1153, 657, 1168, 674]}","{1: [1153, 657, 1168, 674]}","{1: [1153.0, 657.0, 1168.0, 674.0]}",169,"(1160, 665)",1160,665,19,9,21.02,21.02,652.0,12.6,2.05,24.2,-4.83
"{1: [1167, 666, 1191, 691]}","{1: [1167, 666, 1191, 691]}","{1: [1167, 666, 1191, 691]}","{1: [1167.0, 666.0, 1191.0, 691.0]}",170,"(1179, 678)",1179,678,19,13,23.02,23.02,658.8,6.8,2.0,19.4,-4.88
"{1: [1190, 680, 1212, 702]}","{1: [1190, 680, 1212, 702]}","{1: [1190, 680, 1212, 702]}","{1: [1190.0, 680.0, 1212.0, 702.0]}",171,"(1201, 691)",1201,691,22,13,25.55,25.55,668.0,9.2,2.53,21.3,1.9
"{1: [1206, 694, 1232, 721], 2: [1208, 697, 1237, 724]}","{1: [1208, 697, 1237, 724]}","{1: [1208, 697, 1237, 724]}","{1: [1208.0, 697.0, 1237.0, 724.0]}",172,"(1222, 710)",1222,710,21,19,28.32,28.32,680.0,12.0,2.77,23.4,2.12
"{1: [1230, 718, 1252, 742]}","{1: [1230, 718, 1252, 742]}","{1: [1230, 718, 1252, 742]}","{1: [1230.0, 718.0, 1252.0, 742.0]}",173,"(1241, 730)",1241,730,19,20,27.59,27.59,694.8,14.8,-0.73,25.1,1.72
"{1: [1253, 741, 1272, 764]}","{1: [1253, 741, 1272, 764]}","{1: [1253, 741, 1272, 764]}","{1: [1253.0, 741.0, 1272.0, 764.0]}",174,"(1262, 752)",1262,752,21,22,30.41,30.41,712.2,17.4,2.82,27.0,1.88
{},{},{},"{1: [1213.0, 674.0, 1232.0, 696.0]}",175,"(1222, 685)",1222,685,-40,-67,78.03,-78.03,713.6,1.4,-108.44,38.0,-20.21
{},{},{},"{1: [1178.0, 614.0, 1197.0, 636.0]}",176,"(1187, 625)",1187,625,-35,-60,69.46,-69.46,700.4,-13.2,8.57,46.8,-19.0
"{1: [1151, 569, 1171, 589]}","{1: [1151, 569, 1171, 589]}","{1: [1151, 569, 1171, 589]}","{1: [1151.0, 569.0, 1171.0, 589.0]}",177,"(1161, 579)",1161,579,-26,-46,52.84,-52.84,674.2,-26.2,16.62,51.7,-16.23
"{1: [1105, 500, 1126, 524]}","{1: [1105, 500, 1126, 524]}","{1: [1105, 500, 1126, 524]}","{1: [1105.0, 500.0, 1126.0, 524.0]}",178,"(1115, 512)",1115,512,-46,-67,81.27,-81.27,630.6,-43.6,-28.43,62.4,-21.77
{},{},{},"{1: [1074.0, 462.0, 1095.0, 485.0]}",179,"(1084, 473)",1084,473,-31,-39,49.82,-49.82,574.8,-55.8,31.45,66.3,-16.05
{},{},{},"{1: [1045.0, 426.0, 1066.0, 449.0]}",180,"(1055, 437)",1055,437,-29,-36,46.23,-46.23,525.2,-49.6,3.59,59.9,6.36
{},{},{},"{1: [1020.0, 394.0, 1041.0, 417.0]}",181,"(1030, 405)",1030,405,-25,-32,40.61,-40.61,481.2,-44.0,5.62,54.2,5.77
"{1: [1001, 371, 1022, 392]}","{1: [1001, 371, 1022, 392]}","{1: [1001, 371, 1022, 392]}","{1: [1001.0, 371.0, 1022.0, 392.0]}",182,"(1011, 381)",1011,381,-19,-24,30.61,-30.61,441.6,-39.6,10.0,49.7,4.45
"{1: [974, 346, 998, 370]}","{1: [974, 346, 998, 370]}","{1: [974, 346, 998, 370]}","{1: [974.0, 346.0, 998.0, 370.0]}",183,"(986, 358)",986,358,-25,-23,33.97,-33.97,410.8,-30.8,-3.36,40.2,9.46
"{1: [957, 332, 977, 354]}","{1: [957, 332, 977, 354]}","{1: [957, 332, 977, 354]}","{1: [957.0, 332.0, 977.0, 354.0]}",184,"(967, 343)",967,343,-19,-15,24.21,-24.21,384.8,-26.0,9.76,35.1,5.12
"{1: [943, 322, 957, 338]}","{1: [943, 322, 957, 338]}","{1: [943, 322, 957, 338]}","{1: [943.0, 322.0, 957.0, 338.0]}",185,"(950, 330)",950,330,-17,-13,21.4,-21.4,363.4,-21.4,2.81,30.2,4.97
"{1: [920, 308, 941, 331], 2: [915, 297, 949, 335]}","{1: [920, 308, 941, 331]}","{1: [920, 308, 941, 331]}","{1: [920.0, 308.0, 941.0, 331.0]}",186,"(930, 319)",930,319,-20,-11,22.83,-22.83,346.2,-17.2,-1.43,26.6,3.56
"{1: [905, 301, 926, 322]}","{1: [905, 301, 926, 322]}","{1: [905, 301, 926, 322]}","{1: [905.0, 301.0, 926.0, 322.0]}",187,"(915, 311)",915,311,-15,-8,17.0,-17.0,332.2,-14.0,5.83,23.9,2.72
"{1: [894, 298, 908, 316]}","{1: [894, 298, 908, 316]}","{1: [894, 298, 908, 316]}","{1: [894.0, 298.0, 908.0, 316.0]}",188,"(901, 307)",901,307,-14,-4,14.56,-14.56,322.0,-10.2,2.44,20.0,3.88
{},{},{},"{1: [876.0, 296.0, 896.0, 317.0]}",189,"(886, 306)",886,306,-15,-1,15.03,-15.03,314.6,-7.4,-0.47,18.2,1.84
{},{},{},"{1: [862.0, 296.0, 883.0, 317.0]}",190,"(872, 306)",872,306,-14,0,14.0,14.0,309.8,-4.8,29.03,16.7,7.08
{},{},{},"{1: [850.0, 295.0, 870.0, 316.0]}",191,"(860, 305)",860,305,-12,-1,12.04,-12.04,307.0,-2.8,-26.04,14.5,2.16
{},{},{},"{1: [838.0, 295.0, 859.0, 316.0]}",192,"(848, 305)",848,305,-12,0,12.0,12.0,305.8,-1.2,24.04,13.5,5.8
"{1: [827, 294, 854, 318]}","{1: [827, 294, 854, 318]}","{1: [827, 294, 854, 318]}","{1: [827.0, 294.0, 854.0, 318.0]}",193,"(840, 306)",840,306,-8,1,8.06,8.06,305.6,-0.2,-3.94,12.2,4.52
"{1: [821, 305, 835, 320]}","{1: [821, 305, 835, 320]}","{1: [821, 305, 835, 320]}","{1: [821.0, 305.0, 835.0, 320.0]}",194,"(828, 312)",828,312,-12,6,13.42,13.42,306.8,1.2,5.36,11.9,5.69
"{1: [808, 305, 830, 329]}","{1: [808, 305, 830, 329]}","{1: [808, 305, 830, 329]}","{1: [808.0, 305.0, 830.0, 329.0]}",195,"(819, 317)",819,317,-9,5,10.3,10.3,309.0,2.2,-3.12,11.2,-0.74
"{1: [801, 305, 822, 326], 2: [797, 295, 829, 332]}","{1: [797, 295, 829, 332]}","{1: [797, 295, 829, 332]}","{1: [797.0, 295.0, 829.0, 332.0]}",196,"(813, 313)",813,313,-6,-4,7.21,-7.21,310.6,1.6,-17.51,10.2,0.97
{},{},{},"{1: [791.0, 278.0, 819.0, 309.0]}",197,"(805, 293)",805,293,-8,-20,21.54,-21.54,308.2,-2.4,-14.33,12.1,-6.71
{},{},{},"{1: [785.0, 260.0, 813.0, 291.0]}",198,"(799, 275)",799,275,-6,-18,18.97,-18.97,302.0,-6.2,2.57,14.3,-5.41
"{1: [782, 251, 806, 276]}","{1: [782, 251, 806, 276]}","{1: [782, 251, 806, 276]}","{1: [782.0, 251.0, 806.0, 276.0]}",199,"(794, 263)",794,263,-5,-12,13.0,-13.0,292.2,-9.8,5.97,14.2,-5.28
"{1: [774, 237, 798, 262]}","{1: [774, 237, 798, 262]}","{1: [774, 237, 798, 262]}","{1: [774.0, 237.0, 798.0, 262.0]}",200,"(786, 249)",786,249,-8,-14,16.12,-16.12,278.6,-13.6,-3.12,15.4,-5.28
"{1: [775, 230, 788, 244]}","{1: [775, 230, 788, 244]}","{1: [775, 230, 788, 244]}","{1: [775.0, 230.0, 788.0, 244.0]}",201,"(781, 237)",781,237,-5,-12,13.0,-13.0,263.4,-15.2,3.12,16.5,-1.16
{},{},{},"{1: [766.0, 216.0, 784.0, 236.0]}",202,"(775, 226)",775,226,-6,-11,12.53,-12.53,250.0,-13.4,0.47,14.7,1.8
"{1: [761, 206, 784, 232]}","{1: [761, 206, 784, 232]}","{1: [761, 206, 784, 232]}","{1: [761.0, 206.0, 784.0, 232.0]}",203,"(772, 219)",772,219,-3,-7,7.62,-7.62,238.8,-11.2,4.91,12.5,2.27
"{1: [761, 203, 783, 226]}","{1: [761, 203, 783, 226]}","{1: [761, 203, 783, 226]}","{1: [761.0, 203.0, 783.0, 226.0]}",204,"(772, 214)",772,214,0,-5,5.0,-5.0,229.0,-9.8,2.62,10.9,1.6
"{1: [774, 211, 789, 228]}","{1: [774, 211, 789, 228]}","{1: [774, 211, 789, 228]}","{1: [774.0, 211.0, 789.0, 228.0]}",205,"(781, 219)",781,219,9,5,10.3,10.3,223.0,-6.0,15.3,9.7,5.28
{},{},{},"{1: [787.0, 224.0, 804.0, 243.0]}",206,"(795, 233)",795,233,14,14,19.8,19.8,222.2,-0.8,9.5,11.1,6.56
{},{},{},"{1: [802.0, 238.0, 819.0, 257.0]}",207,"(810, 247)",810,247,15,14,20.52,20.52,226.4,4.2,0.72,12.6,6.61
{},{},{},"{1: [816.0, 252.0, 833.0, 271.0]}",208,"(824, 261)",824,261,14,14,19.8,19.8,234.8,8.4,-0.72,15.1,5.48
{},{},{},"{1: [829.0, 265.0, 846.0, 284.0]}",209,"(837, 274)",837,274,13,13,18.38,18.38,246.8,12.0,-1.42,17.8,4.68
{},{},{},"{1: [841.0, 277.0, 858.0, 296.0]}",210,"(849, 286)",849,286,12,12,16.97,16.97,260.2,13.4,-1.41,19.1,1.33
{},{},{},"{1: [852.0, 288.0, 869.0, 307.0]}",211,"(860, 297)",860,297,11,11,15.56,15.56,273.0,12.8,-1.41,18.2,-0.85
"{1: [861, 296, 880, 317]}","{1: [861, 296, 880, 317]}","{1: [861, 296, 880, 317]}","{1: [861.0, 296.0, 880.0, 317.0]}",212,"(870, 306)",870,306,10,9,13.45,13.45,284.8,11.8,-2.11,16.8,-1.41
"{1: [872, 310, 897, 336], 2: [875, 312, 902, 339], 3: [872, 307, 902, 345]}","{1: [872, 310, 897, 336]}","{1: [872, 310, 897, 336]}","{1: [872.0, 310.0, 897.0, 336.0]}",213,"(884, 323)",884,323,14,17,22.02,22.02,297.2,12.4,8.57,17.3,0.44
"{1: [890, 333, 910, 356]}","{1: [890, 333, 910, 356]}","{1: [890, 333, 910, 356]}","{1: [890.0, 333.0, 910.0, 356.0]}",214,"(900, 344)",900,344,16,21,26.4,26.4,311.2,14.0,4.38,18.9,1.6
"{1: [901, 353, 926, 380]}","{1: [901, 353, 926, 380]}","{1: [901, 353, 926, 380]}","{1: [901.0, 353.0, 926.0, 380.0]}",215,"(913, 366)",913,366,13,22,25.55,25.55,327.2,16.0,-0.85,20.6,1.72
{},{},{},"{1: [919.0, 391.0, 941.0, 414.0]}",216,"(930, 402)",930,402,17,36,39.81,39.81,348.2,21.0,14.26,25.4,4.85
{},{},{},"{1: [936.0, 426.0, 958.0, 450.0]}",217,"(947, 438)",947,438,17,36,39.81,39.81,374.6,26.4,0.0,30.7,5.27
{},{},{},"{1: [951.0, 459.0, 974.0, 483.0]}",218,"(962, 471)",962,471,15,33,36.25,36.25,404.2,29.6,-3.56,33.6,2.85
{},{},{},"{1: [965.0, 489.0, 988.0, 512.0]}",219,"(976, 500)",976,500,14,29,32.2,32.2,435.4,31.2,-4.05,34.7,1.16
"{1: [978, 514, 998, 534]}","{1: [978, 514, 998, 534]}","{1: [978, 514, 998, 534]}","{1: [978.0, 514.0, 998.0, 534.0]}",220,"(988, 524)",988,524,12,24,26.83,26.83,467.0,31.6,-5.37,35.0,0.26
"{1: [999, 558, 1022, 581], 2: [992, 549, 1018, 577]}","{1: [992, 549, 1018, 577]}","{1: [992, 549, 1018, 577]}","{1: [992.0, 549.0, 1018.0, 577.0]}",221,"(1005, 563)",1005,563,17,39,42.54,42.54,499.2,32.2,15.71,35.5,0.55
"{1: [1011, 596, 1029, 616]}","{1: [1011, 596, 1029, 616]}","{1: [1011, 596, 1029, 616]}","{1: [1011.0, 596.0, 1029.0, 616.0]}",222,"(1020, 606)",1020,606,15,43,45.54,45.54,532.8,33.6,3.0,36.7,1.15
"{1: [1026, 629, 1048, 652]}","{1: [1026, 629, 1048, 652]}","{1: [1026, 629, 1048, 652]}","{1: [1026.0, 629.0, 1048.0, 652.0]}",223,"(1037, 640)",1037,640,17,34,38.01,38.01,566.6,33.8,-7.53,37.0,0.35
"{1: [1039, 627, 1069, 654], 2: [1041, 626, 1064, 651]}","{1: [1039, 627, 1069, 654]}","{1: [1039, 627, 1069, 654]}","{1: [1039.0, 627.0, 1069.0, 654.0]}",224,"(1054, 640)",1054,640,17,0,17.0,17.0,594.6,28.0,-21.01,34.0,-3.04
"{1: [1062, 634, 1076, 651]}","{1: [1062, 634, 1076, 651]}","{1: [1062, 634, 1076, 651]}","{1: [1062.0, 634.0, 1076.0, 651.0]}",225,"(1069, 642)",1069,642,15,2,15.13,15.13,618.2,23.6,-1.87,31.6,-2.34
"{1: [1072, 635, 1093, 658]}","{1: [1072, 635, 1093, 658]}","{1: [1072, 635, 1093, 658]}","{1: [1072.0, 635.0, 1093.0, 658.0]}",226,"(1082, 646)",1082,646,13,4,13.6,13.6,634.8,16.6,-1.53,25.9,-5.79
"{1: [1088, 644, 1109, 667], 2: [1082, 633, 1117, 671]}","{1: [1088, 644, 1109, 667]}","{1: [1088, 644, 1109, 667]}","{1: [1088.0, 644.0, 1109.0, 667.0]}",227,"(1098, 655)",1098,655,16,9,18.36,18.36,644.6,9.8,4.76,20.4,-5.44
"{1: [1107, 652, 1123, 674], 2: [1099, 647, 1131, 684]}","{1: [1099, 647, 1131, 684]}","{1: [1099, 647, 1131, 684]}","{1: [1099.0, 647.0, 1131.0, 684.0]}",228,"(1115, 665)",1115,665,17,10,19.72,19.72,649.6,5.0,1.36,16.8,-3.66
"{1: [1118, 664, 1142, 690]}","{1: [1118, 664, 1142, 690]}","{1: [1118, 664, 1142, 690]}","{1: [1118.0, 664.0, 1142.0, 690.0]}",229,"(1130, 677)",1130,677,15,12,19.21,19.21,657.0,7.4,-0.51,17.2,0.44
"{1: [1138, 682, 1157, 700], 2: [1133, 675, 1164, 707]}","{1: [1138, 682, 1157, 700]}","{1: [1138, 682, 1157, 700]}","{1: [1138.0, 682.0, 1157.0, 700.0]}",230,"(1147, 691)",1147,691,17,14,22.02,22.02,666.8,9.8,2.81,18.6,1.38
"{1: [1150, 694, 1178, 724]}","{1: [1150, 694, 1178, 724]}","{1: [1150, 694, 1178, 724]}","{1: [1150.0, 694.0, 1178.0, 724.0]}",231,"(1164, 709)",1164,709,17,18,24.76,24.76,679.4,12.6,2.74,20.8,2.23
"{1: [1166, 717, 1191, 743]}","{1: [1166, 717, 1191, 743]}","{1: [1166, 717, 1191, 743]}","{1: [1166.0, 717.0, 1191.0, 743.0]}",232,"(1178, 730)",1178,730,14,21,25.24,25.24,694.4,15.0,0.48,22.2,1.38
"{1: [1184, 741, 1208, 766], 2: [1183, 736, 1214, 775], 3: [1188, 744, 1215, 771]}","{1: [1188, 744, 1215, 771]}","{1: [1188, 744, 1215, 771]}","{1: [1188.0, 744.0, 1215.0, 771.0]}",233,"(1201, 757)",1201,757,23,27,35.47,35.47,712.8,18.4,10.23,25.3,3.15
{},{},{},"{1: [1195.0, 752.0, 1218.0, 776.0]}",234,"(1206, 764)",1206,764,5,7,8.6,8.6,730.2,17.4,-26.87,23.2,-2.12
"{1: [1203, 760, 1221, 781]}","{1: [1203, 760, 1221, 781]}","{1: [1203, 760, 1221, 781]}","{1: [1203.0, 760.0, 1221.0, 781.0]}",235,"(1212, 770)",1212,770,6,6,8.49,8.49,746.0,15.8,-0.11,20.5,-2.71
"{1: [1016, 706, 1035, 726]}",{},{},"{1: [1155.0, 676.0, 1173.0, 696.0]}",236,"(1164, 686)",1164,686,-48,-84,96.75,-96.75,741.4,-4.6,-105.24,34.9,-24.3
"{1: [1110, 596, 1131, 619]}",{},{},"{1: [1112.0, 601.0, 1130.0, 621.0]}",237,"(1121, 611)",1121,611,-43,-75,86.45,-86.45,717.6,-23.8,10.3,47.2,-22.34
"{1: [1079, 544, 1097, 563]}","{1: [1079, 544, 1097, 563]}","{1: [1079, 544, 1097, 563]}","{1: [1079.0, 544.0, 1097.0, 563.0]}",238,"(1088, 553)",1088,553,-33,-58,66.73,-66.73,676.8,-40.8,19.72,53.4,-20.44
"{1: [1046, 491, 1069, 517]}","{1: [1046, 491, 1069, 517]}","{1: [1046, 491, 1069, 517]}","{1: [1046.0, 491.0, 1069.0, 517.0]}",239,"(1057, 504)",1057,504,-31,-49,57.98,-57.98,624.8,-52.0,8.75,63.3,-13.32
{},{},{},"{1: [1021.0, 461.0, 1045.0, 486.0]}",240,"(1033, 473)",1033,473,-24,-31,39.2,-39.2,565.4,-59.4,18.78,69.4,-9.54
{},{},{},"{1: [998.0, 432.0, 1022.0, 457.0]}",241,"(1010, 444)",1010,444,-23,-29,37.01,-37.01,517.0,-48.4,2.19,57.5,11.95
{},{},{},"{1: [976.0, 405.0, 1000.0, 430.0]}",242,"(988, 417)",988,417,-22,-27,34.83,-34.83,478.2,-38.8,2.18,47.2,10.32
{},{},{},"{1: [956.0, 379.0, 980.0, 404.0]}",243,"(968, 391)",968,391,-20,-26,32.8,-32.8,445.8,-32.4,2.03,40.4,6.79
{},{},{},"{1: [938.0, 356.0, 962.0, 381.0]}",244,"(950, 368)",950,368,-18,-23,29.21,-29.21,418.6,-27.2,3.59,34.6,5.75
"{1: [924, 339, 949, 363]}","{1: [924, 339, 949, 363]}","{1: [924, 339, 949, 363]}","{1: [924.0, 339.0, 949.0, 363.0]}",245,"(936, 351)",936,351,-14,-17,22.02,-22.02,394.2,-24.4,7.19,31.2,3.44
"{1: [909, 329, 928, 348]}","{1: [909, 329, 928, 348]}","{1: [909, 329, 928, 348]}","{1: [909.0, 329.0, 928.0, 348.0]}",246,"(918, 338)",918,338,-18,-13,22.2,-22.2,373.0,-21.2,-0.18,28.2,2.96
"{1: [898, 318, 917, 338], 2: [893, 314, 924, 345]}","{1: [893, 314, 924, 345]}","{1: [893, 314, 924, 345]}","{1: [893.0, 314.0, 924.0, 345.0]}",247,"(908, 329)",908,329,-10,-9,13.45,-13.45,355.4,-17.6,8.75,23.9,4.28
"{1: [881, 309, 904, 335]}","{1: [881, 309, 904, 335]}","{1: [881, 309, 904, 335]}","{1: [881.0, 309.0, 904.0, 335.0]}",248,"(892, 322)",892,322,-16,-7,17.46,-17.46,341.6,-13.8,-4.01,20.9,3.07
"{1: [871, 307, 891, 328]}","{1: [871, 307, 891, 328]}","{1: [871, 307, 891, 328]}","{1: [871.0, 307.0, 891.0, 328.0]}",249,"(881, 317)",881,317,-11,-5,12.08,-12.08,331.4,-10.2,5.38,17.4,3.43
"{1: [860, 306, 880, 326]}","{1: [860, 306, 880, 326]}","{1: [860, 306, 880, 326]}","{1: [860.0, 306.0, 880.0, 326.0]}",250,"(870, 316)",870,316,-11,-1,11.05,-11.05,324.4,-7.0,1.03,15.2,2.19
"{1: [849, 304, 869, 324], 2: [844, 294, 877, 331]}","{1: [849, 304, 869, 324]}","{1: [849, 304, 869, 324]}","{1: [849.0, 304.0, 869.0, 324.0]}",251,"(859, 314)",859,314,-11,-2,11.18,-11.18,319.6,-4.8,-0.13,13.0,2.2
"{1: [842, 307, 857, 324]}","{1: [842, 307, 857, 324]}","{1: [842, 307, 857, 324]}","{1: [842.0, 307.0, 857.0, 324.0]}",252,"(849, 315)",849,315,-10,1,10.05,10.05,316.8,-2.8,21.23,12.4,4.7
"{1: [830, 303, 854, 329]}","{1: [830, 303, 854, 329]}","{1: [830, 303, 854, 329]}","{1: [830.0, 303.0, 854.0, 329.0]}",253,"(842, 316)",842,316,-7,1,7.07,7.07,315.6,-1.2,-2.98,10.3,4.91
"{1: [823, 308, 843, 329]}","{1: [823, 308, 843, 329]}","{1: [823, 308, 843, 329]}","{1: [823.0, 308.0, 843.0, 329.0]}",254,"(833, 318)",833,318,-9,2,9.22,9.22,315.8,0.2,2.15,9.7,4.26
"{1: [814, 309, 836, 332]}","{1: [814, 309, 836, 332]}","{1: [814, 309, 836, 332]}","{1: [814.0, 309.0, 836.0, 332.0]}",255,"(825, 320)",825,320,-8,2,8.25,8.25,316.6,0.8,-0.97,9.2,3.86
"{1: [805, 305, 830, 332]}","{1: [805, 305, 830, 332]}","{1: [805, 305, 830, 332]}","{1: [805.0, 305.0, 830.0, 332.0]}",256,"(817, 318)",817,318,-8,-2,8.25,-8.25,317.4,0.8,-16.5,8.6,0.59
{},{},{},"{1: [798.0, 286.0, 822.0, 312.0]}",257,"(810, 299)",810,299,-7,-19,20.25,-20.25,314.2,-3.2,-12.0,10.6,-6.06
{},{},{},"{1: [792.0, 268.0, 816.0, 294.0]}",258,"(804, 281)",804,281,-6,-18,18.97,-18.97,307.2,-7.0,1.28,13.0,-5.21
{},{},{},"{1: [786.0, 253.0, 811.0, 279.0]}",259,"(798, 266)",798,266,-6,-15,16.16,-16.16,296.8,-10.4,2.81,14.4,-5.08
"{1: [783, 242, 807, 267]}","{1: [783, 242, 807, 267]}","{1: [783, 242, 807, 267]}","{1: [783.0, 242.0, 807.0, 267.0]}",260,"(795, 254)",795,254,-3,-12,12.37,-12.37,283.6,-13.2,3.79,15.2,-4.12
"{1: [780, 227, 805, 255]}","{1: [780, 227, 805, 255]}","{1: [780, 227, 805, 255]}","{1: [780.0, 227.0, 805.0, 255.0]}",261,"(792, 241)",792,241,-3,-13,13.34,-13.34,268.2,-15.4,-0.97,16.2,-1.02
"{1: [777, 224, 796, 243]}","{1: [777, 224, 796, 243]}","{1: [777, 224, 796, 243]}","{1: [777.0, 224.0, 796.0, 243.0]}",262,"(786, 233)",786,233,-6,-8,10.0,-10.0,255.0,-13.2,3.34,14.2,2.05
"{1: [772, 212, 792, 234]}","{1: [772, 212, 792, 234]}","{1: [772, 212, 792, 234]}","{1: [772.0, 212.0, 792.0, 234.0]}",263,"(782, 223)",782,223,-4,-10,10.77,-10.77,243.4,-11.6,-0.77,12.5,1.64
"{1: [774, 211, 791, 230]}","{1: [774, 211, 791, 230]}","{1: [774, 211, 791, 230]}","{1: [774.0, 211.0, 791.0, 230.0]}",264,"(782, 220)",782,220,0,-3,3.0,-3.0,234.2,-9.2,7.77,9.9,2.63
{},{},{},"{1: [784.0, 224.0, 800.0, 241.0]}",265,"(792, 232)",792,232,10,12,15.62,15.62,229.8,-4.4,18.62,10.5,5.6
{},{},{},"{1: [795.0, 237.0, 810.0, 254.0]}",266,"(802, 245)",802,245,10,13,16.4,16.4,230.6,0.8,0.78,11.2,5.95
{},{},{},"{1: [805.0, 249.0, 820.0, 266.0]}",267,"(812, 257)",812,257,10,12,15.62,15.62,235.4,4.8,-0.78,12.3,5.12
{},{},{},"{1: [814.0, 261.0, 830.0, 278.0]}",268,"(822, 269)",822,269,10,12,15.62,15.62,244.6,9.2,0.0,13.3,5.28
{},{},{},"{1: [824.0, 272.0, 839.0, 289.0]}",269,"(831, 280)",831,280,9,11,14.21,14.21,256.6,12.0,-1.41,15.5,3.44
{},{},{},"{1: [832.0, 282.0, 848.0, 299.0]}",270,"(840, 290)",840,290,9,10,13.45,13.45,268.2,11.6,-0.76,15.1,-0.43
{},{},{},"{1: [840.0, 292.0, 855.0, 309.0]}",271,"(847, 300)",847,300,7,10,12.21,12.21,279.2,11.0,-1.24,14.2,-0.84
"{1: [847, 301, 861, 316]}","{1: [847, 301, 861, 316]}","{1: [847, 301, 861, 316]}","{1: [847.0, 301.0, 861.0, 316.0]}",272,"(854, 308)",854,308,7,8,10.63,10.63,289.4,10.2,-1.58,13.2,-1.0
"{1: [854, 315, 877, 339]}","{1: [854, 315, 877, 339]}","{1: [854, 315, 877, 339]}","{1: [854.0, 315.0, 877.0, 339.0]}",273,"(865, 327)",865,327,11,19,21.95,21.95,301.0,11.6,11.32,14.5,1.27
"{1: [860, 334, 887, 364]}","{1: [860, 334, 887, 364]}","{1: [860, 334, 887, 364]}","{1: [860.0, 334.0, 887.0, 364.0]}",274,"(873, 349)",873,349,8,22,23.41,23.41,314.8,13.8,1.46,16.3,1.84
"{1: [871, 358, 897, 385]}","{1: [871, 358, 897, 385]}","{1: [871, 358, 897, 385]}","{1: [871.0, 358.0, 897.0, 385.0]}",275,"(884, 371)",884,371,11,22,24.6,24.6,331.0,16.2,1.19,18.6,2.23
{},{},{},"{1: [885.0, 395.0, 908.0, 419.0]}",276,"(896, 407)",896,407,12,36,37.95,37.95,352.4,21.4,13.35,23.7,5.15
{},{},{},"{1: [898.0, 429.0, 921.0, 453.0]}",277,"(909, 441)",909,441,13,34,36.4,36.4,379.0,26.6,-1.55,28.9,5.15
{},{},{},"{1: [909.0, 459.0, 932.0, 483.0]}",278,"(920, 471)",920,471,11,30,31.95,31.95,407.8,28.8,-4.45,30.9,2.0
"{1: [920, 485, 940, 506]}","{1: [920, 485, 940, 506]}","{1: [920, 485, 940, 506]}","{1: [920.0, 485.0, 940.0, 506.0]}",279,"(930, 495)",930,495,10,24,26.0,26.0,437.0,29.2,-5.95,31.4,0.52
"{1: [926, 514, 949, 537]}","{1: [926, 514, 949, 537]}","{1: [926, 514, 949, 537]}","{1: [926.0, 514.0, 949.0, 537.0]}",280,"(937, 525)",937,525,7,30,30.81,30.81,467.8,30.8,4.81,32.6,1.24
{},{},{},"{1: [937.0, 545.0, 963.0, 570.0]}",281,"(950, 557)",950,557,13,32,34.54,34.54,497.8,30.0,3.73,31.9,-0.68
{},{},{},"{1: [949.0, 576.0, 975.0, 601.0]}",282,"(962, 588)",962,588,12,31,33.24,33.24,527.2,29.4,-1.3,31.3,-0.63
{},{},{},"{1: [961.0, 604.0, 987.0, 629.0]}",283,"(974, 616)",974,616,12,28,30.46,30.46,556.2,29.0,-2.78,31.0,-0.3
"{1: [969, 625, 998, 652]}","{1: [969, 625, 998, 652]}","{1: [969, 625, 998, 652]}","{1: [969.0, 625.0, 998.0, 652.0]}",284,"(983, 638)",983,638,9,22,23.77,23.77,584.8,28.6,-6.69,30.6,-0.45
"{1: [984, 634, 1000, 652]}","{1: [984, 634, 1000, 652]}","{1: [984, 634, 1000, 652]}","{1: [984.0, 634.0, 1000.0, 652.0]}",285,"(992, 643)",992,643,9,5,10.3,10.3,608.4,23.6,-13.47,26.5,-4.1
"{1: [994, 637, 1014, 656], 2: [990, 628, 1020, 664]}","{1: [994, 637, 1014, 656]}","{1: [994, 637, 1014, 656]}","{1: [994.0, 637.0, 1014.0, 656.0]}",286,"(1004, 646)",1004,646,12,3,12.37,12.37,626.2,17.8,2.07,22.0,-4.43
"{1: [1002, 645, 1024, 669]}","{1: [1002, 645, 1024, 669]}","{1: [1002, 645, 1024, 669]}","{1: [1002.0, 645.0, 1024.0, 669.0]}",287,"(1013, 657)",1013,657,9,11,14.21,14.21,640.0,13.8,1.84,18.2,-3.81
"{1: [1017, 659, 1035, 676], 2: [1010, 650, 1044, 686]}","{1: [1017, 659, 1035, 676]}","{1: [1017, 659, 1035, 676]}","{1: [1017.0, 659.0, 1035.0, 676.0]}",288,"(1026, 667)",1026,667,13,10,16.4,16.4,650.2,10.2,2.19,15.4,-2.81
"{1: [1023, 668, 1048, 695]}","{1: [1023, 668, 1048, 695]}","{1: [1023, 668, 1048, 695]}","{1: [1023.0, 668.0, 1048.0, 695.0]}",289,"(1035, 681)",1035,681,9,14,16.64,16.64,658.8,8.6,0.24,14.0,-1.43
"{1: [1039, 688, 1056, 707]}","{1: [1039, 688, 1056, 707]}","{1: [1039, 688, 1056, 707]}","{1: [1039.0, 688.0, 1056.0, 707.0]}",290,"(1047, 697)",1047,697,12,16,20.0,20.0,669.6,10.8,3.36,15.9,1.94
"{1: [1049, 707, 1070, 728]}","{1: [1049, 707, 1070, 728]}","{1: [1049, 707, 1070, 728]}","{1: [1049.0, 707.0, 1070.0, 728.0]}",291,"(1059, 717)",1059,717,12,20,23.32,23.32,683.8,14.2,3.32,18.1,2.19
"{1: [1065, 733, 1080, 749]}","{1: [1065, 733, 1080, 749]}","{1: [1065, 733, 1080, 749]}","{1: [1065.0, 733.0, 1080.0, 749.0]}",292,"(1072, 741)",1072,741,13,24,27.29,27.29,700.6,16.8,3.97,20.7,2.62
"{1: [1072, 755, 1094, 776]}","{1: [1072, 755, 1094, 776]}","{1: [1072, 755, 1094, 776]}","{1: [1072.0, 755.0, 1094.0, 776.0]}",293,"(1083, 765)",1083,765,11,24,26.4,26.4,720.2,19.6,-0.89,22.7,2.0
"{1: [1088, 786, 1108, 807]}","{1: [1088, 786, 1108, 807]}","{1: [1088, 786, 1108, 807]}","{1: [1088.0, 786.0, 1108.0, 807.0]}",294,"(1098, 796)",1098,796,15,31,34.44,34.44,743.2,23.0,8.04,26.3,3.56
{},{},{},"{1: [1099.0, 746.0, 1120.0, 768.0]}",295,"(1109, 757)",1109,757,11,-39,40.52,-40.52,755.2,12.0,-74.96,30.4,-12.1
"{1: [1108, 716, 1131, 740]}","{1: [1108, 716, 1131, 740]}","{1: [1108, 716, 1131, 740]}","{1: [1108.0, 716.0, 1131.0, 740.0]}",296,"(1119, 728)",1119,728,10,-29,30.68,-30.68,757.4,2.2,9.84,31.9,-10.8
"{1: [1115, 651, 1142, 680]}","{1: [1115, 651, 1142, 680]}","{1: [1115, 651, 1142, 680]}","{1: [1115.0, 651.0, 1142.0, 680.0]}",297,"(1128, 665)",1128,665,9,-63,63.64,-63.64,742.2,-15.2,-32.96,39.1,-18.19
"{1: [1121, 590, 1143, 612]}","{1: [1121, 590, 1143, 612]}","{1: [1121, 590, 1143, 612]}","{1: [1121.0, 590.0, 1143.0, 612.0]}",298,"(1132, 601)",1132,601,4,-64,64.12,-64.12,709.4,-32.8,-0.48,46.7,-18.1
"{1: [1128, 531, 1150, 555], 2: [1125, 526, 1154, 560]}","{1: [1128, 531, 1150, 555]}","{1: [1128, 531, 1150, 555]}","{1: [1128.0, 531.0, 1150.0, 555.0]}",299,"(1139, 543)",1139,543,7,-58,58.42,-58.42,658.8,-50.6,5.7,51.5,-18.57
"{1: [1135, 495, 1150, 511]}","{1: [1135, 495, 1150, 511]}","{1: [1135, 495, 1150, 511]}","{1: [1135.0, 495.0, 1150.0, 511.0]}",300,"(1142, 503)",1142,503,3,-40,40.11,-40.11,608.0,-50.8,18.31,51.4,0.08
{},{},{},"{1: [1137.0, 458.0, 1155.0, 476.0]}",301,"(1146, 467)",1146,467,4,-36,36.22,-36.22,555.8,-52.2,3.89,52.5,-1.11
{},{},{},"{1: [1141.0, 424.0, 1159.0, 442.0]}",302,"(1150, 433)",1150,433,4,-34,34.23,-34.23,509.4,-46.4,1.99,46.6,5.88
{},{},{},"{1: [1145.0, 394.0, 1162.0, 412.0]}",303,"(1153, 403)",1153,403,3,-30,30.15,-30.15,469.8,-39.6,4.08,39.8,6.79
"{1: [1147, 370, 1167, 390]}","{1: [1147, 370, 1167, 390]}","{1: [1147, 370, 1167, 390]}","{1: [1147.0, 370.0, 1167.0, 390.0]}",304,"(1157, 380)",1157,380,4,-23,23.35,-23.35,437.2,-32.6,6.8,32.8,7.01
"{1: [1151, 354, 1170, 373]}","{1: [1151, 354, 1170, 373]}","{1: [1151, 354, 1170, 373]}","{1: [1151.0, 354.0, 1170.0, 373.0]}",305,"(1160, 363)",1160,363,3,-17,17.26,-17.26,409.2,-28.0,6.09,28.2,4.57
"{1: [1151, 334, 1175, 359]}","{1: [1151, 334, 1175, 359]}","{1: [1151, 334, 1175, 359]}","{1: [1151.0, 334.0, 1175.0, 359.0]}",306,"(1163, 346)",1163,346,3,-17,17.26,-17.26,385.0,-24.2,0.0,24.5,3.79
"{1: [1156, 329, 1170, 344]}","{1: [1156, 329, 1170, 344]}","{1: [1156, 329, 1170, 344]}","{1: [1156.0, 329.0, 1170.0, 344.0]}",307,"(1163, 336)",1163,336,0,-10,10.0,-10.0,365.6,-19.4,7.26,19.6,4.85
"{1: [1157, 313, 1179, 337], 2: [1152, 311, 1181, 341]}","{1: [1152, 311, 1181, 341]}","{1: [1152, 311, 1181, 341]}","{1: [1152.0, 311.0, 1181.0, 341.0]}",308,"(1166, 326)",1166,326,3,-10,10.44,-10.44,350.2,-15.4,-0.44,15.7,3.94
"{1: [1157, 308, 1177, 329]}","{1: [1157, 308, 1177, 329]}","{1: [1157, 308, 1177, 329]}","{1: [1157.0, 308.0, 1177.0, 329.0]}",309,"(1167, 318)",1167,318,1,-8,8.06,-8.06,337.8,-12.4,2.38,12.6,3.06
"{1: [1159, 305, 1177, 324]}","{1: [1159, 305, 1177, 324]}","{1: [1159, 305, 1177, 324]}","{1: [1159.0, 305.0, 1177.0, 324.0]}",310,"(1168, 314)",1168,314,1,-4,4.12,-4.12,328.0,-9.8,3.94,10.0,2.63
"{1: [1161, 301, 1182, 321], 2: [1158, 292, 1189, 328]}","{1: [1161, 301, 1182, 321]}","{1: [1161, 301, 1182, 321]}","{1: [1161.0, 301.0, 1182.0, 321.0]}",311,"(1171, 311)",1171,311,3,-3,4.24,-4.24,321.0,-7.0,-0.12,7.4,2.6
"{1: [1160, 294, 1189, 326], 2: [1162, 299, 1186, 323]}","{1: [1162, 299, 1186, 323]}","{1: [1162, 299, 1186, 323]}","{1: [1162.0, 299.0, 1186.0, 323.0]}",312,"(1174, 311)",1174,311,3,0,3.0,3.0,316.0,-5.0,7.24,6.0,2.6
"{1: [1161, 295, 1189, 325], 2: [1162, 299, 1186, 323]}","{1: [1162, 299, 1186, 323]}","{1: [1162, 299, 1186, 323]}","{1: [1162.0, 299.0, 1186.0, 323.0]}",313,"(1174, 311)",1174,311,0,0,0.0,0.0,313.0,-3.0,-3.0,3.9,2.09
"{1: [1162, 297, 1189, 327]}","{1: [1162, 297, 1189, 327]}","{1: [1162, 297, 1189, 327]}","{1: [1162.0, 297.0, 1189.0, 327.0]}",314,"(1175, 312)",1175,312,1,1,1.41,1.41,311.8,-1.2,1.41,2.6,1.89
"{1: [1162, 300, 1189, 331]}","{1: [1162, 300, 1189, 331]}","{1: [1162, 300, 1189, 331]}","{1: [1162.0, 300.0, 1189.0, 331.0]}",315,"(1175, 315)",1175,315,0,3,3.0,3.0,312.0,0.2,1.59,2.3,1.42
"{1: [1163, 305, 1190, 335]}","{1: [1163, 305, 1190, 335]}","{1: [1163, 305, 1190, 335]}","{1: [1163.0, 305.0, 1190.0, 335.0]}",316,"(1176, 320)",1176,320,1,5,5.1,5.1,313.8,1.8,2.1,2.5,1.87
"{1: [1163, 313, 1189, 339], 2: [1162, 309, 1191, 349]}","{1: [1163, 313, 1189, 339]}","{1: [1163, 313, 1189, 339]}","{1: [1163.0, 313.0, 1189.0, 339.0]}",317,"(1176, 326)",1176,326,0,6,6.0,6.0,316.8,3.0,0.9,3.1,0.6
"{1: [1167, 318, 1189, 340]}","{1: [1167, 318, 1189, 340]}","{1: [1167, 318, 1189, 340]}","{1: [1167.0, 318.0, 1189.0, 340.0]}",318,"(1178, 329)",1178,329,2,3,3.61,3.61,320.4,3.6,-2.39,3.8,0.72
"{1: [1166, 298, 1190, 324]}","{1: [1166, 298, 1190, 324]}","{1: [1166, 298, 1190, 324]}","{1: [1166.0, 298.0, 1190.0, 324.0]}",319,"(1178, 311)",1178,311,0,-18,18.0,-18.0,320.2,-0.2,-21.61,7.1,-3.88
{},{},{},"{1: [1166.0, 279.0, 1190.0, 305.0]}",320,"(1178, 292)",1178,292,0,-19,19.0,-19.0,315.6,-4.6,-1.0,10.3,-4.4
"{1: [1167, 266, 1191, 291]}","{1: [1167, 266, 1191, 291]}","{1: [1167, 266, 1191, 291]}","{1: [1167.0, 266.0, 1191.0, 291.0]}",321,"(1179, 278)",1179,278,1,-14,14.04,-14.04,307.2,-8.4,4.96,12.1,-3.83
"{1: [1167, 251, 1189, 274]}","{1: [1167, 251, 1189, 274]}","{1: [1167, 251, 1189, 274]}","{1: [1167.0, 251.0, 1189.0, 274.0]}",322,"(1178, 262)",1178,262,-1,-16,16.03,-16.03,294.4,-12.8,-1.99,14.1,-4.41
"{1: [1166, 237, 1191, 267]}","{1: [1166, 237, 1191, 267]}","{1: [1166, 237, 1191, 267]}","{1: [1166.0, 237.0, 1191.0, 267.0]}",323,"(1178, 252)",1178,252,0,-10,10.0,-10.0,279.0,-15.4,6.03,15.4,-2.72
"{1: [1168, 229, 1190, 251]}","{1: [1168, 229, 1190, 251]}","{1: [1168, 229, 1190, 251]}","{1: [1168.0, 229.0, 1190.0, 251.0]}",324,"(1179, 240)",1179,240,1,-12,12.04,-12.04,264.8,-14.2,-2.04,14.2,1.19
{},{},{},"{1: [1167.0, 218.0, 1190.0, 241.0]}",325,"(1178, 229)",1178,229,-1,-11,11.05,-11.05,252.2,-12.6,0.99,12.6,1.59
"{1: [1168, 210, 1191, 234]}","{1: [1168, 210, 1191, 234]}","{1: [1168, 210, 1191, 234]}","{1: [1168.0, 210.0, 1191.0, 234.0]}",326,"(1179, 222)",1179,222,1,-7,7.07,-7.07,241.0,-11.2,3.98,11.2,1.39
"{1: [1168, 205, 1191, 228]}","{1: [1168, 205, 1191, 228]}","{1: [1168, 205, 1191, 228]}","{1: [1168.0, 205.0, 1191.0, 228.0]}",327,"(1179, 216)",1179,216,0,-6,6.0,-6.0,231.8,-9.2,1.07,9.2,2.01
"{1: [848, 731, 866, 750]}",{},{},"{1: [1157.0, 209.0, 1176.0, 229.0]}",328,"(1166, 219)",1166,219,-13,3,13.34,13.34,225.2,-6.6,19.34,9.9,4.67
{},{},{},"{1: [1146.0, 213.0, 1164.0, 233.0]}",329,"(1155, 223)",1155,223,-11,4,11.7,11.7,221.8,-3.4,-1.64,9.8,4.75
{},{},{},"{1: [1135.0, 216.0, 1153.0, 236.0]}",330,"(1144, 226)",1144,226,-11,3,11.4,11.4,221.2,-0.6,-0.3,9.9,4.49
{},{},{},"{1: [1125.0, 219.0, 1143.0, 239.0]}",331,"(1134, 229)",1134,229,-10,3,10.44,10.44,222.6,1.4,-0.96,10.6,3.5
{},{},{},"{1: [1115.0, 222.0, 1134.0, 242.0]}",332,"(1124, 232)",1124,232,-10,3,10.44,10.44,225.8,3.2,0.0,11.5,3.29
"{1: [1111, 227, 1125, 244]}","{1: [1111, 227, 1125, 244]}","{1: [1111, 227, 1125, 244]}","{1: [1111.0, 227.0, 1125.0, 244.0]}",333,"(1118, 235)",1118,235,-6,3,6.71,6.71,229.0,3.2,-3.73,10.1,-1.33
"{1: [1091, 231, 1118, 260]}","{1: [1091, 231, 1118, 260]}","{1: [1091, 231, 1118, 260]}","{1: [1091.0, 231.0, 1118.0, 260.0]}",334,"(1104, 245)",1104,245,-14,10,17.2,17.2,233.4,4.4,10.49,11.2,1.1
"{1: [1076, 250, 1095, 269]}","{1: [1076, 250, 1095, 269]}","{1: [1076, 250, 1095, 269]}","{1: [1076.0, 250.0, 1095.0, 269.0]}",335,"(1085, 259)",1085,259,-19,14,23.6,23.6,240.0,6.6,6.4,13.7,2.44
"{1: [1060, 260, 1077, 279]}","{1: [1060, 260, 1077, 279]}","{1: [1060, 260, 1077, 279]}","{1: [1060.0, 260.0, 1077.0, 279.0]}",336,"(1068, 269)",1068,269,-17,10,19.72,19.72,248.0,8.0,-3.88,15.5,1.86
"{1: [1039, 269, 1069, 296]}","{1: [1039, 269, 1069, 296]}","{1: [1039, 269, 1069, 296]}","{1: [1039.0, 269.0, 1069.0, 296.0]}",337,"(1054, 282)",1054,282,-14,13,19.1,19.1,258.0,10.0,-0.62,17.3,1.73
{},{},{},"{1: [1018.0, 291.0, 1044.0, 315.0]}",338,"(1031, 303)",1031,303,-23,21,31.14,31.14,271.6,13.6,12.04,22.2,4.89
"{1: [1004, 309, 1026, 331]}","{1: [1004, 309, 1026, 331]}","{1: [1004, 309, 1026, 331]}","{1: [1004.0, 309.0, 1026.0, 331.0]}",339,"(1015, 320)",1015,320,-16,17,23.35,23.35,286.6,15.0,-7.79,23.4,1.23
"{1: [989, 331, 1004, 347]}","{1: [989, 331, 1004, 347]}","{1: [989, 331, 1004, 347]}","{1: [989.0, 331.0, 1004.0, 347.0]}",340,"(996, 339)",996,339,-19,19,26.87,26.87,302.6,16.0,3.52,24.0,0.65
"{1: [967, 342, 997, 370]}","{1: [967, 342, 997, 370]}","{1: [967, 342, 997, 370]}","{1: [967.0, 342.0, 997.0, 370.0]}",341,"(982, 356)",982,356,-14,17,22.02,22.02,320.0,17.4,-4.85,24.5,0.46
{},{},{},"{1: [945.0, 378.0, 968.0, 401.0]}",342,"(956, 389)",956,389,-26,33,42.01,42.01,341.4,21.4,19.99,29.1,4.58
{},{},{},"{1: [921.0, 410.0, 944.0, 433.0]}",343,"(932, 421)",932,421,-24,32,40.0,40.0,365.0,23.6,-2.01,30.8,1.77
{},{},{},"{1: [898.0, 440.0, 922.0, 463.0]}",344,"(910, 451)",910,451,-22,30,37.2,37.2,391.2,26.2,-2.8,33.6,2.77
{},{},{},"{1: [878.0, 467.0, 902.0, 490.0]}",345,"(890, 478)",890,478,-20,27,33.6,33.6,419.0,27.8,-3.6,35.0,1.35
"{1: [867, 492, 884, 509]}","{1: [867, 492, 884, 509]}","{1: [867, 492, 884, 509]}","{1: [867.0, 492.0, 884.0, 509.0]}",346,"(875, 500)",875,500,-15,22,26.63,26.63,447.8,28.8,-6.97,35.9,0.92
"{1: [842, 524, 861, 545]}","{1: [842, 524, 861, 545]}","{1: [842, 524, 861, 545]}","{1: [842.0, 524.0, 861.0, 545.0]}",347,"(851, 534)",851,534,-24,34,41.62,41.62,476.8,29.0,14.99,35.8,-0.08
"{1: [822, 563, 837, 579]}","{1: [822, 563, 837, 579]}","{1: [822, 563, 837, 579]}","{1: [822.0, 563.0, 837.0, 579.0]}",348,"(829, 571)",829,571,-22,37,43.05,43.05,506.8,30.0,1.43,36.4,0.61
"{1: [800, 592, 816, 609]}","{1: [800, 592, 816, 609]}","{1: [800, 592, 816, 609]}","{1: [800.0, 592.0, 816.0, 609.0]}",349,"(808, 600)",808,600,-21,29,35.81,35.81,536.6,29.8,-7.24,36.1,-0.28
"{1: [778, 592, 801, 616], 2: [775, 585, 805, 620]}","{1: [775, 585, 805, 620]}","{1: [775, 585, 805, 620]}","{1: [775.0, 585.0, 805.0, 620.0]}",350,"(790, 602)",790,602,-18,2,18.11,18.11,561.4,24.8,-17.7,33.0,-3.1
"{1: [758, 593, 782, 620]}","{1: [758, 593, 782, 620]}","{1: [758, 593, 782, 620]}","{1: [758.0, 593.0, 782.0, 620.0]}",351,"(770, 606)",770,606,-20,4,20.4,20.4,582.6,21.2,2.29,31.8,-1.25
"{1: [737, 597, 762, 624]}","{1: [737, 597, 762, 624]}","{1: [737, 597, 762, 624]}","{1: [737.0, 597.0, 762.0, 624.0]}",352,"(749, 610)",749,610,-21,4,21.38,21.38,597.8,15.2,0.98,27.8,-4.05
"{1: [725, 610, 739, 627]}","{1: [725, 610, 739, 627]}","{1: [725, 610, 739, 627]}","{1: [725.0, 610.0, 739.0, 627.0]}",353,"(732, 618)",732,618,-17,8,18.79,18.79,607.2,9.4,-2.59,22.9,-4.85
{},{},{},"{1: [699.0, 623.0, 714.0, 640.0]}",354,"(706, 631)",706,631,-26,13,29.07,29.07,613.4,6.2,10.28,21.6,-1.35
"{1: [679, 634, 695, 652]}","{1: [679, 634, 695, 652]}","{1: [679, 634, 695, 652]}","{1: [679.0, 634.0, 695.0, 652.0]}",355,"(687, 643)",687,643,-19,12,22.47,22.47,621.6,8.2,-6.6,22.4,0.87
"{1: [655, 644, 678, 669], 2: [651, 635, 685, 673]}","{1: [655, 644, 678, 669]}","{1: [655, 644, 678, 669]}","{1: [655.0, 644.0, 678.0, 669.0]}",356,"(666, 656)",666,656,-21,13,24.7,24.7,631.6,10.0,2.23,23.3,0.86
"{1: [632, 654, 661, 685], 2: [634, 660, 656, 682]}","{1: [634, 660, 656, 682]}","{1: [634, 660, 656, 682]}","{1: [634.0, 660.0, 656.0, 682.0]}",357,"(645, 671)",645,671,-21,15,25.81,25.81,643.8,12.2,1.11,24.2,0.89
"{1: [609, 677, 636, 703]}","{1: [609, 677, 636, 703]}","{1: [609, 677, 636, 703]}","{1: [609.0, 677.0, 636.0, 703.0]}",358,"(622, 690)",622,690,-23,19,29.83,29.83,658.2,14.4,4.02,26.4,2.21
{},{},{},"{1: [586.0, 707.0, 607.0, 729.0]}",359,"(596, 718)",596,718,-26,28,38.21,38.21,675.6,17.4,8.38,28.2,1.83
{},{},{},"{1: [562.0, 735.0, 583.0, 757.0]}",360,"(572, 746)",572,746,-24,28,36.88,36.88,696.2,20.6,-1.33,31.1,2.88
{},{},{},"{1: [540.0, 761.0, 561.0, 783.0]}",361,"(550, 772)",550,772,-22,26,34.06,34.06,719.4,23.2,-2.82,33.0,1.87
{},{},{},"{1: [520.0, 784.0, 541.0, 806.0]}",362,"(530, 795)",530,795,-20,23,30.48,30.48,744.2,24.8,-3.58,33.9,0.93
"{1: [508, 804, 523, 822]}","{1: [508, 804, 523, 822]}","{1: [508, 804, 523, 822]}","{1: [508.0, 804.0, 523.0, 822.0]}",363,"(515, 813)",515,813,-15,18,23.43,23.43,768.8,24.6,-7.05,32.6,-1.28
{},{},{},"{1: [563.0, 737.0, 587.0, 763.0]}",364,"(575, 750)",575,750,60,-63,87.0,-87.0,775.2,6.4,-110.43,42.4,-25.04
"{1: [606, 692, 633, 720], 2: [606, 685, 638, 719]}","{1: [606, 685, 638, 719]}","{1: [606, 685, 638, 719]}","{1: [606.0, 685.0, 638.0, 719.0]}",365,"(622, 702)",622,702,47,-48,67.18,-67.18,766.4,-8.8,19.82,48.4,-20.81
"{1: [649, 649, 671, 674], 2: [646, 646, 676, 678]}","{1: [646, 646, 676, 678]}","{1: [646, 646, 676, 678]}","{1: [646.0, 646.0, 676.0, 678.0]}",366,"(661, 662)",661,662,39,-40,55.87,-55.87,744.4,-22.0,11.31,52.8,-17.99
"{1: [697, 602, 718, 626]}","{1: [697, 602, 718, 626]}","{1: [697, 602, 718, 626]}","{1: [697.0, 602.0, 718.0, 626.0]}",367,"(707, 614)",707,614,46,-48,66.48,-66.48,708.2,-36.2,-10.61,60.0,-19.39
"{1: [723, 574, 747, 598]}","{1: [723, 574, 747, 598]}","{1: [723, 574, 747, 598]}","{1: [723.0, 574.0, 747.0, 598.0]}",368,"(735, 586)",735,586,28,-28,39.6,-39.6,662.8,-45.4,26.88,63.2,-12.61
"{1: [756, 538, 781, 565]}","{1: [756, 538, 781, 565]}","{1: [756, 538, 781, 565]}","{1: [756.0, 538.0, 781.0, 565.0]}",369,"(768, 551)",768,551,33,-35,48.1,-48.1,623.0,-39.8,-8.5,55.4,7.78
"{1: [788, 515, 806, 535]}","{1: [788, 515, 806, 535]}","{1: [788, 515, 806, 535]}","{1: [788.0, 515.0, 806.0, 535.0]}",370,"(797, 525)",797,525,29,-26,38.95,-38.95,587.6,-35.4,9.15,49.8,5.65
"{1: [816, 490, 833, 509]}","{1: [816, 490, 833, 509]}","{1: [816, 490, 833, 509]}","{1: [816.0, 490.0, 833.0, 509.0]}",371,"(824, 499)",824,499,27,-26,37.48,-37.48,555.0,-32.6,1.47,46.1,3.68
{},{},{},"{1: [834.0, 471.0, 856.0, 493.0]}",372,"(845, 482)",845,482,21,-17,27.02,-27.02,528.6,-26.4,10.46,38.2,7.89
{},{},{},"{1: [856.0, 454.0, 878.0, 477.0]}",373,"(867, 465)",867,465,22,-17,27.8,-27.8,504.4,-24.2,-0.78,35.9,2.36
{},{},{},"{1: [877.0, 438.0, 899.0, 461.0]}",374,"(888, 449)",888,449,21,-16,26.4,-26.4,484.0,-20.4,1.4,31.5,4.34
{},{},{},"{1: [897.0, 423.0, 919.0, 445.0]}",375,"(908, 434)",908,434,20,-15,25.0,-25.0,465.8,-18.2,1.4,28.7,2.79
{},{},{},"{1: [916.0, 408.0, 938.0, 430.0]}",376,"(927, 419)",927,419,19,-15,24.21,-24.21,449.8,-16.0,0.79,26.1,2.65
{},{},{},"{1: [935.0, 393.0, 957.0, 416.0]}",377,"(946, 404)",946,404,19,-15,24.21,-24.21,434.2,-15.6,0.0,25.5,0.56
{},{},{},"{1: [953.0, 379.0, 975.0, 402.0]}",378,"(964, 390)",964,390,18,-14,22.8,-22.8,419.2,-15.0,1.41,24.5,1.0
{},{},{},"{1: [970.0, 367.0, 992.0, 389.0]}",379,"(981, 378)",981,378,17,-12,20.81,-20.81,405.0,-14.2,1.99,23.4,1.12
{},{},{},"{1: [985.0, 355.0, 1007.0, 378.0]}",380,"(996, 366)",996,366,15,-12,19.21,-19.21,391.4,-13.6,1.6,22.2,1.16
"{1: [995, 345, 1022, 371]}","{1: [995, 345, 1022, 371]}","{1: [995, 345, 1022, 371]}","{1: [995.0, 345.0, 1022.0, 371.0]}",381,"(1008, 358)",1008,358,12,-8,14.42,-14.42,379.2,-12.2,4.79,20.3,1.96
"{1: [1014, 346, 1028, 363]}","{1: [1014, 346, 1028, 363]}","{1: [1014, 346, 1028, 363]}","{1: [1014.0, 346.0, 1028.0, 363.0]}",382,"(1021, 354)",1021,354,13,-4,13.6,-13.6,369.2,-10.0,0.82,18.2,2.12
"{1: [1019, 338, 1045, 363]}","{1: [1019, 338, 1045, 363]}","{1: [1019, 338, 1045, 363]}","{1: [1019.0, 338.0, 1045.0, 363.0]}",383,"(1032, 350)",1032,350,11,-4,11.7,-11.7,361.2,-8.0,1.9,15.9,2.22
"{1: [1028, 334, 1052, 359]}","{1: [1028, 334, 1052, 359]}","{1: [1028, 334, 1052, 359]}","{1: [1028.0, 334.0, 1052.0, 359.0]}",384,"(1040, 346)",1040,346,8,-4,8.94,-8.94,354.8,-6.4,2.76,13.6,2.37
"{1: [1039, 333, 1062, 357]}","{1: [1039, 333, 1062, 357]}","{1: [1039, 333, 1062, 357]}","{1: [1039.0, 333.0, 1062.0, 357.0]}",385,"(1050, 345)",1050,345,10,-1,10.05,-10.05,350.6,-4.2,-1.11,11.7,1.83
"{1: [1048, 332, 1071, 356]}","{1: [1048, 332, 1071, 356]}","{1: [1048, 332, 1071, 356]}","{1: [1048.0, 332.0, 1071.0, 356.0]}",386,"(1059, 344)",1059,344,9,-1,9.06,-9.06,347.8,-2.8,0.99,10.7,1.07
"{1: [1059, 333, 1078, 353]}","{1: [1059, 333, 1078, 353]}","{1: [1059, 333, 1078, 353]}","{1: [1059.0, 333.0, 1078.0, 353.0]}",387,"(1068, 343)",1068,343,9,-1,9.06,-9.06,345.6,-2.2,0.0,9.8,0.91
"{1: [1065, 327, 1093, 359]}","{1: [1065, 327, 1093, 359]}","{1: [1065, 327, 1093, 359]}","{1: [1065.0, 327.0, 1093.0, 359.0]}",388,"(1079, 343)",1079,343,11,0,11.0,11.0,344.2,-1.4,20.06,9.6,4.54
"{1: [1074, 333, 1097, 357]}","{1: [1074, 333, 1097, 357]}","{1: [1074, 333, 1097, 357]}","{1: [1074.0, 333.0, 1097.0, 357.0]}",389,"(1085, 345)",1085,345,6,2,6.32,6.32,344.0,-0.2,-4.68,9.1,3.05
"{1: [1081, 334, 1105, 360]}","{1: [1081, 334, 1105, 360]}","{1: [1081, 334, 1105, 360]}","{1: [1081.0, 334.0, 1105.0, 360.0]}",390,"(1093, 347)",1093,347,8,2,8.25,8.25,344.4,0.4,1.93,8.7,3.66
"{1: [1086, 338, 1117, 366], 2: [1089, 338, 1112, 363]}","{1: [1089, 338, 1112, 363]}","{1: [1089, 338, 1112, 363]}","{1: [1089.0, 338.0, 1112.0, 363.0]}",391,"(1100, 350)",1100,350,7,3,7.62,7.62,345.6,1.2,-0.63,8.4,3.34
"{1: [1093, 327, 1118, 354]}","{1: [1093, 327, 1118, 354]}","{1: [1093, 327, 1118, 354]}","{1: [1093.0, 327.0, 1118.0, 354.0]}",392,"(1105, 340)",1105,340,5,-10,11.18,-11.18,345.0,-0.6,-18.8,8.9,-0.42
"{1: [1099, 321, 1118, 340], 2: [703, 707, 720, 725]}","{1: [1099, 321, 1118, 340]}","{1: [1099, 321, 1118, 340]}","{1: [1099.0, 321.0, 1118.0, 340.0]}",393,"(1108, 330)",1108,330,3,-10,10.44,-10.44,342.4,-2.6,0.74,8.8,-4.29
"{1: [1103, 308, 1122, 329]}","{1: [1103, 308, 1122, 329]}","{1: [1103, 308, 1122, 329]}","{1: [1103.0, 308.0, 1122.0, 329.0]}",394,"(1112, 318)",1112,318,4,-12,12.65,-12.65,337.0,-5.4,-2.21,10.0,-3.79
"{1: [1110, 302, 1123, 317]}","{1: [1110, 302, 1123, 317]}","{1: [1110, 302, 1123, 317]}","{1: [1110.0, 302.0, 1123.0, 317.0]}",395,"(1116, 309)",1116,309,4,-9,9.85,-9.85,329.4,-7.6,2.8,10.3,-3.62
{},{},{},"{1: [1080.0, 341.0, 1095.0, 357.0]}",396,"(1087, 349)",1087,349,-29,40,49.41,49.41,329.2,-0.2,59.26,18.7,8.36
{},{},{},"{1: [1052.0, 380.0, 1067.0, 397.0]}",397,"(1059, 388)",1059,388,-28,39,48.01,48.01,338.8,9.6,-1.4,26.1,11.84
{},{},{},"{1: [1025.0, 419.0, 1040.0, 436.0]}",398,"(1032, 427)",1032,427,-27,39,47.43,47.43,358.2,19.4,-0.58,33.5,11.57
{},{},{},"{1: [998.0, 457.0, 1013.0, 474.0]}",399,"(1005, 465)",1005,465,-27,38,46.62,46.62,387.6,29.4,-0.81,40.3,11.85
{},{},{},"{1: [972.0, 495.0, 987.0, 511.0]}",400,"(979, 503)",979,503,-26,38,46.04,46.04,426.4,38.8,-0.58,47.5,11.18
"{1: [775, 707, 792, 725]}",{},{},"{1: [947.0, 531.0, 962.0, 547.0]}",401,"(954, 539)",954,539,-25,36,43.83,43.83,464.4,38.0,-2.21,46.4,-1.12
{},{},{},"{1: [923.0, 566.0, 938.0, 582.0]}",402,"(930, 574)",930,574,-24,35,42.44,42.44,501.6,37.2,-1.39,45.3,-1.11
{},{},{},"{1: [899.0, 599.0, 914.0, 616.0]}",403,"(906, 607)",906,607,-24,33,40.8,40.8,537.6,36.0,-1.64,43.9,-1.33
{},{},{},"{1: [877.0, 631.0, 892.0, 647.0]}",404,"(884, 639)",884,639,-22,32,38.83,38.83,572.4,34.8,-1.97,42.4,-1.56
{},{},{},"{1: [856.0, 661.0, 871.0, 677.0]}",405,"(863, 669)",863,669,-21,30,36.62,36.62,605.6,33.2,-2.21,40.5,-1.88
{},{},{},"{1: [837.0, 688.0, 852.0, 704.0]}",406,"(844, 696)",844,696,-19,27,33.02,33.02,637.0,31.4,-3.6,38.3,-2.16
"{1: [1037, 228, 1051, 245], 2: [823, 708, 840, 726]}","{1: [823, 708, 840, 726]}","{1: [823, 708, 840, 726]}","{1: [823.0, 708.0, 840.0, 726.0]}",407,"(831, 717)",831,717,-13,21,24.7,24.7,665.6,28.6,-8.32,34.8,-3.55
{},{},{},"{1: [849.0, 636.0, 871.0, 658.0]}",408,"(860, 647)",860,647,29,-70,75.77,-75.77,673.6,8.0,-100.47,41.8,-23.31
{},{},{},"{1: [878.0, 569.0, 900.0, 591.0]}",409,"(889, 580)",889,580,29,-67,73.01,-73.01,661.8,-11.8,2.76,48.6,-22.37
{},{},{},"{1: [906.0, 504.0, 928.0, 527.0]}",410,"(917, 515)",917,515,28,-65,70.77,-70.77,631.0,-30.8,2.24,55.5,-21.48
{},{},{},"{1: [932.0, 443.0, 954.0, 465.0]}",411,"(943, 454)",943,454,26,-61,66.31,-66.31,582.6,-48.4,4.46,62.1,-19.87
{},{},{},"{1: [956.0, 386.0, 978.0, 408.0]}",412,"(967, 397)",967,397,24,-57,61.85,-61.85,518.6,-64.0,4.46,69.5,-17.31
{},{},{},"{1: [978.0, 334.0, 1000.0, 357.0]}",413,"(989, 345)",989,345,22,-52,56.46,-56.46,458.2,-60.4,5.39,65.7,3.86
"{1: [994, 293, 1021, 320]}","{1: [994, 293, 1021, 320]}","{1: [994, 293, 1021, 320]}","{1: [994.0, 293.0, 1021.0, 320.0]}",414,"(1007, 306)",1007,306,18,-39,42.95,-42.95,403.4,-54.8,13.51,59.7,6.01
"{1: [986, 307, 1002, 325]}","{1: [986, 307, 1002, 325]}","{1: [986, 307, 1002, 325]}","{1: [986.0, 307.0, 1002.0, 325.0]}",415,"(994, 316)",994,316,-13,10,16.4,16.4,363.6,-39.8,59.35,48.8,17.43
"{1: [971, 311, 998, 338], 2: [970, 309, 998, 345]}","{1: [971, 311, 998, 338]}","{1: [971, 311, 998, 338]}","{1: [971.0, 311.0, 998.0, 338.0]}",416,"(984, 324)",984,324,-10,8,12.81,12.81,337.6,-26.0,-3.59,38.1,15.82
"{1: [963, 326, 977, 341]}","{1: [963, 326, 977, 341]}","{1: [963, 326, 977, 341]}","{1: [963.0, 326.0, 977.0, 341.0]}",417,"(970, 333)",970,333,-14,9,16.64,16.64,324.8,-12.8,3.83,29.1,15.7
"{1: [945, 327, 974, 358]}","{1: [945, 327, 974, 358]}","{1: [945, 327, 974, 358]}","{1: [945.0, 327.0, 974.0, 358.0]}",418,"(959, 342)",959,342,-11,9,14.21,14.21,324.2,-0.6,-2.43,20.6,14.13
"{1: [934, 349, 953, 369]}","{1: [934, 349, 953, 369]}","{1: [934, 349, 953, 369]}","{1: [934.0, 349.0, 953.0, 369.0]}",419,"(943, 359)",943,359,-16,17,23.35,23.35,334.8,10.6,9.14,16.7,13.26
"{1: [919, 357, 945, 384]}","{1: [919, 357, 945, 384]}","{1: [919, 357, 945, 384]}","{1: [919.0, 357.0, 945.0, 384.0]}",420,"(932, 370)",932,370,-11,11,15.56,15.56,345.6,10.8,-7.79,16.5,-0.17
"{1: [914, 375, 931, 393]}","{1: [914, 375, 931, 393]}","{1: [914, 375, 931, 393]}","{1: [914.0, 375.0, 931.0, 393.0]}",421,"(922, 384)",922,384,-10,14,17.2,17.2,357.6,12.0,1.64,17.4,0.88
{},{},{},"{1: [896.0, 397.0, 915.0, 417.0]}",422,"(905, 407)",905,407,-17,23,28.6,28.6,372.4,14.8,11.4,19.8,2.39
{},{},{},"{1: [882.0, 419.0, 901.0, 440.0]}",423,"(891, 429)",891,429,-14,22,26.08,26.08,389.8,17.4,-2.52,22.2,2.37
{},{},{},"{1: [868.0, 440.0, 887.0, 460.0]}",424,"(877, 450)",877,450,-14,21,25.24,25.24,408.0,18.2,-0.84,22.5,0.38
{},{},{},"{1: [856.0, 459.0, 875.0, 479.0]}",425,"(865, 469)",865,469,-12,19,22.47,22.47,427.8,19.8,-2.77,23.9,1.38
"{1: [846, 473, 867, 496]}","{1: [846, 473, 867, 496]}","{1: [846, 473, 867, 496]}","{1: [846.0, 473.0, 867.0, 496.0]}",426,"(856, 484)",856,484,-9,15,17.49,17.49,447.8,20.0,-4.98,24.0,0.06
"{1: [836, 497, 855, 517]}","{1: [836, 497, 855, 517]}","{1: [836, 497, 855, 517]}","{1: [836.0, 497.0, 855.0, 517.0]}",427,"(845, 507)",845,507,-11,23,25.5,25.5,467.8,20.0,8.01,23.4,-0.62
"{1: [824, 522, 843, 542], 2: [817, 509, 853, 549]}","{1: [817, 509, 853, 549]}","{1: [817, 509, 853, 549]}","{1: [817.0, 509.0, 853.0, 549.0]}",428,"(835, 529)",835,529,-10,22,24.17,24.17,487.8,20.0,-1.33,23.0,-0.38
"{1: [810, 549, 833, 573]}","{1: [810, 549, 833, 573]}","{1: [810, 549, 833, 573]}","{1: [810.0, 549.0, 833.0, 573.0]}",429,"(821, 561)",821,561,-14,32,34.93,34.93,510.0,22.2,10.76,24.9,1.94
"{1: [799, 578, 819, 601], 2: [792, 575, 823, 607]}","{1: [799, 578, 819, 601]}","{1: [799, 578, 819, 601]}","{1: [799.0, 578.0, 819.0, 601.0]}",430,"(809, 589)",809,589,-12,28,30.46,30.46,534.0,24.0,-4.47,26.5,1.6
"{1: [787, 609, 807, 630]}","{1: [787, 609, 807, 630]}","{1: [787, 609, 807, 630]}","{1: [787.0, 609.0, 807.0, 630.0]}",431,"(797, 619)",797,619,-12,30,32.31,32.31,561.0,27.0,1.85,29.5,2.96
"{1: [771, 645, 795, 670]}","{1: [771, 645, 795, 670]}","{1: [771, 645, 795, 670]}","{1: [771.0, 645.0, 795.0, 670.0]}",432,"(783, 657)",783,657,-14,38,40.5,40.5,591.0,30.0,8.19,32.5,3.0
{},{},{},"{1: [759.0, 661.0, 784.0, 686.0]}",433,"(771, 673)",771,673,-12,16,20.0,20.0,619.8,28.8,-20.5,31.6,-0.83
{},{},{},"{1: [749.0, 677.0, 773.0, 703.0]}",434,"(761, 690)",761,690,-10,17,19.72,19.72,645.6,25.8,-0.28,28.6,-3.04
{},{},{},"{1: [739.0, 692.0, 763.0, 718.0]}",435,"(751, 705)",751,705,-10,15,18.03,18.03,668.8,23.2,-1.69,26.1,-2.49
{},{},{},"{1: [730.0, 706.0, 755.0, 732.0]}",436,"(742, 719)",742,719,-9,14,16.64,16.64,688.8,20.0,-1.39,23.0,-3.13
"{1: [724, 717, 749, 743]}","{1: [724, 717, 749, 743]}","{1: [724, 717, 749, 743]}","{1: [724.0, 717.0, 749.0, 743.0]}",437,"(736, 730)",736,730,-6,11,12.53,12.53,703.4,14.6,-4.11,17.4,-5.59
"{1: [716, 718, 743, 748]}","{1: [716, 718, 743, 748]}","{1: [716, 718, 743, 748]}","{1: [716.0, 718.0, 743.0, 748.0]}",438,"(729, 733)",729,733,-7,3,7.62,7.62,715.4,12.0,-4.91,14.9,-2.48
"{1: [712, 728, 733, 749]}","{1: [712, 728, 733, 749]}","{1: [712, 728, 733, 749]}","{1: [712.0, 728.0, 733.0, 749.0]}",439,"(722, 738)",722,738,-7,5,8.6,8.6,725.0,9.6,0.98,12.7,-2.22
"{1: [705, 733, 724, 753]}","{1: [705, 733, 724, 753]}","{1: [705, 733, 724, 753]}","{1: [705.0, 733.0, 724.0, 753.0]}",440,"(714, 743)",714,743,-8,5,9.43,9.43,732.6,7.6,0.83,11.0,-1.72
"{1: [696, 740, 716, 761]}","{1: [696, 740, 716, 761]}","{1: [696, 740, 716, 761]}","{1: [696.0, 740.0, 716.0, 761.0]}",441,"(706, 750)",706,750,-8,7,10.63,10.63,738.8,6.2,1.2,9.8,-1.2
"{1: [690, 753, 711, 775]}","{1: [690, 753, 711, 775]}","{1: [690, 753, 711, 775]}","{1: [690.0, 753.0, 711.0, 775.0]}",442,"(700, 764)",700,764,-6,14,15.23,15.23,745.6,6.8,4.6,10.3,0.54
"{1: [680, 763, 708, 791]}","{1: [680, 763, 708, 791]}","{1: [680, 763, 708, 791]}","{1: [680.0, 763.0, 708.0, 791.0]}",443,"(694, 777)",694,777,-6,13,14.32,14.32,754.4,8.8,-0.91,11.6,1.34
"{1: [679, 782, 696, 800]}","{1: [679, 782, 696, 800]}","{1: [679, 782, 696, 800]}","{1: [679.0, 782.0, 696.0, 800.0]}",444,"(687, 791)",687,791,-7,14,15.65,15.65,765.0,10.6,1.33,13.1,1.41
"{1: [686, 730, 709, 755]}","{1: [686, 730, 709, 755]}","{1: [686, 730, 709, 755]}","{1: [686.0, 730.0, 709.0, 755.0]}",445,"(697, 742)",697,742,10,-49,50.01,-50.01,764.8,-0.2,-65.66,21.2,-11.89
"{1: [697, 687, 714, 705]}","{1: [697, 687, 714, 705]}","{1: [697, 687, 714, 705]}","{1: [697.0, 687.0, 714.0, 705.0]}",446,"(705, 696)",705,696,8,-46,46.69,-46.69,754.0,-10.8,3.32,28.4,-11.46
"{1: [840, 714, 858, 734], 2: [704, 639, 725, 661]}","{1: [704, 639, 725, 661]}","{1: [704, 639, 725, 661]}","{1: [704.0, 639.0, 725.0, 661.0]}",447,"(714, 650)",714,650,9,-46,46.87,-46.87,731.2,-22.8,-0.18,34.7,-12.42
"{1: [713, 587, 734, 608]}","{1: [713, 587, 734, 608]}","{1: [713, 587, 734, 608]}","{1: [713.0, 587.0, 734.0, 608.0]}",448,"(723, 597)",723,597,9,-53,53.76,-53.76,695.2,-36.0,-6.89,42.6,-13.62
"{1: [721, 549, 740, 571]}","{1: [721, 549, 740, 571]}","{1: [721, 549, 740, 571]}","{1: [721.0, 549.0, 740.0, 571.0]}",449,"(730, 560)",730,560,7,-37,37.66,-37.66,649.0,-46.2,16.1,47.0,-10.66
"{1: [729, 516, 744, 532]}","{1: [729, 516, 744, 532]}","{1: [729, 516, 744, 532]}","{1: [729.0, 516.0, 744.0, 532.0]}",450,"(736, 524)",736,524,6,-36,36.5,-36.5,605.4,-43.6,1.16,44.3,2.7
"{1: [729, 484, 756, 511], 2: [730, 485, 753, 508]}","{1: [730, 485, 753, 508]}","{1: [730, 485, 753, 508]}","{1: [730.0, 485.0, 753.0, 508.0]}",451,"(741, 496)",741,496,5,-28,28.44,-28.44,565.4,-40.0,8.06,40.6,3.65
{},{},{},"{1: [733.0, 459.0, 754.0, 480.0]}",452,"(743, 469)",743,469,2,-27,27.07,-27.07,529.2,-36.2,1.37,36.7,3.96
{},{},{},"{1: [736.0, 435.0, 757.0, 456.0]}",453,"(746, 445)",746,445,3,-24,24.19,-24.19,498.8,-30.4,2.88,30.8,5.91
{},{},{},"{1: [739.0, 412.0, 759.0, 433.0]}",454,"(749, 422)",749,422,3,-23,23.19,-23.19,471.2,-27.6,1.0,27.9,2.89
{},{},{},"{1: [741.0, 391.0, 762.0, 412.0]}",455,"(751, 401)",751,401,2,-21,21.1,-21.1,446.6,-24.6,2.09,24.8,3.08
"{1: [745, 377, 763, 396]}","{1: [745, 377, 763, 396]}","{1: [745, 377, 763, 396]}","{1: [745.0, 377.0, 763.0, 396.0]}",456,"(754, 386)",754,386,3,-15,15.3,-15.3,424.6,-22.0,5.8,22.2,2.63
"{1: [744, 360, 768, 386], 2: [741, 358, 770, 389]}","{1: [741, 358, 770, 389]}","{1: [741, 358, 770, 389]}","{1: [741.0, 358.0, 770.0, 389.0]}",457,"(755, 373)",755,373,1,-13,13.04,-13.04,405.4,-19.2,2.26,19.4,2.81
"{1: [748, 353, 762, 368]}","{1: [748, 353, 762, 368]}","{1: [748, 353, 762, 368]}","{1: [748.0, 353.0, 762.0, 368.0]}",458,"(755, 360)",755,360,0,-13,13.0,-13.0,388.4,-17.0,0.04,17.1,2.24
"{1: [743, 334, 770, 363]}","{1: [743, 334, 770, 363]}","{1: [743, 334, 770, 363]}","{1: [743.0, 334.0, 770.0, 363.0]}",459,"(756, 348)",756,348,1,-12,12.04,-12.04,373.6,-14.8,0.96,14.9,2.23
"{1: [747, 331, 764, 349]}","{1: [747, 331, 764, 349]}","{1: [747, 331, 764, 349]}","{1: [747.0, 331.0, 764.0, 349.0]}",460,"(755, 340)",755,340,-1,-8,8.06,-8.06,361.4,-12.2,3.98,12.3,2.61
"{1: [750, 324, 764, 339]}","{1: [750, 324, 764, 339]}","{1: [750, 324, 764, 339]}","{1: [750.0, 324.0, 764.0, 339.0]}",461,"(757, 331)",757,331,2,-9,9.22,-9.22,350.4,-11.0,-1.16,11.1,1.22
"{1: [743, 311, 770, 339]}","{1: [743, 311, 770, 339]}","{1: [743, 311, 770, 339]}","{1: [743.0, 311.0, 770.0, 339.0]}",462,"(756, 325)",756,325,-1,-6,6.08,-6.08,340.8,-9.6,3.14,9.7,1.39
"{1: [746, 309, 765, 330]}","{1: [746, 309, 765, 330]}","{1: [746, 309, 765, 330]}","{1: [746.0, 309.0, 765.0, 330.0]}",463,"(755, 319)",755,319,-1,-6,6.08,-6.08,332.6,-8.2,0.0,8.3,1.38
"{1: [746, 308, 762, 326]}","{1: [746, 308, 762, 326]}","{1: [746, 308, 762, 326]}","{1: [746.0, 308.0, 762.0, 326.0]}",464,"(754, 317)",754,317,-1,-2,2.24,-2.24,326.4,-6.2,3.84,6.3,1.96
"{1: [746, 307, 761, 324]}","{1: [746, 307, 761, 324]}","{1: [746, 307, 761, 324]}","{1: [746.0, 307.0, 761.0, 324.0]}",465,"(753, 315)",753,315,-1,-2,2.24,-2.24,321.4,-5.0,0.0,5.2,1.16
"{1: [745, 305, 761, 322]}","{1: [745, 305, 761, 322]}","{1: [745, 305, 761, 322]}","{1: [745.0, 305.0, 761.0, 322.0]}",466,"(753, 313)",753,313,0,-2,2.0,-2.0,317.8,-3.6,0.24,3.7,1.44
"{1: [744, 302, 761, 321]}","{1: [744, 302, 761, 321]}","{1: [744, 302, 761, 321]}","{1: [744.0, 302.0, 761.0, 321.0]}",467,"(752, 311)",752,311,-1,-2,2.24,-2.24,315.0,-2.8,-0.24,3.0,0.77
"{1: [739, 300, 759, 321]}","{1: [739, 300, 759, 321]}","{1: [739, 300, 759, 321]}","{1: [739.0, 300.0, 759.0, 321.0]}",468,"(749, 310)",749,310,-3,-1,3.16,-3.16,313.2,-1.8,-0.92,2.4,0.58
"{1: [737, 299, 758, 321]}","{1: [737, 299, 758, 321]}","{1: [737, 299, 758, 321]}","{1: [737.0, 299.0, 758.0, 321.0]}",469,"(747, 310)",747,310,-2,0,2.0,2.0,311.8,-1.4,5.16,2.3,0.85
"{1: [734, 299, 758, 323]}","{1: [734, 299, 758, 323]}","{1: [734, 299, 758, 323]}","{1: [734.0, 299.0, 758.0, 323.0]}",470,"(746, 311)",746,311,-1,1,1.41,1.41,311.0,-0.8,-0.59,2.2,0.73
"{1: [734, 300, 757, 326]}","{1: [734, 300, 757, 326]}","{1: [734, 300, 757, 326]}","{1: [734.0, 300.0, 757.0, 326.0]}",471,"(745, 313)",745,313,-1,2,2.24,2.24,311.0,0.0,0.83,2.2,0.85
"{1: [731, 301, 757, 330]}","{1: [731, 301, 757, 330]}","{1: [731, 301, 757, 330]}","{1: [731.0, 301.0, 757.0, 330.0]}",472,"(744, 315)",744,315,-1,2,2.24,2.24,311.8,0.8,0.0,2.2,0.9
"{1: [729, 302, 757, 334]}","{1: [729, 302, 757, 334]}","{1: [729, 302, 757, 334]}","{1: [729.0, 302.0, 757.0, 334.0]}",473,"(743, 318)",743,318,-1,3,3.16,3.16,313.4,1.6,0.92,2.2,1.26
"{1: [726, 310, 752, 336]}","{1: [726, 310, 752, 336]}","{1: [726, 310, 752, 336]}","{1: [726.0, 310.0, 752.0, 336.0]}",474,"(739, 323)",739,323,-4,5,6.4,6.4,316.0,2.6,3.24,3.1,0.88
"{1: [727, 308, 746, 328]}","{1: [727, 308, 746, 328]}","{1: [727, 308, 746, 328]}","{1: [727.0, 308.0, 746.0, 328.0]}",475,"(736, 318)",736,318,-3,-5,5.83,-5.83,317.4,1.4,-12.23,4.0,-1.45
"{1: [726, 298, 741, 316]}","{1: [726, 298, 741, 316]}","{1: [726, 298, 741, 316]}","{1: [726.0, 298.0, 741.0, 316.0]}",476,"(733, 307)",733,307,-3,-11,11.4,-11.4,316.2,-1.2,-5.57,5.8,-2.73
{},{},{},"{1: [718.0, 284.0, 739.0, 306.0]}",477,"(728, 295)",728,295,-5,-12,13.0,-13.0,312.2,-4.0,-1.6,8.0,-3.05
{},{},{},"{1: [715.0, 273.0, 735.0, 296.0]}",478,"(725, 284)",725,284,-3,-11,11.4,-11.4,305.4,-6.8,1.6,9.6,-2.91
"{1: [710, 264, 736, 291]}","{1: [710, 264, 736, 291]}","{1: [710, 264, 736, 291]}","{1: [710.0, 264.0, 736.0, 291.0]}",479,"(723, 277)",723,277,-2,-7,7.28,-7.28,296.2,-9.2,4.12,9.8,-2.74
"{1: [708, 253, 734, 281]}","{1: [708, 253, 734, 281]}","{1: [708, 253, 734, 281]}","{1: [708.0, 253.0, 734.0, 281.0]}",480,"(721, 267)",721,267,-2,-10,10.2,-10.2,286.0,-10.2,-2.92,10.7,-0.87
"{1: [706, 251, 726, 271]}","{1: [706, 251, 726, 271]}","{1: [706, 251, 726, 271]}","{1: [706.0, 251.0, 726.0, 271.0]}",481,"(716, 261)",716,261,-5,-6,7.81,-7.81,276.8,-9.2,2.39,9.9,0.72
"{1: [705, 247, 722, 267]}","{1: [705, 247, 722, 267]}","{1: [705, 247, 722, 267]}","{1: [705.0, 247.0, 722.0, 267.0]}",482,"(713, 257)",713,257,-3,-4,5.0,-5.0,269.2,-7.6,2.81,8.3,1.6
"{1: [696, 238, 723, 267]}","{1: [696, 238, 723, 267]}","{1: [696, 238, 723, 267]}","{1: [696.0, 238.0, 723.0, 267.0]}",483,"(709, 252)",709,252,-4,-5,6.4,-6.4,262.8,-6.4,-1.4,7.3,1.0
"{1: [700, 236, 724, 263]}","{1: [700, 236, 724, 263]}","{1: [700, 236, 724, 263]}","{1: [700.0, 236.0, 724.0, 263.0]}",484,"(712, 249)",712,249,3,-3,4.24,-4.24,257.2,-5.6,2.16,6.7,0.61
"{1: [686, 237, 712, 268]}","{1: [686, 237, 712, 268]}","{1: [686, 237, 712, 268]}","{1: [686.0, 237.0, 712.0, 268.0]}",485,"(699, 252)",699,252,-13,3,13.34,13.34,254.2,-3.0,17.58,7.4,4.71
"{1: [681, 245, 702, 267]}","{1: [681, 245, 702, 267]}","{1: [681, 245, 702, 267]}","{1: [681.0, 245.0, 702.0, 267.0]}",486,"(691, 256)",691,256,-8,4,8.94,8.94,253.2,-1.0,-4.4,7.6,3.35
"{1: [678, 254, 691, 269]}","{1: [678, 254, 691, 269]}","{1: [678, 254, 691, 269]}","{1: [678.0, 254.0, 691.0, 269.0]}",487,"(684, 261)",684,261,-7,5,8.6,8.6,254.0,0.8,-0.34,8.3,2.72
"{1: [665, 258, 687, 280]}","{1: [665, 258, 687, 280]}","{1: [665, 258, 687, 280]}","{1: [665.0, 258.0, 687.0, 280.0]}",488,"(676, 269)",676,269,-8,8,11.31,11.31,257.4,3.4,2.71,9.3,3.54
{},{},{},"{1: [655.0, 271.0, 678.0, 295.0]}",489,"(666, 283)",666,283,-10,14,17.2,17.2,264.2,6.8,5.89,11.9,4.29
{},{},{},"{1: [646.0, 285.0, 669.0, 309.0]}",490,"(657, 297)",657,297,-9,14,16.64,16.64,273.2,9.0,-0.56,12.5,0.66
{},{},{},"{1: [639.0, 298.0, 662.0, 322.0]}",491,"(650, 310)",650,310,-7,13,14.76,14.76,284.0,10.8,-1.88,13.7,1.16
"{1: [633, 307, 657, 333], 2: [631, 302, 661, 335]}","{1: [633, 307, 657, 333]}","{1: [633, 307, 657, 333]}","{1: [633.0, 307.0, 657.0, 333.0]}",492,"(645, 320)",645,320,-5,10,11.18,11.18,295.8,11.8,-3.58,14.2,0.52
"{1: [628, 330, 642, 346]}","{1: [628, 330, 642, 346]}","{1: [628, 330, 642, 346]}","{1: [628.0, 330.0, 642.0, 346.0]}",493,"(635, 338)",635,338,-10,18,20.59,20.59,309.6,13.8,9.41,16.1,1.86
"{1: [618, 347, 638, 366]}","{1: [618, 347, 638, 366]}","{1: [618, 347, 638, 366]}","{1: [618.0, 347.0, 638.0, 366.0]}",494,"(628, 356)",628,356,-7,18,19.31,19.31,324.2,14.6,-1.28,16.5,0.42
{},{},{},"{1: [604.0, 383.0, 630.0, 411.0]}",495,"(617, 397)",617,397,-11,41,42.45,42.45,344.2,20.0,23.14,21.7,5.16
{},{},{},"{1: [594.0, 423.0, 619.0, 451.0]}",496,"(606, 437)",606,437,-11,40,41.48,41.48,369.6,25.4,-0.97,27.0,5.34
{},{},{},"{1: [584.0, 462.0, 609.0, 490.0]}",497,"(596, 476)",596,476,-10,39,40.26,40.26,400.8,31.2,-1.22,32.8,5.82
{},{},{},"{1: [574.0, 500.0, 600.0, 528.0]}",498,"(587, 514)",587,514,-9,38,39.05,39.05,436.0,35.2,-1.21,36.5,3.69
{},{},{},"{1: [565.0, 537.0, 590.0, 565.0]}",499,"(577, 551)",577,551,-10,37,38.33,38.33,475.0,39.0,-0.72,40.3,3.8
{},{},{},"{1: [556.0, 571.0, 582.0, 599.0]}",500,"(569, 585)",569,585,-8,34,34.93,34.93,512.6,37.6,-3.4,38.8,-1.5
{},{},{},"{1: [548.0, 604.0, 573.0, 632.0]}",501,"(560, 618)",560,618,-9,33,34.21,34.21,548.8,36.2,-0.72,37.4,-1.45
{},{},{},"{1: [540.0, 633.0, 566.0, 661.0]}",502,"(553, 647)",553,647,-7,29,29.83,29.83,583.0,34.2,-4.38,35.3,-2.09
"{1: [538, 662, 558, 681], 2: [533, 652, 564, 689]}","{1: [533, 652, 564, 689]}","{1: [533, 652, 564, 689]}","{1: [533.0, 652.0, 564.0, 689.0]}",503,"(548, 670)",548,670,-5,23,23.54,23.54,614.2,31.2,-6.29,32.2,-3.1
"{1: [532, 668, 548, 686]}","{1: [532, 668, 548, 686]}","{1: [532, 668, 548, 686]}","{1: [532.0, 668.0, 548.0, 686.0]}",504,"(540, 677)",540,677,-8,7,10.63,10.63,639.4,25.2,-12.91,26.6,-5.54
"{1: [524, 668, 544, 690]}","{1: [524, 668, 544, 690]}","{1: [524, 668, 544, 690]}","{1: [524.0, 668.0, 544.0, 690.0]}",505,"(534, 679)",534,679,-6,2,6.32,6.32,658.2,18.8,-4.31,20.9,-5.72
"{1: [517, 667, 543, 697]}","{1: [517, 667, 543, 697]}","{1: [517, 667, 543, 697]}","{1: [517.0, 667.0, 543.0, 697.0]}",506,"(530, 682)",530,682,-4,3,5.0,5.0,671.0,12.8,-1.32,15.1,-5.84
"{1: [511, 682, 528, 701]}","{1: [511, 682, 528, 701]}","{1: [511, 682, 528, 701]}","{1: [511.0, 682.0, 528.0, 701.0]}",507,"(519, 691)",519,691,-11,9,14.21,14.21,679.8,8.8,9.21,11.9,-3.12
{},{},{},"{1: [503.0, 696.0, 519.0, 714.0]}",508,"(511, 705)",511,705,-8,14,16.12,16.12,686.8,7.0,1.91,10.5,-1.48
{},{},{},"{1: [496.0, 709.0, 512.0, 727.0]}",509,"(504, 718)",504,718,-7,13,14.76,14.76,695.0,8.2,-1.36,11.3,0.83
{},{},{},"{1: [489.0, 721.0, 506.0, 739.0]}",510,"(497, 730)",497,730,-7,12,13.89,13.89,705.2,10.2,-0.87,12.8,1.51
"{1: [485, 732, 501, 749]}","{1: [485, 732, 501, 749]}","{1: [485, 732, 501, 749]}","{1: [485.0, 732.0, 501.0, 749.0]}",511,"(493, 740)",493,740,-4,10,10.77,10.77,716.8,11.6,-3.12,13.9,1.15
"{1: [476, 753, 496, 774]}","{1: [476, 753, 496, 774]}","{1: [476, 753, 496, 774]}","{1: [476.0, 753.0, 496.0, 774.0]}",512,"(486, 763)",486,763,-7,23,24.04,24.04,731.2,14.4,13.27,15.9,1.97
"{1: [466, 776, 487, 797], 2: [463, 772, 493, 800]}","{1: [463, 772, 493, 800]}","{1: [463, 772, 493, 800]}","{1: [463.0, 772.0, 493.0, 800.0]}",513,"(478, 786)",478,786,-8,23,24.35,24.35,747.4,16.2,0.31,17.6,1.65
"{1: [462, 801, 477, 818]}","{1: [462, 801, 477, 818]}","{1: [462, 801, 477, 818]}","{1: [462.0, 801.0, 477.0, 818.0]}",514,"(469, 809)",469,809,-9,23,24.7,24.7,765.6,18.2,0.35,19.5,1.99
"{1: [445, 836, 472, 865]}","{1: [445, 836, 472, 865]}","{1: [445, 836, 472, 865]}","{1: [445.0, 836.0, 472.0, 865.0]}",515,"(458, 850)",458,850,-11,41,42.45,42.45,789.6,24.0,17.75,25.3,5.71
"{1: [444, 855, 470, 884]}","{1: [444, 855, 470, 884]}","{1: [444, 855, 470, 884]}","{1: [444.0, 855.0, 470.0, 884.0]}",516,"(457, 869)",457,869,-1,19,19.03,19.03,815.4,25.8,-23.42,26.9,1.65
{},{},{},"{1: [479.0, 765.0, 503.0, 792.0]}",517,"(491, 778)",491,778,34,-91,97.14,-97.14,818.4,3.0,-116.17,41.5,-24.24
"{1: [507, 698, 530, 722], 2: [505, 694, 532, 724]}","{1: [507, 698, 530, 722]}","{1: [507, 698, 530, 722]}","{1: [507.0, 698.0, 530.0, 722.0]}",518,"(518, 710)",518,710,27,-68,73.16,-73.16,803.2,-15.2,23.98,51.3,-19.5
"{1: [529, 645, 553, 669]}","{1: [529, 645, 553, 669]}","{1: [529, 645, 553, 669]}","{1: [529.0, 645.0, 553.0, 669.0]}",519,"(541, 657)",541,657,23,-53,57.78,-57.78,772.8,-30.4,15.38,57.9,-16.5
"{1: [560, 587, 577, 605]}","{1: [560, 587, 577, 605]}","{1: [560, 587, 577, 605]}","{1: [560.0, 587.0, 577.0, 605.0]}",520,"(568, 596)",568,596,27,-61,66.71,-66.71,722.0,-50.8,-8.93,62.8,-21.83
"{1: [581, 544, 596, 560]}","{1: [581, 544, 596, 560]}","{1: [581, 544, 596, 560]}","{1: [581.0, 544.0, 596.0, 560.0]}",521,"(588, 552)",588,552,20,-44,48.33,-48.33,658.6,-63.4,18.38,68.6,-13.47
"{1: [599, 498, 619, 519]}","{1: [599, 498, 619, 519]}","{1: [599, 498, 619, 519]}","{1: [599.0, 498.0, 619.0, 519.0]}",522,"(609, 508)",609,508,21,-44,48.75,-48.75,604.6,-54.0,-0.42,58.9,9.68
{},{},{},"{1: [618.0, 468.0, 636.0, 487.0]}",523,"(627, 477)",627,477,18,-31,35.85,-35.85,558.0,-46.6,12.9,51.5,7.46
{},{},{},"{1: [635.0, 439.0, 653.0, 458.0]}",524,"(644, 448)",644,448,17,-29,33.62,-33.62,516.2,-41.8,2.23,46.7,4.83
{},{},{},"{1: [651.0, 412.0, 669.0, 431.0]}",525,"(660, 421)",660,421,16,-27,31.38,-31.38,481.2,-35.0,2.24,39.6,7.07
{},{},{},"{1: [665.0, 388.0, 683.0, 407.0]}",526,"(674, 397)",674,397,14,-24,27.78,-27.78,450.2,-31.0,3.6,35.5,4.11
"{1: [678, 371, 694, 388]}","{1: [678, 371, 694, 388]}","{1: [678, 371, 694, 388]}","{1: [678.0, 371.0, 694.0, 388.0]}",527,"(686, 379)",686,379,12,-18,21.63,-21.63,424.4,-25.8,6.15,30.1,5.42
"{1: [684, 351, 710, 379]}","{1: [684, 351, 710, 379]}","{1: [684, 351, 710, 379]}","{1: [684.0, 351.0, 710.0, 379.0]}",528,"(697, 365)",697,365,11,-14,17.8,-17.8,402.0,-22.4,3.83,26.4,3.61
"{1: [702, 344, 717, 362]}","{1: [702, 344, 717, 362]}","{1: [702, 344, 717, 362]}","{1: [702.0, 344.0, 717.0, 362.0]}",529,"(709, 353)",709,353,12,-12,16.97,-16.97,383.0,-19.0,0.83,23.1,3.33
"{1: [708, 328, 733, 356]}","{1: [708, 328, 733, 356]}","{1: [708, 328, 733, 356]}","{1: [708.0, 328.0, 733.0, 356.0]}",530,"(720, 342)",720,342,11,-11,15.56,-15.56,367.2,-15.8,1.41,19.9,3.16
"{1: [725, 326, 738, 341]}","{1: [725, 326, 738, 341]}","{1: [725, 326, 738, 341]}","{1: [725.0, 326.0, 738.0, 341.0]}",531,"(731, 333)",731,333,11,-9,14.21,-14.21,354.4,-12.8,1.35,17.2,2.71
"{1: [729, 313, 751, 337], 2: [726, 313, 756, 341]}","{1: [726, 313, 756, 341]}","{1: [726, 313, 756, 341]}","{1: [726.0, 313.0, 756.0, 341.0]}",532,"(741, 327)",741,327,10,-6,11.66,-11.66,344.0,-10.4,2.55,15.2,1.99
"{1: [736, 309, 760, 335]}","{1: [736, 309, 760, 335]}","{1: [736, 309, 760, 335]}","{1: [736.0, 309.0, 760.0, 335.0]}",533,"(748, 322)",748,322,7,-5,8.6,-8.6,335.4,-8.6,3.06,13.4,1.84
"{1: [747, 308, 765, 328]}","{1: [747, 308, 765, 328]}","{1: [747, 308, 765, 328]}","{1: [747.0, 308.0, 765.0, 328.0]}",534,"(756, 318)",756,318,8,-4,8.94,-8.94,328.4,-7.0,-0.34,11.8,1.61
"{1: [753, 305, 777, 331], 2: [751, 299, 781, 333]}","{1: [753, 305, 777, 331]}","{1: [753, 305, 777, 331]}","{1: [753.0, 305.0, 777.0, 331.0]}",535,"(765, 318)",765,318,9,0,9.0,9.0,323.6,-4.8,17.94,10.5,4.91
"{1: [762, 306, 783, 328]}","{1: [762, 306, 783, 328]}","{1: [762, 306, 783, 328]}","{1: [762.0, 306.0, 783.0, 328.0]}",536,"(772, 317)",772,317,7,-1,7.07,-7.07,320.4,-3.2,-16.07,9.1,1.43
"{1: [770, 308, 787, 326]}","{1: [770, 308, 787, 326]}","{1: [770, 308, 787, 326]}","{1: [770.0, 308.0, 787.0, 326.0]}",537,"(778, 317)",778,317,6,0,6.0,6.0,318.4,-2.0,13.07,7.9,3.53
"{1: [776, 307, 799, 331], 2: [773, 298, 805, 334]}","{1: [776, 307, 799, 331]}","{1: [776, 307, 799, 331]}","{1: [776.0, 307.0, 799.0, 331.0]}",538,"(787, 319)",787,319,9,2,9.22,9.22,317.8,-0.6,3.22,8.0,3.56
"{1: [781, 307, 806, 334]}","{1: [781, 307, 806, 334]}","{1: [781, 307, 806, 334]}","{1: [781.0, 307.0, 806.0, 334.0]}",539,"(793, 320)",793,320,6,1,6.08,6.08,318.2,0.4,-3.14,7.5,3.0
"{1: [786, 310, 811, 337]}","{1: [786, 310, 811, 337]}","{1: [786, 310, 811, 337]}","{1: [786.0, 310.0, 811.0, 337.0]}",540,"(798, 323)",798,323,5,3,5.83,5.83,319.2,1.0,-0.25,6.8,-0.63
"{1: [799, 320, 814, 338], 2: [789, 311, 823, 349]}","{1: [799, 320, 814, 338]}","{1: [799, 320, 814, 338]}","{1: [799.0, 320.0, 814.0, 338.0]}",541,"(806, 329)",806,329,8,6,10.0,10.0,321.6,2.4,4.17,7.4,3.41
"{1: [802, 323, 822, 342], 2: [798, 316, 828, 349]}","{1: [802, 323, 822, 342]}","{1: [802, 323, 822, 342]}","{1: [802.0, 323.0, 822.0, 342.0]}",542,"(812, 332)",812,332,6,3,6.71,6.71,324.6,3.0,-3.29,7.6,0.14
"{1: [801, 307, 827, 333]}","{1: [801, 307, 827, 333]}","{1: [801, 307, 827, 333]}","{1: [801.0, 307.0, 827.0, 333.0]}",543,"(814, 320)",814,320,2,-12,12.17,-12.17,324.8,0.2,-18.88,8.2,-4.28
"{1: [807, 294, 830, 317]}","{1: [807, 294, 830, 317]}","{1: [807, 294, 830, 317]}","{1: [807.0, 294.0, 830.0, 317.0]}",544,"(818, 305)",818,305,4,-15,15.52,-15.52,321.8,-3.0,-3.35,10.0,-4.32
{},{},{},"{1: [807.0, 275.0, 831.0, 300.0]}",545,"(819, 287)",819,287,1,-18,18.03,-18.03,314.6,-7.2,-2.51,12.5,-4.77
"{1: [809, 261, 833, 289]}","{1: [809, 261, 833, 289]}","{1: [809, 261, 833, 289]}","{1: [809.0, 261.0, 833.0, 289.0]}",546,"(821, 275)",821,275,2,-12,12.17,-12.17,303.8,-10.8,5.86,12.9,-4.43
"{1: [815, 256, 832, 275]}","{1: [815, 256, 832, 275]}","{1: [815, 256, 832, 275]}","{1: [815.0, 256.0, 832.0, 275.0]}",547,"(823, 265)",823,265,2,-10,10.2,-10.2,290.4,-13.4,1.97,13.6,-3.38
"{1: [814, 238, 842, 268]}","{1: [814, 238, 842, 268]}","{1: [814, 238, 842, 268]}","{1: [814.0, 238.0, 842.0, 268.0]}",548,"(828, 253)",828,253,5,-12,13.0,-13.0,277.0,-13.4,-2.8,13.8,-0.17
"{1: [820, 235, 836, 253]}","{1: [820, 235, 836, 253]}","{1: [820, 235, 836, 253]}","{1: [820.0, 235.0, 836.0, 253.0]}",549,"(828, 244)",828,244,0,-9,9.0,-9.0,264.8,-12.2,4.0,12.5,1.3
"{1: [823, 229, 837, 245]}","{1: [823, 229, 837, 245]}","{1: [823, 229, 837, 245]}","{1: [823.0, 229.0, 837.0, 245.0]}",550,"(830, 237)",830,237,2,-7,7.28,-7.28,254.8,-10.0,1.72,10.3,2.15
"{1: [824, 223, 841, 243]}","{1: [824, 223, 841, 243]}","{1: [824, 223, 841, 243]}","{1: [824.0, 223.0, 841.0, 243.0]}",551,"(832, 233)",832,233,2,-4,4.47,-4.47,246.4,-8.4,2.81,8.8,1.54
"{1: [821, 225, 835, 243]}","{1: [821, 225, 835, 243]}","{1: [821, 225, 835, 243]}","{1: [821.0, 225.0, 835.0, 243.0]}",552,"(828, 234)",828,234,-4,1,4.12,4.12,240.2,-6.2,8.59,7.6,2.86
"{1: [805, 225, 829, 251]}","{1: [805, 225, 829, 251]}","{1: [805, 225, 829, 251]}","{1: [805.0, 225.0, 829.0, 251.0]}",553,"(817, 238)",817,238,-11,4,11.7,11.7,237.2,-3.0,7.58,7.3,4.94
"{1: [795, 236, 812, 254]}","{1: [795, 236, 812, 254]}","{1: [795, 236, 812, 254]}","{1: [795.0, 236.0, 812.0, 254.0]}",554,"(803, 245)",803,245,-14,7,15.65,15.65,237.4,0.2,3.95,8.6,4.93
"{1: [779, 242, 806, 268]}","{1: [779, 242, 806, 268]}","{1: [779, 242, 806, 268]}","{1: [779.0, 242.0, 806.0, 268.0]}",555,"(792, 255)",792,255,-11,10,14.87,14.87,241.0,3.6,-0.78,10.2,4.43
"{1: [770, 259, 786, 276]}","{1: [770, 259, 786, 276]}","{1: [770, 259, 786, 276]}","{1: [770.0, 259.0, 786.0, 276.0]}",556,"(778, 267)",778,267,-14,12,18.44,18.44,247.8,6.8,3.57,13.0,4.58
"{1: [753, 265, 782, 292]}","{1: [753, 265, 782, 292]}","{1: [753, 265, 782, 292]}","{1: [753.0, 265.0, 782.0, 292.0]}",557,"(767, 278)",767,278,-11,11,15.56,15.56,256.6,8.8,-2.88,15.2,2.29
{},{},{},"{1: [737.0, 285.0, 760.0, 307.0]}",558,"(748, 296)",748,296,-19,18,26.17,26.17,268.2,11.6,10.61,18.1,2.89
"{1: [728, 302, 745, 320]}","{1: [728, 302, 745, 320]}","{1: [728, 302, 745, 320]}","{1: [728.0, 302.0, 745.0, 320.0]}",559,"(736, 311)",736,311,-12,15,19.21,19.21,281.4,13.2,-6.96,18.8,0.71
"{1: [711, 316, 733, 340]}","{1: [711, 316, 733, 340]}","{1: [711, 316, 733, 340]}","{1: [711.0, 316.0, 733.0, 340.0]}",560,"(722, 328)",722,328,-14,17,22.02,22.02,296.0,14.6,2.81,20.3,1.43
"{1: [700, 341, 717, 362]}","{1: [700, 341, 717, 362]}","{1: [700, 341, 717, 362]}","{1: [700.0, 341.0, 717.0, 362.0]}",561,"(708, 351)",708,351,-14,23,26.93,26.93,312.8,16.8,4.91,22.0,1.7
{},{},{},"{1: [677.0, 376.0, 696.0, 397.0]}",562,"(686, 386)",686,386,-22,35,41.34,41.34,334.4,21.6,14.41,27.1,5.16
{},{},{},"{1: [657.0, 411.0, 676.0, 431.0]}",563,"(666, 421)",666,421,-20,35,40.31,40.31,359.4,25.0,-1.03,30.0,2.83
{},{},{},"{1: [639.0, 443.0, 657.0, 463.0]}",564,"(648, 453)",648,453,-18,32,36.72,36.72,387.8,28.4,-3.59,33.5,3.5
{},{},{},"{1: [622.0, 472.0, 641.0, 492.0]}",565,"(631, 482)",631,482,-17,29,33.62,33.62,418.6,30.8,-3.1,35.8,2.32
"{1: [609, 495, 629, 515], 2: [604, 485, 637, 521]}","{1: [609, 495, 629, 515]}","{1: [609, 495, 629, 515]}","{1: [609.0, 495.0, 629.0, 515.0]}",566,"(619, 505)",619,505,-12,23,25.94,25.94,449.4,30.8,-7.68,35.6,-0.2
"{1: [590, 525, 616, 555]}","{1: [590, 525, 616, 555]}","{1: [590, 525, 616, 555]}","{1: [590.0, 525.0, 616.0, 555.0]}",567,"(603, 540)",603,540,-16,35,38.48,38.48,480.2,30.8,12.54,35.0,-0.57
"{1: [566, 576, 592, 603]}","{1: [566, 576, 592, 603]}","{1: [566, 576, 592, 603]}","{1: [566.0, 576.0, 592.0, 603.0]}",568,"(579, 589)",579,589,-24,49,54.56,54.56,513.8,33.6,16.08,37.9,2.85
{},{},{},"{1: [541.0, 627.0, 566.0, 654.0]}",569,"(553, 640)",553,640,-26,51,57.25,57.25,551.2,37.4,2.69,42.0,4.11
"{1: [524, 668, 547, 694], 2: [520, 672, 546, 699]}","{1: [524, 668, 547, 694]}","{1: [524, 668, 547, 694]}","{1: [524.0, 668.0, 547.0, 694.0]}",570,"(535, 681)",535,681,-18,41,44.78,44.78,591.0,39.8,-12.47,44.2,2.23
"{1: [512, 687, 529, 704], 2: [778, 898, 807, 927]}",{},{},"{1: [504.0, 679.0, 522.0, 700.0]}",571,"(513, 689)",513,689,-22,8,23.41,23.41,627.8,36.8,-21.37,43.7,-0.51
"{1: [763, 898, 784, 919]}",{},{},"{1: [484.0, 687.0, 502.0, 708.0]}",572,"(493, 697)",493,697,-20,8,21.54,21.54,659.2,31.4,-1.87,40.3,-3.39
{},{},{},"{1: [465.0, 695.0, 483.0, 716.0]}",573,"(474, 705)",474,705,-19,8,20.62,20.62,682.4,23.2,-0.92,33.5,-6.79
"{1: [450, 697, 474, 722], 2: [449, 694, 477, 728]}",{},{},"{1: [447.0, 702.0, 466.0, 723.0]}",574,"(456, 712)",456,712,-18,7,19.31,19.31,696.8,14.4,-1.31,25.9,-7.59
"{1: [437, 711, 451, 727]}","{1: [437, 711, 451, 727]}","{1: [437, 711, 451, 727]}","{1: [437.0, 711.0, 451.0, 727.0]}",575,"(444, 719)",444,719,-12,7,13.89,13.89,704.4,7.6,-5.42,19.8,-6.18
"{1: [411, 718, 437, 744]}","{1: [411, 718, 437, 744]}","{1: [411, 718, 437, 744]}","{1: [411.0, 718.0, 437.0, 744.0]}",576,"(424, 731)",424,731,-20,12,23.32,23.32,712.8,8.4,9.43,19.7,-0.02
"{1: [393, 736, 413, 757], 2: [388, 725, 421, 762]}","{1: [393, 736, 413, 757]}","{1: [393, 736, 413, 757]}","{1: [393.0, 736.0, 413.0, 757.0]}",577,"(403, 746)",403,746,-21,15,25.81,25.81,722.6,9.8,2.49,20.6,0.85
"{1: [369, 749, 396, 777], 2: [370, 753, 393, 774]}","{1: [369, 749, 396, 777]}","{1: [369, 749, 396, 777]}","{1: [369.0, 749.0, 396.0, 777.0]}",578,"(382, 763)",382,763,-21,17,27.02,27.02,734.2,11.6,1.21,21.9,1.28
"{1: [345, 773, 372, 799]}","{1: [345, 773, 372, 799]}","{1: [345, 773, 372, 799]}","{1: [345.0, 773.0, 372.0, 799.0]}",579,"(358, 786)",358,786,-24,23,33.24,33.24,749.0,14.8,6.22,24.7,2.79
"{1: [321, 794, 349, 821], 2: [322, 799, 345, 822]}","{1: [322, 799, 345, 822]}","{1: [322, 799, 345, 822]}","{1: [322.0, 799.0, 345.0, 822.0]}",580,"(333, 810)",333,810,-25,24,34.66,34.66,767.2,18.2,1.42,28.8,4.15
{},{},{},"{1: [294.0, 830.0, 320.0, 857.0]}",581,"(307, 843)",307,843,-26,33,42.01,42.01,789.6,22.4,7.35,32.5,3.74
"{1: [274, 855, 302, 885]}","{1: [274, 855, 302, 885]}","{1: [274, 855, 302, 885]}","{1: [274.0, 855.0, 302.0, 885.0]}",582,"(288, 870)",288,870,-19,27,33.02,33.02,814.4,24.8,-8.99,34.0,1.44
{},{},{},"{1: [239.0, 910.0, 264.0, 937.0]}",583,"(251, 923)",251,923,-37,53,64.64,64.64,846.4,32.0,31.62,41.5,7.52
{},{},{},"{1: [207.0, 959.0, 232.0, 985.0]}",584,"(219, 972)",219,972,-32,49,58.52,58.52,883.6,37.2,-6.12,46.6,5.06
"{1: [184, 999, 207, 1022]}","{1: [184, 999, 207, 1022]}","{1: [184, 999, 207, 1022]}","{1: [184.0, 999.0, 207.0, 1022.0]}",585,"(195, 1010)",195,1010,-24,38,44.94,44.94,923.6,40.0,-13.58,48.6,2.06
"{1: [159, 1033, 185, 1059], 2: [161, 1030, 187, 1066]}","{1: [159, 1033, 185, 1059]}","{1: [159, 1033, 185, 1059]}","{1: [159.0, 1033.0, 185.0, 1059.0]}",586,"(172, 1046)",172,1046,-23,36,42.72,42.72,964.2,40.6,-2.22,48.8,0.14
{},{},{},"{1: [159.0, 1033.0, 185.0, 1059.0]}",587,"(172, 1046)",172,1046,0,0,0.0,0.0,999.4,35.2,-42.72,42.2,-6.6
{},{},{},"{1: [159.0, 1033.0, 185.0, 1059.0]}",588,"(172, 1046)",172,1046,0,0,0.0,0.0,1024.0,24.6,0.0,29.2,-12.93
{},{},{},"{1: [159.0, 1033.0, 185.0, 1059.0]}",589,"(172, 1046)",172,1046,0,0,0.0,0.0,1038.8,14.8,0.0,17.5,-11.7
{},{},{},"{1: [159.0, 1033.0, 185.0, 1059.0]}",590,"(172, 1046)",172,1046,0,0,0.0,0.0,1046.0,7.2,0.0,8.5,-8.99
