ball_position,frame
"{1: (241, -592)}",0
"{1: (240, -604)}",1
"{1: (241, -610)}",2
"{1: (241, -610)}",3
"{1: (241, -616)}",4
"{1: (241, -622)}",5
"{1: (242, -628)}",6
"{1: (242, -628)}",7
"{1: (242, -634)}",8
"{1: (242, -634)}",9
"{1: (243, -640)}",10
"{1: (243, -646)}",11
"{1: (244, -640)}",12
"{1: (226, -508)}",13
"{1: (213, -408)}",14
"{1: (200, -318)}",15
"{1: (190, -240)}",16
"{1: (182, -174)}",17
"{1: (175, -119)}",18
"{1: (170, -72)}",19
"{1: (159, 24)}",20
"{1: (149, 119)}",21
"{1: (144, 185)}",22
"{1: (138, 248)}",23
"{1: (133, 338)}",24
"{1: (129, 407)}",25
"{1: (127, 456)}",26
"{1: (124, 516)}",27
"{1: (121, 546)}",28
"{1: (118, 567)}",29
"{1: (115, 589)}",30
"{1: (112, 610)}",31
"{1: (109, 631)}",32
"{1: (107, 651)}",33
"{1: (104, 671)}",34
"{1: (102, 691)}",35
"{1: (99, 710)}",36
"{1: (68, 570)}",37
"{1: (81, 534)}",38
"{1: (94, 497)}",39
"{1: (105, 470)}",40
"{1: (116, 452)}",41
"{1: (126, 432)}",42
"{1: (137, 417)}",43
"{1: (149, 400)}",44
"{1: (160, 384)}",45
"{1: (172, 369)}",46
"{1: (183, 353)}",47
"{1: (194, 337)}",48
"{1: (205, 322)}",49
"{1: (215, 307)}",50
"{1: (224, 293)}",51
"{1: (232, 296)}",52
"{1: (239, 299)}",53
"{1: (246, 294)}",54
"{1: (252, 291)}",55
"{1: (258, 289)}",56
"{1: (263, 286)}",57
"{1: (269, 260)}",58
"{1: (276, 229)}",59
"{1: (282, 197)}",60
"{1: (288, 171)}",61
"{1: (293, 150)}",62
"{1: (293, 134)}",63
"{1: (294, 123)}",64
"{1: (295, 112)}",65
"{1: (295, 100)}",66
"{1: (296, 89)}",67
"{1: (297, 77)}",68
"{1: (298, 67)}",69
"{1: (299, 54)}",70
"{1: (299, 44)}",71
"{1: (300, 34)}",72
"{1: (300, 23)}",73
"{1: (301, 13)}",74
"{1: (302, 2)}",75
"{1: (302, -5)}",76
"{1: (304, -14)}",77
"{1: (308, -72)}",78
"{1: (311, -100)}",79
"{1: (296, 84)}",80
"{1: (291, 89)}",81
"{1: (286, 89)}",82
"{1: (277, 105)}",83
"{1: (270, 121)}",84
"{1: (263, 133)}",85
"{1: (258, 148)}",86
"{1: (252, 152)}",87
"{1: (246, 179)}",88
"{1: (239, 194)}",89
"{1: (233, 211)}",90
"{1: (227, 241)}",91
"{1: (221, 257)}",92
"{1: (215, 280)}",93
"{1: (208, 319)}",94
"{1: (202, 352)}",95
"{1: (196, 380)}",96
"{1: (192, 405)}",97
"{1: (187, 427)}",98
"{1: (185, 447)}",99
"{1: (180, 478)}",100
"{1: (176, 503)}",101
"{1: (172, 528)}",102
"{1: (168, 557)}",103
"{1: (164, 589)}",104
"{1: (162, 612)}",105
"{1: (159, 637)}",106
"{1: (157, 636)}",107
"{1: (155, 646)}",108
"{1: (153, 656)}",109
"{1: (152, 665)}",110
"{1: (150, 675)}",111
"{1: (149, 685)}",112
"{1: (147, 695)}",113
"{1: (146, 704)}",114
"{1: (144, 714)}",115
"{1: (143, 723)}",116
"{1: (142, 733, 0.59, 37.12)}",117
"{1: (141, 695, 0.7, 36.04)}",118
"{1: (140, 659, 0.79, 34.91)}",119
"{1: (140, 624, 0.87, 33.85)}",120
"{1: (139, 590, 0.93, 32.85)}",121
"{1: (139, 557, 0.98, 31.91)}",122
"{1: (138, 524, 1.01, 31.03)}",123
"{1: (138, 493, 1.03, 30.2)}",124
"{1: (137, 462, 1.03, 29.41)}",125
"{1: (137, 433, 1.01, 28.67)}",126
"{1: (136, 404, 0.98, 27.97)}",127
"{1: (136, 375, 0.93, 27.31)}",128
"{1: (136, 348, 0.87, 26.69)}",129
"{1: (135, 321, 0.79, 26.11)}",130
"{1: (135, 294, 0.69, 25.56)}",131
"{1: (134, 269, 0.58, 25.04)}",132
"{1: (134, 243, 0.46, 24.56)}",133
"{1: (134, 219, 0.32, 24.1)}",134
"{1: (133, 194, 0.16, 23.67)}",135
"{1: (133, 171, -0.01, 23.28)}",136
"{1: (133, 148)}",137
"{1: (132, 132)}",138
"{1: (132, 117)}",139
"{1: (132, 101)}",140
"{1: (131, 86)}",141
"{1: (131, 72)}",142
"{1: (131, 57)}",143
"{1: (131, 43, 0.9, 32.67)}",144
"{1: (137, 75, 1.01, 31.87)}",145
"{1: (142, 106, 1.1, 30.97)}",146
"{1: (148, 137, 1.17, 30.13)}",147
"{1: (154, 167, 1.23, 29.33)}",148
"{1: (159, 196, 1.27, 28.57)}",149
"{1: (165, 224, 1.3, 27.86)}",150
"{1: (170, 252, 1.31, 27.19)}",151
"{1: (175, 279, 1.31, 26.55)}",152
"{1: (180, 306, 1.28, 25.95)}",153
"{1: (185, 331, 1.25, 25.38)}",154
"{1: (189, 357, 1.2, 24.84)}",155
"{1: (194, 381, 1.13, 24.33)}",156
"{1: (198, 405, 1.05, 23.85)}",157
"{1: (203, 429, 0.95, 23.41)}",158
"{1: (207, 452, 0.84, 22.98)}",159
"{1: (211, 475, 0.71, 22.59)}",160
"{1: (216, 497, 0.56, 22.22)}",161
"{1: (220, 519, 0.4, 21.88)}",162
"{1: (224, 541, 0.23, 21.56)}",163
"{1: (228, 562, 0.04, 21.26)}",164
"{1: (232, 583)}",165
"{1: (234, 602)}",166
"{1: (237, 621)}",167
"{1: (240, 640)}",168
"{1: (243, 658)}",169
"{1: (245, 676)}",170
"{1: (248, 694)}",171
"{1: (250, 712)}",172
"{1: (253, 729)}",173
"{1: (256, 747, 0.74, 37.05)}",174
"{1: (249, 710, 0.85, 35.99)}",175
"{1: (242, 674, 0.95, 34.86)}",176
"{1: (236, 640, 1.03, 33.8)}",177
"{1: (230, 606, 1.1, 32.81)}",178
"{1: (224, 574, 1.15, 31.87)}",179
"{1: (218, 542, 1.19, 30.99)}",180
"{1: (213, 511, 1.2, 30.15)}",181
"{1: (207, 481, 1.21, 29.37)}",182
"{1: (202, 452, 1.2, 28.63)}",183
"{1: (197, 424, 1.17, 27.93)}",184
"{1: (191, 396, 1.12, 27.27)}",185
"{1: (187, 369, 1.06, 26.65)}",186
"{1: (182, 342, 0.99, 26.07)}",187
"{1: (177, 316, 0.9, 25.52)}",188
"{1: (172, 291, 0.79, 25.0)}",189
"{1: (168, 266, 0.67, 24.51)}",190
"{1: (163, 242, 0.54, 24.06)}",191
"{1: (159, 218, 0.38, 23.63)}",192
"{1: (155, 195, 0.22, 23.23)}",193
"{1: (151, 172, 0.03, 22.86)}",194
"{1: (147, 150)}",195
"{1: (144, 139)}",196
"{1: (141, 128)}",197
"{1: (138, 117)}",198
"{1: (136, 106)}",199
"{1: (133, 96)}",200
"{1: (130, 85)}",201
"{1: (128, 75)}",202
"{1: (125, 65)}",203
"{1: (123, 55, 0.97, 34.76)}",204
"{1: (129, 89, 1.05, 33.79)}",205
"{1: (135, 123, 1.12, 32.79)}",206
"{1: (141, 155, 1.17, 31.86)}",207
"{1: (147, 187, 1.2, 30.97)}",208
"{1: (152, 218, 1.22, 30.14)}",209
"{1: (158, 248, 1.23, 29.36)}",210
"{1: (163, 277, 1.21, 28.62)}",211
"{1: (168, 305, 1.19, 27.92)}",212
"{1: (173, 333, 1.14, 27.26)}",213
"{1: (178, 360, 1.08, 26.64)}",214
"{1: (183, 387, 1.01, 26.06)}",215
"{1: (188, 413, 0.92, 25.51)}",216
"{1: (193, 438, 0.81, 24.99)}",217
"{1: (197, 463, 0.69, 24.51)}",218
"{1: (202, 487, 0.55, 24.05)}",219
"{1: (206, 511, 0.4, 23.63)}",220
"{1: (210, 534, 0.23, 23.23)}",221
"{1: (214, 557, 0.05, 22.86)}",222
"{1: (219, 580)}",223
"{1: (221, 597)}",224
"{1: (223, 613)}",225
"{1: (225, 630)}",226
"{1: (228, 646)}",227
"{1: (230, 662)}",228
"{1: (232, 678)}",229
"{1: (234, 694)}",230
"{1: (236, 710)}",231
"{1: (238, 725)}",232
"{1: (240, 740)}",233
"{1: (242, 755)}",234
"{1: (245, 770, 0.89, 40.04)}",235
"{1: (238, 730, 0.99, 38.75)}",236
"{1: (232, 691, 1.07, 37.45)}",237
"{1: (227, 654, 1.13, 36.24)}",238
"{1: (221, 618, 1.18, 35.1)}",239
"{1: (216, 583, 1.21, 34.04)}",240
"{1: (210, 549, 1.23, 33.04)}",241
"{1: (205, 516, 1.23, 32.1)}",242
"{1: (200, 484, 1.22, 31.22)}",243
"{1: (195, 452, 1.19, 30.39)}",244
"{1: (191, 422, 1.14, 29.61)}",245
"{1: (186, 392, 1.08, 28.87)}",246
"{1: (182, 364, 1.0, 28.18)}",247
"{1: (177, 335, 0.91, 27.54)}",248
"{1: (173, 308, 0.8, 26.92)}",249
"{1: (169, 281, 0.68, 26.35)}",250
"{1: (165, 255, 0.54, 25.81)}",251
"{1: (161, 229, 0.39, 25.31)}",252
"{1: (157, 204, 0.22, 24.84)}",253
"{1: (153, 180, 0.03, 24.4)}",254
"{1: (150, 156)}",255
"{1: (147, 144)}",256
"{1: (144, 133)}",257
"{1: (142, 123)}",258
"{1: (139, 112)}",259
"{1: (137, 101)}",260
"{1: (135, 91)}",261
"{1: (132, 80)}",262
"{1: (130, 70)}",263
"{1: (128, 60, 0.95, 32.38)}",264
"{1: (132, 92, 1.04, 31.57)}",265
"{1: (137, 123, 1.12, 30.69)}",266
"{1: (142, 154, 1.18, 29.86)}",267
"{1: (146, 184, 1.23, 29.08)}",268
"{1: (151, 213, 1.26, 28.34)}",269
"{1: (155, 241, 1.28, 27.64)}",270
"{1: (159, 269, 1.28, 26.98)}",271
"{1: (163, 296, 1.26, 26.36)}",272
"{1: (167, 322, 1.23, 25.77)}",273
"{1: (171, 348, 1.18, 25.21)}",274
"{1: (175, 373, 1.12, 24.69)}",275
"{1: (178, 398, 1.04, 24.19)}",276
"{1: (182, 422, 0.94, 23.73)}",277
"{1: (186, 446, 0.84, 23.29)}",278
"{1: (189, 469, 0.71, 22.88)}",279
"{1: (192, 492, 0.57, 22.5)}",280
"{1: (196, 514, 0.41, 22.14)}",281
"{1: (199, 536, 0.24, 21.81)}",282
"{1: (202, 557, 0.06, 21.5)}",283
"{1: (206, 579)}",284
"{1: (207, 599)}",285
"{1: (209, 620)}",286
"{1: (211, 640)}",287
"{1: (213, 660)}",288
"{1: (215, 679)}",289
"{1: (217, 698)}",290
"{1: (218, 717)}",291
"{1: (220, 735)}",292
"{1: (222, 754)}",293
"{1: (224, 772, 0.74, 32.21)}",294
"{1: (227, 739, 0.88, 31.52)}",295
"{1: (230, 708, 1.01, 30.64)}",296
"{1: (233, 677, 1.12, 29.81)}",297
"{1: (236, 648, 1.21, 29.02)}",298
"{1: (239, 619, 1.29, 28.27)}",299
"{1: (242, 590, 1.35, 27.56)}",300
"{1: (245, 563, 1.4, 26.89)}",301
"{1: (248, 536, 1.43, 26.25)}",302
"{1: (250, 509, 1.44, 25.65)}",303
"{1: (253, 484, 1.44, 25.08)}",304
"{1: (255, 458, 1.42, 24.54)}",305
"{1: (258, 434, 1.39, 24.03)}",306
"{1: (260, 410, 1.34, 23.55)}",307
"{1: (263, 386, 1.28, 23.1)}",308
"{1: (265, 363, 1.2, 22.67)}",309
"{1: (267, 340, 1.11, 22.27)}",310
"{1: (270, 318, 1.0, 21.89)}",311
"{1: (272, 296, 0.87, 21.54)}",312
"{1: (274, 274, 0.73, 21.21)}",313
"{1: (276, 253, 0.57, 20.9)}",314
"{1: (278, 232, 0.4, 20.62)}",315
"{1: (280, 212, 0.22, 20.36)}",316
"{1: (282, 192, 0.02, 20.12)}",317
"{1: (285, 173)}",318
"{1: (286, 158)}",319
"{1: (287, 144)}",320
"{1: (288, 130)}",321
"{1: (289, 116)}",322
"{1: (290, 102)}",323
"{1: (291, 88)}",324
"{1: (292, 75)}",325
"{1: (293, 62)}",326
"{1: (295, 49, 0.96, 28.8)}",327
"{1: (287, 77, 1.07, 28.23)}",328
"{1: (280, 104, 1.17, 27.51)}",329
"{1: (273, 131, 1.25, 26.84)}",330
"{1: (266, 157, 1.32, 26.19)}",331
"{1: (259, 182, 1.37, 25.58)}",332
"{1: (252, 207, 1.41, 25.0)}",333
"{1: (246, 232, 1.42, 24.45)}",334
"{1: (239, 255, 1.43, 23.93)}",335
"{1: (233, 279, 1.42, 23.44)}",336
"{1: (227, 302, 1.39, 22.97)}",337
"{1: (221, 324, 1.34, 22.53)}",338
"{1: (215, 346, 1.28, 22.12)}",339
"{1: (209, 368, 1.21, 21.73)}",340
"{1: (203, 389, 1.12, 21.36)}",341
"{1: (198, 410, 1.01, 21.02)}",342
"{1: (192, 430, 0.89, 20.7)}",343
"{1: (187, 450, 0.76, 20.4)}",344
"{1: (182, 470, 0.6, 20.12)}",345
"{1: (177, 489, 0.44, 19.87)}",346
"{1: (171, 508, 0.25, 19.63)}",347
"{1: (166, 527, 0.06, 19.41)}",348
"{1: (162, 546)}",349
"{1: (158, 563)}",350
"{1: (155, 580)}",351
"{1: (152, 597)}",352
"{1: (149, 613)}",353
"{1: (146, 629)}",354
"{1: (142, 645)}",355
"{1: (139, 661)}",356
"{1: (137, 677)}",357
"{1: (134, 692)}",358
"{1: (131, 708)}",359
"{1: (128, 723)}",360
"{1: (125, 737)}",361
"{1: (122, 752)}",362
"{1: (120, 767, 0.61, 25.93)}",363
"{1: (126, 741, 0.8, 25.77)}",364
"{1: (131, 717, 0.96, 25.15)}",365
"{1: (137, 693, 1.12, 24.56)}",366
"{1: (143, 669, 1.25, 24.0)}",367
"{1: (149, 646, 1.37, 23.46)}",368
"{1: (154, 623, 1.48, 22.95)}",369
"{1: (159, 601, 1.57, 22.46)}",370
"{1: (165, 580, 1.64, 21.99)}",371
"{1: (170, 558, 1.7, 21.55)}",372
"{1: (175, 537, 1.74, 21.13)}",373
"{1: (180, 517, 1.76, 20.72)}",374
"{1: (185, 497, 1.77, 20.34)}",375
"{1: (189, 477, 1.77, 19.98)}",376
"{1: (194, 457, 1.74, 19.65)}",377
"{1: (199, 438, 1.71, 19.33)}",378
"{1: (203, 419, 1.65, 19.03)}",379
"{1: (208, 401, 1.59, 18.75)}",380
"{1: (212, 382, 1.5, 18.49)}",381
"{1: (216, 364, 1.4, 18.24)}",382
"{1: (221, 347, 1.29, 18.02)}",383
"{1: (225, 329, 1.16, 17.82)}",384
"{1: (229, 312, 1.01, 17.63)}",385
"{1: (233, 295, 0.85, 17.46)}",386
"{1: (237, 279, 0.67, 17.31)}",387
"{1: (241, 262, 0.48, 17.17)}",388
"{1: (245, 246, 0.28, 17.05)}",389
"{1: (249, 230, 0.05, 16.95)}",390
"{1: (253, 215)}",391
"{1: (251, 210)}",392
"{1: (250, 205)}",393
"{1: (248, 200)}",394
"{1: (247, 195)}",395
"{1: (245, 191)}",396
"{1: (244, 186)}",397
"{1: (242, 181)}",398
"{1: (241, 176)}",399
"{1: (240, 172)}",400
"{1: (238, 167)}",401
"{1: (237, 163)}",402
"{1: (235, 158)}",403
"{1: (234, 153)}",404
"{1: (233, 149)}",405
"{1: (231, 144)}",406
"{1: (230, 140)}",407
"{1: (229, 135)}",408
"{1: (227, 131)}",409
"{1: (226, 126)}",410
"{1: (225, 122)}",411
"{1: (223, 117)}",412
"{1: (222, 113)}",413
"{1: (221, 109, 0.02, 33.05)}",414
"{1: (216, 142, 0.15, 32.27)}",415
"{1: (212, 174, 0.26, 31.35)}",416
"{1: (208, 205, 0.35, 30.48)}",417
"{1: (204, 235, 0.43, 29.66)}",418
"{1: (200, 265, 0.49, 28.89)}",419
"{1: (196, 294, 0.54, 28.15)}",420
"{1: (193, 322, 0.57, 27.46)}",421
"{1: (189, 349, 0.58, 26.8)}",422
"{1: (186, 376, 0.58, 26.18)}",423
"{1: (182, 403, 0.57, 25.59)}",424
"{1: (179, 428, 0.53, 25.04)}",425
"{1: (176, 453, 0.49, 24.51)}",426
"{1: (173, 478, 0.42, 24.02)}",427
"{1: (169, 502, 0.34, 23.55)}",428
"{1: (166, 526, 0.25, 23.11)}",429
"{1: (163, 549, 0.14, 22.7)}",430
"{1: (160, 571, 0.01, 22.32)}",431
"{1: (158, 594)}",432
"{1: (157, 609)}",433
"{1: (156, 624)}",434
"{1: (156, 638)}",435
"{1: (155, 653)}",436
"{1: (154, 667)}",437
"{1: (154, 682)}",438
"{1: (153, 696)}",439
"{1: (153, 710)}",440
"{1: (152, 723)}",441
"{1: (152, 737)}",442
"{1: (151, 750)}",443
"{1: (151, 764, 0.69, 26.12)}",444
"{1: (149, 738, 0.89, 26.0)}",445
"{1: (148, 712, 1.07, 25.37)}",446
"{1: (146, 687, 1.23, 24.77)}",447
"{1: (145, 663, 1.38, 24.2)}",448
"{1: (143, 639, 1.51, 23.65)}",449
"{1: (142, 616, 1.63, 23.13)}",450
"{1: (141, 593, 1.73, 22.63)}",451
"{1: (140, 571, 1.81, 22.15)}",452
"{1: (138, 549, 1.88, 21.7)}",453
"{1: (137, 527, 1.93, 21.27)}",454
"{1: (136, 506, 1.97, 20.86)}",455
"{1: (135, 485, 1.99, 20.47)}",456
"{1: (134, 464, 2.0, 20.1)}",457
"{1: (132, 444, 1.99, 19.75)}",458
"{1: (131, 425, 1.96, 19.42)}",459
"{1: (130, 405, 1.92, 19.11)}",460
"{1: (129, 386, 1.86, 18.82)}",461
"{1: (128, 367, 1.79, 18.55)}",462
"{1: (127, 349, 1.7, 18.3)}",463
"{1: (126, 331, 1.59, 18.07)}",464
"{1: (125, 313, 1.47, 17.85)}",465
"{1: (124, 295, 1.34, 17.66)}",466
"{1: (123, 278, 1.19, 17.48)}",467
"{1: (122, 260, 1.02, 17.32)}",468
"{1: (121, 243, 0.84, 17.18)}",469
"{1: (120, 227, 0.65, 17.05)}",470
"{1: (119, 210, 0.44, 16.94)}",471
"{1: (118, 194, 0.21, 16.84)}",472
"{1: (117, 178, -0.03, 16.76)}",473
"{1: (117, 163)}",474
"{1: (115, 155)}",475
"{1: (113, 148)}",476
"{1: (112, 141)}",477
"{1: (110, 134)}",478
"{1: (108, 126)}",479
"{1: (107, 119)}",480
"{1: (105, 112)}",481
"{1: (104, 105)}",482
"{1: (102, 98)}",483
"{1: (101, 92, 0.73, 33.13)}",484
"{1: (101, 125, 0.82, 32.27)}",485
"{1: (101, 157, 0.9, 31.36)}",486
"{1: (101, 189, 0.96, 30.5)}",487
"{1: (101, 220, 1.01, 29.68)}",488
"{1: (101, 250, 1.04, 28.91)}",489
"{1: (102, 279, 1.06, 28.19)}",490
"{1: (102, 308, 1.06, 27.5)}",491
"{1: (102, 335, 1.04, 26.85)}",492
"{1: (102, 363, 1.01, 26.24)}",493
"{1: (102, 389, 0.96, 25.66)}",494
"{1: (102, 415, 0.9, 25.12)}",495
"{1: (103, 441, 0.82, 24.6)}",496
"{1: (103, 465, 0.72, 24.12)}",497
"{1: (103, 490, 0.62, 23.67)}",498
"{1: (103, 514, 0.49, 23.24)}",499
"{1: (103, 537, 0.35, 22.84)}",500
"{1: (103, 560, 0.19, 22.47)}",501
"{1: (103, 582, 0.02, 22.12)}",502
"{1: (104, 605)}",503
"{1: (104, 621)}",504
"{1: (105, 637)}",505
"{1: (106, 653)}",506
"{1: (107, 668)}",507
"{1: (108, 684)}",508
"{1: (109, 699)}",509
"{1: (110, 714)}",510
"{1: (111, 729)}",511
"{1: (112, 744)}",512
"{1: (113, 758)}",513
"{1: (114, 772)}",514
"{1: (115, 787)}",515
"{1: (116, 801, 0.69, 31.01)}",516
"{1: (117, 769, 0.85, 30.45)}",517
"{1: (118, 739, 1.0, 29.62)}",518
"{1: (120, 710, 1.13, 28.84)}",519
"{1: (121, 681, 1.24, 28.09)}",520
"{1: (123, 653, 1.34, 27.38)}",521
"{1: (124, 625, 1.42, 26.71)}",522
"{1: (125, 599, 1.48, 26.08)}",523
"{1: (127, 572, 1.53, 25.47)}",524
"{1: (128, 547, 1.57, 24.9)}",525
"{1: (129, 522, 1.59, 24.35)}",526
"{1: (130, 497, 1.59, 23.83)}",527
"{1: (131, 473, 1.57, 23.35)}",528
"{1: (132, 450, 1.55, 22.88)}",529
"{1: (134, 427, 1.5, 22.45)}",530
"{1: (135, 404, 1.44, 22.04)}",531
"{1: (136, 382, 1.37, 21.65)}",532
"{1: (137, 360, 1.27, 21.29)}",533
"{1: (138, 339, 1.17, 20.95)}",534
"{1: (139, 318, 1.05, 20.63)}",535
"{1: (140, 297, 0.91, 20.33)}",536
"{1: (141, 277, 0.76, 20.06)}",537
"{1: (142, 257, 0.59, 19.81)}",538
"{1: (143, 237, 0.4, 19.57)}",539
"{1: (144, 218, 0.21, 19.36)}",540
"{1: (145, 199, -0.01, 19.17)}",541
"{1: (146, 181)}",542
"{1: (146, 170)}",543
"{1: (146, 160)}",544
"{1: (147, 150)}",545
"{1: (147, 140)}",546
"{1: (148, 130)}",547
"{1: (148, 120)}",548
"{1: (149, 110)}",549
"{1: (149, 100)}",550
"{1: (150, 91, 0.9, 34.0)}",551
"{1: (146, 125, 0.99, 33.08)}",552
"{1: (143, 158, 1.06, 32.13)}",553
"{1: (140, 190, 1.11, 31.23)}",554
"{1: (137, 222, 1.15, 30.38)}",555
"{1: (135, 252, 1.17, 29.57)}",556
"{1: (132, 282, 1.18, 28.82)}",557
"{1: (129, 311, 1.17, 28.1)}",558
"{1: (127, 339, 1.15, 27.43)}",559
"{1: (124, 367, 1.11, 26.79)}",560
"{1: (122, 394, 1.05, 26.19)}",561
"{1: (119, 420, 0.98, 25.63)}",562
"{1: (117, 446, 0.89, 25.1)}",563
"{1: (114, 472, 0.79, 24.6)}",564
"{1: (112, 496, 0.68, 24.13)}",565
"{1: (110, 520, 0.54, 23.68)}",566
"{1: (108, 544, 0.39, 23.27)}",567
"{1: (106, 567, 0.23, 22.89)}",568
"{1: (104, 590, 0.05, 22.53)}",569
"{1: (104, 623)}",570
"{1: (99, 627)}",571
"{1: (96, 633)}",572
"{1: (92, 639)}",573
"{1: (89, 643)}",574
"{1: (87, 646)}",575
"{1: (85, 658)}",576
"{1: (82, 666)}",577
"{1: (80, 679)}",578
"{1: (77, 692)}",579
"{1: (75, 705)}",580
"{1: (74, 724)}",581
"{1: (74, 739)}",582
"{1: (73, 764)}",583
"{1: (72, 785)}",584
"{1: (72, 800)}",585
"{1: (72, 814)}",586
"{1: (72, 814)}",587
"{1: (72, 814)}",588
"{1: (72, 814)}",589
"{1: (72, 814)}",590
