frame_number,player_1_original_box,player_1_reference_point,player_1_action,player_1_net_clearance,player_2_original_box,player_2_reference_point,player_2_action,player_2_net_clearance,ball_original_box,ball_reference_point,ball_height,ball_horizontal_velocity,ball_vertial_velocity,ball_action
0,"[369, 659, 530, 904]","(105, 748)",0,0.0,"[997, 149, 1059, 298]","(229, 106)",0,0.0,"[1009, 90, 1025, 107]","(242, -646)",0.0,0.0,0.0,4
1,"[369, 658, 530, 904]","(105, 748)",0,0.0,"[997, 148, 1054, 298]","(228, 106)",0,0.0,"[1009, 88, 1024, 105]","(241, -658)",0.0,0.0,0.0,4
2,"[369, 658, 530, 904]","(105, 748)",0,0.0,"[996, 148, 1047, 298]","(226, 106)",0,0.0,"[1010, 87, 1025, 104]","(242, -665)",0.0,0.0,0.0,4
3,"[369, 656, 531, 903]","(106, 748)",0,0.0,"[995, 148, 1041, 298]","(225, 106)",0,0.0,"[1010, 87, 1025, 104]","(242, -665)",0.0,0.0,0.0,4
4,"[369, 654, 531, 901]","(105, 747)",0,0.0,"[993, 148, 1037, 298]","(224, 106)",0,0.0,"[1010, 86, 1025, 103]","(242, -671)",0.0,0.0,0.0,4
5,"[369, 652, 531, 898]","(105, 745)",0,0.0,"[992, 148, 1037, 298]","(224, 106)",0,0.0,"[1010, 85, 1025, 102]","(242, -677)",0.0,0.0,0.0,4
6,"[369, 652, 531, 895]","(105, 744)",0,0.0,"[991, 149, 1035, 298]","(223, 106)",0,0.0,"[1011, 84, 1026, 101]","(243, -684)",0.0,0.0,0.0,4
7,"[369, 652, 533, 893]","(105, 743)",0,0.0,"[990, 150, 1034, 298]","(223, 106)",0,0.0,"[1011, 84, 1026, 101]","(243, -684)",0.0,0.0,0.0,4
8,"[369, 653, 540, 893]","(105, 743)",0,0.0,"[991, 151, 1033, 298]","(223, 106)",0,0.0,"[1011, 83, 1026, 100]","(243, -690)",0.0,0.0,0.0,4
9,"[369, 653, 544, 893]","(106, 743)",0,0.0,"[990, 157, 1032, 298]","(222, 106)",0,0.0,"[1011, 83, 1026, 100]","(243, -690)",0.0,0.0,0.0,4
10,"[369, 653, 545, 893]","(106, 743)",0,0.0,"[991, 171, 1037, 297]","(224, 104)",0,0.0,"[1012, 82, 1027, 99]","(244, -697)",0.0,0.0,0.0,4
11,"[369, 651, 546, 892]","(106, 742)",0,0.0,"[990, 172, 1041, 297]","(224, 104)",0,0.0,"[1012, 81, 1027, 98]","(244, -703)",0.0,0.0,0.0,4
12,"[372, 647, 546, 888]","(106, 740)",0,0.0,"[988, 165, 1038, 297]","(223, 104)",0,0.0,"[1013, 82, 1027, 99]","(245, -697)",0.0,0.0,0.0,4
13,"[375, 642, 546, 885]","(106, 739)",0,0.0,"[988, 154, 1033, 296]","(222, 102)",0,0.0,"[988, 100, 1007, 122]","(227, -569)",0.0,0.0,0.0,4
14,"[383, 638, 546, 881]","(106, 737)",0,0.0,"[982, 135, 1026, 292]","(220, 92)",1,1.21,"[1009, 97, 1029, 117]","(242, 99)",2.79,39.53,-2.35,0
15,"[397, 635, 548, 877]","(108, 735)",0,0.0,"[983, 140, 1021, 290]","(219, 88)",0,0.0,"[946, 141, 965, 162]","(231, 137)",2.68,38.2,-2.74,4
16,"[412, 633, 555, 874]","(109, 733)",0,0.0,"[978, 148, 1019, 288]","(218, 83)",0,0.0,"[927, 160, 946, 181]","(221, 174)",2.56,36.95,-3.12,4
17,"[425, 633, 575, 873]","(113, 733)",0,0.0,"[982, 166, 1018, 286]","(218, 78)",0,0.0,"[909, 178, 928, 199]","(211, 210)",2.42,35.79,-3.51,4
18,"[438, 636, 588, 872]","(115, 732)",0,0.0,"[973, 175, 1017, 268]","(217, 33)",0,0.0,"[893, 193, 912, 215]","(202, 245)",2.26,34.69,-3.89,4
19,"[443, 640, 594, 874]","(116, 733)",0,0.0,"[972, 179, 1020, 275]","(217, 51)",0,0.0,"[878, 204, 902, 230]","(193, 279)",2.09,33.66,-4.27,4
20,"[445, 644, 597, 876]","(117, 734)",0,0.0,"[970, 184, 1031, 291]","(218, 90)",0,0.0,"[846, 236, 873, 264]","(184, 312)",1.9,32.69,-4.64,4
21,"[447, 649, 597, 876]","(117, 734)",0,0.0,"[971, 189, 1037, 301]","(219, 113)",0,0.0,"[816, 276, 841, 303]","(175, 344)",1.7,31.77,-5.01,4
22,"[446, 651, 597, 876]","(117, 734)",0,0.0,"[972, 193, 1035, 305]","(219, 122)",0,0.0,"[794, 309, 818, 334]","(167, 375)",1.49,30.91,-5.38,4
23,"[445, 651, 596, 874]","(116, 733)",0,0.0,"[973, 192, 1041, 306]","(220, 125)",0,0.0,"[773, 349, 788, 367]","(158, 405)",1.26,30.09,-5.75,4
24,"[445, 650, 595, 873]","(116, 733)",0,0.0,"[973, 192, 1041, 306]","(220, 125)",0,0.0,"[740, 403, 758, 422]","(150, 435)",1.01,29.31,-6.11,4
25,"[444, 650, 595, 873]","(116, 733)",0,0.0,"[972, 194, 1041, 307]","(220, 127)",0,0.0,"[712, 452, 730, 472]","(143, 464)",0.75,28.57,-6.47,4
26,"[439, 649, 594, 873]","(116, 733)",0,0.0,"[970, 201, 1041, 306]","(220, 125)",0,0.0,"[690, 491, 711, 512]","(135, 492)",0.48,27.87,-6.83,4
27,"[437, 648, 594, 873]","(115, 733)",0,0.0,"[970, 206, 1042, 306]","(220, 125)",0,0.0,"[658, 543, 682, 569]","(128, 519)",0.19,27.2,-7.18,4
28,"[434, 648, 596, 873]","(115, 733)",0,0.0,"[970, 206, 1041, 306]","(220, 125)",0,0.0,"[634, 585, 661, 616]","(121, 546)",0.0,20.96,6.41,1
29,"[430, 647, 598, 873]","(115, 733)",0,0.0,"[965, 204, 1035, 306]","(218, 125)",0,0.0,"[614, 583, 637, 606]","(114, 566)",0.24,20.58,5.98,4
30,"[429, 646, 598, 872]","(115, 732)",0,0.0,"[961, 203, 1027, 305]","(215, 122)",0,0.0,"[583, 575, 609, 602]","(108, 586)",0.46,20.21,5.56,4
31,"[427, 644, 597, 872]","(115, 732)",0,0.0,"[960, 202, 1019, 308]","(213, 129)",0,0.0,"[564, 573, 591, 607]","(102, 605)",0.67,19.86,5.14,4
32,"[428, 641, 596, 872]","(115, 732)",0,0.0,"[959, 201, 1014, 309]","(212, 131)",0,0.0,"[531, 573, 558, 603]","(95, 625)",0.86,19.52,4.72,4
33,"[422, 637, 596, 871]","(114, 732)",0,0.0,"[959, 200, 1018, 309]","(213, 131)",0,0.0,"[507, 574, 533, 601]","(89, 644)",1.03,19.19,4.31,4
34,"[418, 628, 595, 871]","(113, 732)",0,0.0,"[959, 199, 1021, 309]","(214, 131)",0,0.0,"[489, 581, 507, 602]","(84, 662)",1.18,18.87,3.9,4
35,"[417, 620, 592, 871]","(113, 732)",0,0.0,"[958, 196, 1022, 309]","(214, 131)",0,0.0,"[462, 590, 477, 606]","(78, 681)",1.32,18.56,3.5,4
36,"[420, 611, 584, 870]","(113, 731)",0,0.0,"[959, 193, 1022, 309]","(214, 131)",0,0.0,"[434, 596, 452, 617]","(72, 699)",1.45,18.26,3.1,4
37,"[436, 604, 572, 867]","(113, 730)",1,0.96,"[959, 190, 1023, 308]","(214, 129)",0,0.0,"[414, 610, 428, 627]","(67, 716)",1.63,28.44,1.55,2
38,"[452, 597, 559, 863]","(113, 727)",0,0.0,"[964, 188, 1023, 306]","(215, 125)",0,0.0,"[487, 566, 505, 587]","(79, 689)",1.68,27.74,1.16,4
39,"[459, 592, 546, 858]","(112, 725)",0,0.0,"[966, 187, 1027, 305]","(216, 122)",0,0.0,"[554, 529, 572, 550]","(90, 664)",1.71,27.08,0.76,4
40,"[461, 585, 555, 853]","(112, 722)",0,0.0,"[970, 185, 1034, 304]","(219, 120)",0,0.0,"[605, 500, 627, 525]","(102, 639)",1.72,26.45,0.37,4
41,"[462, 575, 560, 844]","(112, 717)",0,0.0,"[973, 185, 1042, 302]","(221, 116)",0,0.0,"[646, 478, 676, 509]","(113, 614)",1.72,25.85,-0.02,4
42,"[462, 576, 561, 833]","(111, 711)",0,0.0,"[976, 186, 1051, 301]","(223, 113)",0,0.0,"[692, 467, 716, 492]","(124, 591)",1.7,25.27,-0.41,4
43,"[462, 586, 557, 828]","(111, 709)",0,0.0,"[978, 187, 1057, 300]","(225, 111)",0,0.0,"[734, 454, 758, 480]","(135, 567)",1.67,24.72,-0.81,4
44,"[460, 590, 552, 830]","(110, 710)",0,0.0,"[979, 189, 1063, 299]","(226, 109)",0,0.0,"[775, 442, 800, 467]","(146, 545)",1.62,24.19,-1.2,4
45,"[455, 601, 550, 831]","(109, 710)",0,0.0,"[979, 190, 1065, 298]","(227, 106)",0,0.0,"[816, 430, 840, 455]","(156, 522)",1.56,23.69,-1.59,4
46,"[450, 608, 552, 832]","(109, 711)",0,0.0,"[979, 191, 1062, 298]","(226, 106)",0,0.0,"[854, 418, 879, 444]","(166, 500)",1.48,23.2,-1.98,4
47,"[444, 610, 554, 831]","(109, 710)",0,0.0,"[979, 189, 1059, 298]","(226, 106)",0,0.0,"[892, 407, 916, 433]","(176, 479)",1.39,22.74,-2.37,4
48,"[447, 611, 553, 831]","(109, 710)",0,0.0,"[979, 188, 1061, 298]","(226, 106)",0,0.0,"[927, 396, 952, 422]","(186, 458)",1.28,22.29,-2.75,4
49,"[451, 614, 547, 830]","(109, 710)",0,0.0,"[985, 187, 1067, 298]","(228, 106)",0,0.0,"[960, 387, 985, 412]","(195, 437)",1.15,21.86,-3.14,4
50,"[449, 619, 545, 830]","(108, 710)",0,0.0,"[994, 187, 1075, 297]","(232, 104)",0,0.0,"[990, 378, 1015, 403]","(205, 417)",1.01,21.44,-3.52,4
51,"[448, 624, 546, 832]","(109, 711)",0,0.0,"[1009, 187, 1082, 296]","(236, 101)",0,0.0,"[1017, 374, 1036, 394]","(214, 397)",0.85,21.05,-3.9,4
52,"[448, 629, 559, 833]","(110, 711)",0,0.0,"[1023, 187, 1091, 296]","(241, 101)",0,0.0,"[1042, 376, 1060, 396]","(223, 378)",0.68,20.66,-4.28,4
53,"[448, 632, 571, 833]","(111, 711)",0,0.0,"[1030, 186, 1100, 295]","(244, 99)",0,0.0,"[1062, 378, 1080, 398]","(232, 359)",0.5,20.29,-4.66,4
54,"[446, 633, 580, 838]","(112, 714)",0,0.0,"[1035, 185, 1107, 295]","(247, 99)",0,0.0,"[1083, 377, 1099, 395]","(241, 340)",0.3,19.94,-5.03,4
55,"[443, 632, 585, 841]","(113, 716)",0,0.0,"[1041, 183, 1117, 294]","(250, 97)",0,0.0,"[1102, 375, 1118, 393]","(249, 322)",0.08,19.59,-5.4,4
56,"[449, 630, 588, 842]","(114, 716)",0,0.0,"[1050, 182, 1126, 292]","(254, 92)",0,0.0,"[1118, 391, 1138, 411]","(258, 304)",0.0,11.24,3.98,3
57,"[460, 627, 595, 843]","(115, 717)",0,0.0,"[1063, 183, 1137, 292]","(259, 92)",0,0.0,"[1134, 374, 1149, 390]","(262, 293)",0.14,11.13,3.57,4
58,"[480, 625, 601, 843]","(118, 717)",0,0.0,"[1082, 185, 1149, 292]","(265, 92)",0,0.0,"[1142, 349, 1167, 375]","(266, 282)",0.27,11.02,3.17,4
59,"[505, 623, 606, 843]","(121, 717)",0,0.0,"[1101, 187, 1159, 292]","(271, 91)",0,0.0,"[1154, 334, 1177, 358]","(271, 272)",0.38,10.92,2.77,4
60,"[530, 623, 613, 847]","(124, 719)",0,0.0,"[1112, 188, 1170, 291]","(276, 89)",0,0.0,"[1166, 319, 1189, 341]","(275, 262)",0.48,10.81,2.37,4
61,"[547, 624, 621, 855]","(127, 723)",0,0.0,"[1119, 190, 1180, 292]","(279, 91)",0,0.0,"[1178, 308, 1195, 328]","(280, 252)",0.55,10.71,1.97,4
62,"[558, 629, 644, 862]","(131, 727)",0,0.0,"[1129, 192, 1189, 291]","(283, 89)",0,0.0,"[1184, 297, 1204, 318]","(284, 242)",0.62,10.61,1.58,4
63,"[566, 633, 665, 868]","(134, 730)",0,0.0,"[1139, 194, 1198, 290]","(287, 86)",0,0.0,"[1184, 292, 1202, 311]","(288, 232)",0.66,10.51,1.18,4
64,"[570, 638, 685, 878]","(137, 735)",0,0.0,"[1148, 197, 1206, 294]","(290, 96)",0,0.0,"[1184, 286, 1201, 306]","(292, 222)",0.7,10.41,0.79,4
65,"[572, 644, 697, 886]","(139, 739)",0,0.0,"[1156, 200, 1215, 294]","(293, 96)",0,0.0,"[1183, 281, 1201, 301]","(297, 212)",0.71,10.32,0.4,4
66,"[575, 650, 703, 895]","(140, 744)",0,0.0,"[1162, 201, 1224, 295]","(296, 98)",0,0.0,"[1183, 277, 1200, 296]","(301, 202)",0.71,10.23,0.01,4
67,"[580, 656, 707, 898]","(141, 745)",0,0.0,"[1164, 203, 1235, 296]","(299, 100)",0,0.0,"[1182, 272, 1200, 291]","(305, 193)",0.7,10.13,-0.39,4
68,"[587, 659, 708, 899]","(142, 746)",0,0.0,"[1169, 206, 1249, 300]","(302, 109)",0,0.0,"[1182, 267, 1200, 286]","(309, 183)",0.67,10.04,-0.78,4
69,"[592, 659, 708, 899]","(142, 746)",0,0.0,"[1174, 206, 1257, 302]","(304, 114)",0,0.0,"[1182, 262, 1199, 282]","(313, 174)",0.62,9.96,-1.17,4
70,"[593, 656, 708, 898]","(142, 745)",0,0.0,"[1182, 210, 1261, 302]","(306, 114)",0,0.0,"[1181, 258, 1199, 277]","(317, 164)",0.56,9.87,-1.56,4
71,"[593, 651, 708, 897]","(142, 745)",0,0.0,"[1188, 212, 1266, 301]","(309, 112)",0,0.0,"[1181, 253, 1198, 273]","(321, 155)",0.48,9.78,-1.95,4
72,"[594, 645, 708, 895]","(142, 744)",0,0.0,"[1196, 214, 1272, 302]","(312, 114)",0,0.0,"[1180, 249, 1198, 269]","(325, 146)",0.39,9.7,-2.34,4
73,"[594, 640, 709, 891]","(142, 742)",0,0.0,"[1201, 217, 1269, 303]","(312, 116)",0,0.0,"[1180, 245, 1197, 265]","(329, 137)",0.28,9.62,-2.73,4
74,"[595, 637, 718, 884]","(143, 738)",0,0.0,"[1208, 219, 1268, 303]","(313, 116)",1,2.14,"[1263, 270, 1283, 290]","(333, 134)",0.3,19.88,6.38,0
75,"[596, 637, 727, 881]","(143, 737)",0,0.0,"[1211, 220, 1269, 303]","(314, 116)",0,0.0,"[1179, 238, 1197, 257]","(326, 153)",0.54,19.54,5.95,4
76,"[595, 637, 738, 882]","(144, 737)",0,0.0,"[1203, 219, 1271, 303]","(313, 116)",0,0.0,"[1179, 234, 1196, 254]","(319, 171)",0.76,19.21,5.53,4
77,"[594, 640, 745, 882]","(145, 737)",0,0.0,"[1196, 218, 1273, 302]","(312, 114)",0,0.0,"[1181, 233, 1196, 251]","(313, 190)",0.96,18.89,5.11,4
78,"[593, 645, 748, 883]","(145, 738)",0,0.0,"[1211, 215, 1279, 302]","(316, 114)",0,0.0,"[1178, 211, 1196, 231]","(306, 208)",1.15,18.58,4.69,4
79,"[593, 651, 750, 884]","(145, 738)",0,0.0,"[1201, 208, 1284, 302]","(315, 114)",0,0.0,"[1182, 205, 1197, 222]","(300, 226)",1.32,18.28,4.28,4
80,"[592, 658, 750, 884]","(145, 738)",0,0.0,"[1198, 196, 1288, 302]","(315, 114)",0,0.0,"[1178, 261, 1203, 289]","(294, 243)",1.48,17.99,3.88,4
81,"[592, 662, 750, 884]","(145, 738)",0,0.0,"[1202, 192, 1291, 302]","(316, 114)",0,0.0,"[1166, 266, 1190, 291]","(288, 261)",1.62,17.71,3.47,4
82,"[592, 665, 751, 884]","(145, 738)",0,0.0,"[1204, 189, 1290, 302]","(317, 114)",0,0.0,"[1158, 272, 1173, 291]","(282, 278)",1.74,17.43,3.07,4
83,"[592, 665, 750, 885]","(145, 739)",0,0.0,"[1207, 188, 1289, 301]","(317, 111)",0,0.0,"[1137, 276, 1158, 298]","(276, 295)",1.85,17.17,2.67,4
84,"[590, 664, 749, 883]","(145, 738)",0,0.0,"[1198, 187, 1286, 301]","(315, 112)",0,0.0,"[1121, 282, 1141, 305]","(270, 311)",1.94,16.91,2.27,4
85,"[587, 664, 743, 883]","(144, 738)",0,0.0,"[1196, 187, 1285, 300]","(314, 109)",0,0.0,"[1106, 288, 1127, 310]","(265, 327)",2.01,16.66,1.87,4
86,"[585, 663, 728, 886]","(143, 739)",0,0.0,"[1193, 187, 1285, 300]","(314, 109)",0,0.0,"[1093, 291, 1119, 317]","(259, 343)",2.07,16.42,1.48,4
87,"[581, 664, 701, 889]","(140, 741)",0,0.0,"[1192, 187, 1284, 300]","(314, 109)",0,0.0,"[1084, 303, 1099, 319]","(253, 359)",2.11,16.19,1.08,4
88,"[575, 661, 671, 892]","(137, 742)",0,0.0,"[1191, 187, 1284, 300]","(313, 109)",0,0.0,"[1065, 307, 1090, 332]","(248, 375)",2.14,15.96,0.69,4
89,"[568, 661, 660, 894]","(135, 743)",0,0.0,"[1188, 186, 1284, 299]","(313, 107)",0,0.0,"[1051, 317, 1071, 339]","(242, 390)",2.15,15.74,0.3,4
90,"[554, 660, 654, 896]","(134, 744)",0,0.0,"[1186, 184, 1279, 297]","(312, 102)",0,0.0,"[1037, 330, 1054, 348]","(237, 405)",2.15,15.52,-0.09,4
91,"[541, 661, 649, 899]","(132, 746)",0,0.0,"[1182, 182, 1272, 298]","(310, 105)",0,0.0,"[1018, 337, 1045, 364]","(232, 420)",2.13,15.31,-0.49,4
92,"[535, 661, 644, 900]","(131, 746)",0,0.0,"[1176, 180, 1261, 297]","(306, 102)",0,0.0,"[1007, 354, 1025, 373]","(227, 435)",2.1,15.11,-0.88,4
93,"[533, 661, 641, 900]","(131, 746)",0,0.0,"[1172, 177, 1246, 295]","(303, 98)",0,0.0,"[992, 370, 1007, 386]","(222, 450)",2.04,14.91,-1.27,4
94,"[529, 662, 640, 900]","(130, 746)",0,0.0,"[1168, 175, 1236, 294]","(300, 96)",0,0.0,"[971, 390, 989, 410]","(217, 464)",1.98,14.72,-1.66,4
95,"[526, 662, 636, 900]","(130, 746)",0,0.0,"[1164, 173, 1229, 292]","(298, 91)",0,0.0,"[953, 411, 971, 432]","(212, 478)",1.9,14.53,-2.05,4
96,"[516, 661, 633, 901]","(128, 747)",0,0.0,"[1159, 171, 1222, 293]","(296, 93)",0,0.0,"[936, 432, 954, 452]","(207, 492)",1.8,14.34,-2.44,4
97,"[501, 659, 628, 901]","(126, 747)",0,0.0,"[1155, 171, 1212, 294]","(293, 96)",0,0.0,"[920, 451, 938, 471]","(202, 506)",1.69,14.17,-2.82,4
98,"[491, 657, 625, 901]","(125, 747)",0,0.0,"[1149, 171, 1203, 295]","(290, 98)",0,0.0,"[905, 468, 924, 488]","(197, 520)",1.56,13.99,-3.21,4
99,"[486, 654, 617, 900]","(124, 746)",0,0.0,"[1143, 173, 1197, 294]","(287, 96)",0,0.0,"[893, 480, 915, 505]","(192, 533)",1.41,13.82,-3.59,4
100,"[485, 652, 611, 896]","(123, 744)",0,0.0,"[1137, 173, 1189, 296]","(284, 101)",0,0.0,"[872, 504, 901, 532]","(188, 546)",1.25,13.65,-3.97,4
101,"[484, 651, 606, 891]","(122, 742)",0,0.0,"[1124, 173, 1185, 297]","(280, 103)",0,0.0,"[856, 533, 878, 556]","(183, 560)",1.08,13.49,-4.35,4
102,"[484, 650, 602, 885]","(121, 739)",0,0.0,"[1112, 172, 1184, 297]","(278, 103)",0,0.0,"[844, 565, 858, 581]","(179, 573)",0.89,13.33,-4.73,4
103,"[484, 650, 599, 882]","(121, 737)",0,0.0,"[1104, 172, 1183, 295]","(276, 98)",0,0.0,"[822, 594, 840, 613]","(174, 585)",0.69,13.18,-5.1,4
104,"[482, 651, 596, 881]","(120, 737)",0,0.0,"[1101, 173, 1178, 293]","(275, 94)",0,0.0,"[800, 628, 821, 650]","(170, 598)",0.47,13.03,-5.47,4
105,"[481, 653, 596, 880]","(120, 736)",0,0.0,"[1096, 173, 1168, 292]","(272, 91)",0,0.0,"[783, 655, 807, 680]","(165, 611)",0.24,12.88,-5.83,4
106,"[480, 656, 600, 880]","(121, 736)",0,0.0,"[1091, 173, 1153, 291]","(268, 89)",0,0.0,"[767, 693, 787, 714]","(161, 623)",-0.01,12.73,-6.2,4
107,"[480, 659, 604, 881]","(121, 737)",0,0.0,"[1087, 172, 1141, 291]","(265, 89)",0,0.0,"[753, 700, 780, 727]","(157, 636)",0.0,8.77,3.72,1
108,"[478, 661, 613, 881]","(122, 737)",0,0.0,"[1085, 171, 1132, 291]","(262, 89)",0,0.0,"[741, 694, 767, 723]","(154, 644)",0.13,8.7,3.32,4
109,"[473, 661, 623, 881]","(122, 737)",0,0.0,"[1081, 170, 1126, 291]","(260, 89)",0,0.0,"[731, 691, 758, 721]","(152, 653)",0.25,8.64,2.91,4
110,"[466, 661, 631, 881]","(122, 737)",0,0.0,"[1078, 169, 1120, 290]","(259, 87)",0,0.0,"[722, 693, 741, 714]","(150, 661)",0.35,8.57,2.51,4
111,"[460, 661, 636, 881]","(122, 737)",0,0.0,"[1074, 168, 1115, 288]","(257, 82)",0,0.0,"[709, 692, 734, 718]","(148, 670)",0.43,8.51,2.12,4
112,"[455, 659, 633, 881]","(121, 737)",0,0.0,"[1071, 168, 1110, 286]","(256, 77)",0,0.0,"[699, 694, 723, 719]","(145, 678)",0.5,8.44,1.72,4
113,"[453, 656, 621, 880]","(120, 736)",0,0.0,"[1068, 167, 1106, 285]","(254, 75)",0,0.0,"[686, 694, 715, 734]","(143, 687)",0.56,8.38,1.33,4
114,"[469, 652, 597, 879]","(119, 736)",0,0.0,"[1060, 165, 1101, 284]","(252, 73)",0,0.0,"[676, 699, 708, 733]","(141, 695)",0.59,8.32,0.93,4
115,"[474, 643, 570, 877]","(117, 735)",0,0.0,"[1050, 163, 1097, 284]","(249, 73)",0,0.0,"[669, 716, 688, 738]","(139, 703)",0.62,8.26,0.54,4
116,"[473, 638, 570, 875]","(117, 734)",0,0.0,"[1042, 161, 1092, 282]","(246, 68)",0,0.0,"[656, 722, 684, 749]","(137, 711)",0.62,8.2,0.15,4
117,"[466, 634, 584, 873]","(117, 733)",1,0.98,"[1033, 162, 1088, 280]","(244, 63)",0,0.0,"[650, 739, 666, 756]","(135, 720)",0.69,36.91,2.82,2
118,"[459, 630, 582, 868]","(116, 730)",0,0.0,"[1024, 162, 1084, 279]","(241, 61)",0,0.0,"[661, 652, 688, 680]","(134, 682)",0.79,35.75,2.42,4
119,"[456, 627, 575, 866]","(115, 729)",0,0.0,"[1016, 164, 1081, 278]","(239, 58)",0,0.0,"[679, 593, 701, 617]","(134, 646)",0.87,34.65,2.02,4
120,"[451, 626, 566, 863]","(113, 727)",0,0.0,"[1008, 167, 1078, 276]","(237, 53)",0,0.0,"[697, 537, 715, 556]","(134, 611)",0.93,33.62,1.63,4
121,"[446, 626, 558, 861]","(112, 726)",0,0.0,"[1001, 171, 1077, 274]","(235, 48)",0,0.0,"[707, 484, 733, 510]","(134, 577)",0.98,32.66,1.23,4
122,"[445, 628, 555, 857]","(111, 724)",0,0.0,"[997, 176, 1076, 274]","(234, 48)",0,0.0,"[717, 448, 741, 473]","(134, 544)",1.02,31.74,0.84,4
123,"[444, 629, 564, 854]","(112, 723)",0,0.0,"[996, 181, 1076, 273]","(234, 46)",0,0.0,"[727, 415, 751, 440]","(134, 512)",1.03,30.88,0.45,4
124,"[444, 630, 573, 851]","(112, 721)",0,0.0,"[995, 185, 1075, 273]","(234, 46)",0,0.0,"[735, 385, 759, 410]","(134, 480)",1.04,30.06,0.06,4
125,"[444, 633, 575, 849]","(112, 720)",0,0.0,"[994, 186, 1076, 273]","(234, 46)",0,0.0,"[743, 363, 765, 387]","(134, 450)",1.02,29.28,-0.34,4
126,"[444, 635, 577, 848]","(112, 720)",0,0.0,"[989, 186, 1077, 273]","(233, 46)",0,0.0,"[752, 345, 767, 363]","(134, 420)",0.99,28.54,-0.73,4
127,"[444, 637, 576, 848]","(112, 720)",0,0.0,"[981, 184, 1076, 274]","(231, 48)",0,0.0,"[753, 330, 776, 354]","(134, 391)",0.95,27.84,-1.12,4
128,"[445, 636, 571, 848]","(112, 720)",0,0.0,"[971, 182, 1073, 274]","(228, 48)",0,0.0,"[759, 318, 781, 340]","(134, 363)",0.89,27.18,-1.51,4
129,"[445, 634, 576, 844]","(112, 717)",0,0.0,"[963, 180, 1064, 274]","(224, 48)",0,0.0,"[759, 308, 783, 333]","(134, 335)",0.81,26.54,-1.9,4
130,"[451, 632, 585, 842]","(114, 716)",0,0.0,"[953, 179, 1050, 274]","(219, 48)",0,0.0,"[765, 307, 784, 327]","(134, 308)",0.72,25.93,-2.29,4
131,"[464, 630, 602, 847]","(117, 719)",0,0.0,"[942, 177, 1031, 274]","(213, 49)",0,0.0,"[770, 306, 785, 323]","(134, 282)",0.61,25.35,-2.68,4
132,"[482, 629, 626, 850]","(121, 721)",0,0.0,"[933, 175, 1015, 273]","(208, 46)",0,0.0,"[772, 305, 786, 321]","(134, 256)",0.49,24.8,-3.06,4
133,"[510, 629, 645, 853]","(126, 722)",0,0.0,"[923, 173, 1008, 274]","(204, 49)",0,0.0,"[773, 305, 787, 320]","(134, 231)",0.35,24.27,-3.45,4
134,"[534, 628, 662, 850]","(130, 721)",0,0.0,"[914, 173, 1000, 274]","(201, 49)",0,0.0,"[772, 305, 788, 322]","(134, 206)",0.2,23.76,-3.83,4
135,"[546, 627, 673, 852]","(132, 722)",0,0.0,"[904, 172, 990, 274]","(197, 49)",0,0.0,"[774, 307, 791, 325]","(134, 182)",0.03,23.27,-4.21,4
136,"[562, 627, 681, 857]","(134, 724)",0,0.0,"[895, 172, 973, 274]","(191, 49)",0,0.0,"[773, 309, 796, 333]","(134, 159)",0.0,13.46,4.04,3
137,"[590, 629, 687, 860]","(138, 726)",0,0.0,"[884, 171, 954, 274]","(185, 49)",0,0.0,"[775, 306, 794, 326]","(132, 145)",0.15,13.3,3.63,4
138,"[606, 632, 695, 862]","(140, 727)",0,0.0,"[873, 171, 940, 274]","(179, 49)",0,0.0,"[773, 280, 796, 305]","(130, 131)",0.27,13.15,3.23,4
139,"[613, 634, 709, 862]","(142, 727)",0,0.0,"[865, 170, 934, 274]","(176, 49)",0,0.0,"[773, 261, 800, 290]","(129, 118)",0.39,13.0,2.83,4
140,"[615, 635, 734, 864]","(145, 728)",0,0.0,"[853, 169, 932, 273]","(173, 47)",0,0.0,"[778, 251, 798, 270]","(127, 105)",0.48,12.85,2.43,4
141,"[616, 635, 759, 865]","(148, 729)",0,0.0,"[846, 167, 929, 273]","(171, 47)",0,0.0,"[774, 227, 805, 263]","(126, 92)",0.57,12.71,2.03,4
142,"[619, 635, 770, 866]","(149, 729)",0,0.0,"[839, 164, 925, 273]","(169, 47)",0,0.0,"[778, 221, 805, 247]","(124, 79)",0.63,12.56,1.64,4
143,"[635, 632, 781, 871]","(152, 732)",0,0.0,"[836, 163, 915, 271]","(166, 42)",0,0.0,"[777, 209, 803, 235]","(123, 66)",0.68,12.43,1.24,4
144,"[659, 631, 795, 872]","(155, 732)",0,0.0,"[828, 161, 901, 271]","(161, 42)",1,1.0,"[778, 201, 806, 229]","(122, 59)",0.78,31.5,3.19,0
145,"[691, 628, 808, 871]","(160, 732)",0,0.0,"[817, 160, 885, 270]","(156, 40)",0,0.0,"[789, 206, 814, 231]","(128, 90)",0.89,30.65,2.79,4
146,"[727, 627, 823, 871]","(165, 732)",0,0.0,"[812, 160, 875, 270]","(152, 40)",0,0.0,"[798, 210, 824, 235]","(134, 120)",0.99,29.84,2.39,4
147,"[750, 627, 837, 874]","(168, 733)",0,0.0,"[807, 160, 868, 268]","(150, 35)",0,0.0,"[808, 214, 833, 239]","(141, 150)",1.07,29.08,1.99,4
148,"[769, 629, 849, 878]","(171, 735)",0,0.0,"[793, 159, 861, 268]","(145, 35)",0,0.0,"[816, 218, 842, 243]","(147, 179)",1.13,28.35,1.6,4
149,"[786, 634, 873, 886]","(175, 739)",0,0.0,"[778, 161, 852, 268]","(140, 35)",0,0.0,"[824, 221, 849, 246]","(153, 207)",1.18,27.66,1.2,4
150,"[802, 639, 906, 893]","(180, 743)",0,0.0,"[767, 164, 842, 267]","(135, 32)",0,0.0,"[832, 226, 855, 248]","(158, 234)",1.21,27.0,0.81,4
151,"[815, 646, 940, 898]","(184, 745)",0,0.0,"[758, 166, 832, 267]","(132, 32)",0,0.0,"[846, 237, 866, 260]","(164, 261)",1.23,26.37,0.42,4
152,"[819, 653, 972, 901]","(188, 747)",0,0.0,"[751, 167, 825, 267]","(129, 32)",0,0.0,"[860, 253, 879, 272]","(170, 287)",1.23,25.77,0.03,4
153,"[822, 659, 994, 906]","(190, 749)",0,0.0,"[747, 168, 821, 267]","(127, 32)",0,0.0,"[874, 270, 897, 294]","(175, 313)",1.21,25.2,-0.37,4
154,"[827, 664, 1007, 913]","(192, 753)",0,0.0,"[744, 167, 817, 267]","(125, 32)",0,0.0,"[889, 289, 912, 312]","(180, 338)",1.18,24.65,-0.76,4
155,"[840, 669, 1011, 917]","(193, 754)",0,0.0,"[742, 168, 813, 266]","(124, 30)",0,0.0,"[900, 301, 926, 329]","(185, 363)",1.14,24.12,-1.15,4
156,"[864, 672, 1012, 918]","(196, 755)",0,0.0,"[741, 168, 811, 266]","(123, 30)",0,0.0,"[920, 330, 938, 348]","(190, 387)",1.08,23.62,-1.54,4
157,"[896, 672, 1014, 918]","(199, 755)",0,0.0,"[741, 167, 809, 265]","(123, 27)",0,0.0,"[930, 348, 952, 368]","(195, 410)",1.0,23.14,-1.93,4
158,"[929, 671, 1025, 917]","(203, 754)",0,0.0,"[740, 166, 808, 264]","(122, 25)",0,0.0,"[949, 383, 973, 406]","(200, 433)",0.91,22.68,-2.32,4
159,"[949, 669, 1040, 915]","(206, 754)",0,0.0,"[740, 166, 810, 264]","(123, 25)",0,0.0,"[968, 418, 992, 442]","(205, 456)",0.8,22.23,-2.71,4
160,"[962, 669, 1056, 911]","(209, 752)",0,0.0,"[740, 165, 818, 264]","(124, 25)",0,0.0,"[987, 451, 1011, 475]","(210, 478)",0.67,21.8,-3.09,4
161,"[975, 668, 1070, 909]","(211, 751)",0,0.0,"[740, 164, 823, 264]","(125, 25)",0,0.0,"[1003, 481, 1027, 504]","(214, 500)",0.54,21.39,-3.48,4
162,"[987, 670, 1086, 907]","(214, 750)",0,0.0,"[742, 164, 826, 264]","(126, 25)",0,0.0,"[1015, 503, 1041, 530]","(219, 521)",0.38,21.0,-3.86,4
163,"[998, 671, 1100, 904]","(216, 748)",0,0.0,"[747, 163, 827, 264]","(128, 25)",0,0.0,"[1038, 549, 1061, 573]","(223, 542)",0.21,20.61,-4.24,4
164,"[1008, 673, 1124, 904]","(219, 748)",0,0.0,"[755, 162, 828, 264]","(129, 24)",0,0.0,"[1060, 594, 1076, 611]","(227, 562)",0.03,20.25,-4.61,4
165,"[1018, 674, 1146, 903]","(222, 748)",0,0.0,"[764, 160, 830, 264]","(132, 24)",0,0.0,"[1083, 636, 1098, 652]","(232, 583)",0.0,17.87,3.97,1
166,"[1027, 675, 1164, 903]","(225, 748)",0,0.0,"[774, 158, 832, 264]","(135, 24)",0,0.0,"[1096, 634, 1117, 657]","(235, 600)",0.14,17.59,3.56,4
167,"[1031, 676, 1176, 905]","(226, 749)",0,0.0,"[779, 156, 835, 264]","(136, 24)",0,0.0,"[1113, 640, 1133, 660]","(239, 618)",0.27,17.32,3.16,4
168,"[1033, 678, 1185, 906]","(227, 749)",0,0.0,"[783, 154, 837, 265]","(138, 27)",0,0.0,"[1131, 645, 1151, 667]","(243, 635)",0.38,17.06,2.76,4
169,"[1035, 677, 1188, 906]","(228, 749)",0,0.0,"[787, 153, 840, 267]","(139, 32)",0,0.0,"[1153, 657, 1168, 674]","(247, 652)",0.47,16.81,2.36,4
170,"[1041, 676, 1189, 905]","(228, 749)",0,0.0,"[795, 153, 843, 268]","(142, 35)",0,0.0,"[1167, 666, 1191, 691]","(250, 669)",0.55,16.56,1.96,4
171,"[1051, 673, 1189, 905]","(229, 749)",0,0.0,"[806, 154, 847, 268]","(145, 35)",0,0.0,"[1190, 680, 1212, 702]","(254, 685)",0.62,16.33,1.57,4
172,"[1067, 670, 1197, 905]","(232, 749)",0,0.0,"[814, 154, 850, 268]","(147, 35)",0,0.0,"[1208, 697, 1237, 724]","(258, 702)",0.66,16.09,1.17,4
173,"[1081, 666, 1208, 904]","(234, 748)",0,0.0,"[818, 154, 855, 268]","(149, 35)",0,0.0,"[1230, 718, 1252, 742]","(261, 718)",0.69,15.87,0.78,4
174,"[1087, 664, 1226, 902]","(236, 747)",1,1.17,"[823, 154, 861, 268]","(152, 34)",0,0.0,"[1253, 741, 1272, 764]","(265, 731)",0.78,35.82,3.19,2
175,"[1092, 664, 1221, 899]","(236, 746)",0,0.0,"[826, 154, 873, 268]","(155, 34)",0,0.0,"[1213, 674, 1232, 696]","(257, 695)",0.89,34.72,2.79,4
176,"[1099, 664, 1215, 895]","(237, 744)",0,0.0,"[830, 154, 885, 268]","(158, 34)",0,0.0,"[1178, 614, 1197, 636]","(250, 661)",0.99,33.69,2.39,4
177,"[1110, 666, 1231, 889]","(239, 741)",0,0.0,"[834, 154, 896, 268]","(161, 34)",0,0.0,"[1151, 569, 1171, 589]","(244, 627)",1.07,32.72,1.99,4
178,"[1122, 666, 1252, 884]","(243, 738)",0,0.0,"[838, 157, 907, 271]","(165, 42)",0,0.0,"[1105, 500, 1126, 524]","(237, 595)",1.13,31.8,1.6,4
179,"[1135, 668, 1270, 881]","(246, 737)",0,0.0,"[842, 160, 915, 272]","(167, 44)",0,0.0,"[1074, 462, 1095, 485]","(230, 563)",1.18,30.93,1.2,4
180,"[1145, 669, 1287, 878]","(248, 735)",0,0.0,"[846, 163, 920, 272]","(169, 44)",0,0.0,"[1045, 426, 1066, 449]","(224, 532)",1.21,30.11,0.81,4
181,"[1147, 672, 1298, 876]","(250, 734)",0,0.0,"[847, 167, 923, 272]","(170, 44)",0,0.0,"[1020, 394, 1041, 417]","(218, 502)",1.23,29.33,0.42,4
182,"[1143, 674, 1305, 876]","(250, 734)",0,0.0,"[848, 170, 924, 272]","(171, 44)",0,0.0,"[1001, 371, 1022, 392]","(212, 473)",1.23,28.59,0.03,4
183,"[1139, 675, 1308, 876]","(250, 734)",0,0.0,"[849, 172, 925, 272]","(171, 44)",0,0.0,"[974, 346, 998, 370]","(206, 445)",1.21,27.89,-0.37,4
184,"[1139, 676, 1307, 877]","(250, 735)",0,0.0,"[849, 171, 925, 272]","(171, 44)",0,0.0,"[957, 332, 977, 354]","(201, 417)",1.18,27.22,-0.76,4
185,"[1140, 677, 1308, 880]","(250, 736)",0,0.0,"[847, 169, 923, 272]","(170, 44)",0,0.0,"[943, 322, 957, 338]","(195, 390)",1.14,26.58,-1.15,4
186,"[1144, 676, 1308, 886]","(250, 739)",0,0.0,"[843, 167, 920, 272]","(169, 44)",0,0.0,"[920, 308, 941, 331]","(190, 363)",1.08,25.97,-1.54,4
187,"[1144, 674, 1307, 891]","(249, 742)",0,0.0,"[839, 165, 914, 272]","(166, 44)",0,0.0,"[905, 301, 926, 322]","(185, 338)",1.0,25.39,-1.93,4
188,"[1142, 672, 1302, 893]","(249, 743)",0,0.0,"[836, 164, 905, 272]","(164, 45)",0,0.0,"[894, 298, 908, 316]","(180, 312)",0.91,24.83,-2.32,4
189,"[1139, 668, 1294, 893]","(248, 743)",0,0.0,"[831, 163, 896, 273]","(161, 47)",0,0.0,"[876, 296, 896, 317]","(175, 288)",0.8,24.3,-2.71,4
190,"[1136, 664, 1282, 894]","(246, 743)",0,0.0,"[827, 163, 889, 274]","(159, 50)",0,0.0,"[862, 296, 883, 317]","(170, 263)",0.67,23.79,-3.09,4
191,"[1133, 661, 1266, 894]","(244, 743)",0,0.0,"[822, 165, 886, 275]","(157, 52)",0,0.0,"[850, 295, 870, 316]","(165, 240)",0.54,23.3,-3.48,4
192,"[1131, 658, 1247, 894]","(243, 743)",0,0.0,"[820, 166, 885, 275]","(157, 52)",0,0.0,"[838, 295, 859, 316]","(160, 216)",0.38,22.83,-3.86,4
193,"[1128, 657, 1225, 894]","(240, 743)",0,0.0,"[814, 168, 884, 275]","(155, 52)",0,0.0,"[827, 294, 854, 318]","(155, 194)",0.21,22.38,-4.24,4
194,"[1124, 657, 1208, 896]","(238, 744)",0,0.0,"[809, 169, 884, 275]","(154, 52)",0,0.0,"[821, 305, 835, 320]","(151, 171)",0.03,21.95,-4.61,4
195,"[1115, 660, 1202, 902]","(237, 747)",0,0.0,"[803, 170, 884, 275]","(153, 52)",0,0.0,"[808, 305, 830, 329]","(147, 150)",0.0,10.13,4.3,3
196,"[1102, 664, 1198, 909]","(235, 751)",0,0.0,"[798, 172, 884, 275]","(152, 52)",0,0.0,"[797, 295, 829, 332]","(142, 140)",0.16,10.04,3.89,4
197,"[1082, 669, 1194, 918]","(232, 755)",0,0.0,"[796, 172, 884, 276]","(152, 55)",0,0.0,"[791, 278, 819, 309]","(138, 130)",0.3,9.95,3.49,4
198,"[1066, 672, 1191, 926]","(230, 759)",0,0.0,"[797, 172, 883, 276]","(152, 55)",0,0.0,"[785, 260, 813, 291]","(135, 121)",0.42,9.87,3.08,4
199,"[1059, 675, 1187, 930]","(229, 761)",0,0.0,"[800, 172, 882, 276]","(152, 55)",0,0.0,"[782, 251, 806, 276]","(131, 112)",0.53,9.78,2.68,4
200,"[1056, 676, 1183, 934]","(228, 762)",0,0.0,"[802, 171, 881, 276]","(152, 55)",0,0.0,"[774, 237, 798, 262]","(127, 103)",0.62,9.7,2.28,4
201,"[1055, 676, 1179, 935]","(228, 763)",0,0.0,"[802, 168, 879, 276]","(152, 55)",0,0.0,"[775, 230, 788, 244]","(123, 93)",0.69,9.61,1.89,4
202,"[1054, 675, 1177, 935]","(228, 763)",0,0.0,"[796, 166, 877, 276]","(150, 55)",0,0.0,"[766, 216, 784, 236]","(119, 84)",0.75,9.53,1.49,4
203,"[1054, 674, 1179, 935]","(228, 763)",0,0.0,"[791, 164, 872, 276]","(148, 55)",0,0.0,"[761, 206, 784, 232]","(115, 75)",0.8,9.45,1.1,4
204,"[1055, 674, 1182, 934]","(228, 762)",0,0.0,"[791, 163, 865, 276]","(147, 55)",1,0.91,"[761, 203, 783, 226]","(112, 71)",0.9,33.58,2.54,0
205,"[1051, 677, 1186, 936]","(228, 763)",0,0.0,"[792, 163, 858, 276]","(145, 55)",0,0.0,"[774, 211, 789, 228]","(118, 104)",0.99,32.61,2.14,4
206,"[1046, 681, 1191, 939]","(228, 765)",0,0.0,"[787, 163, 856, 277]","(144, 58)",0,0.0,"[787, 224, 804, 243]","(125, 136)",1.06,31.7,1.75,4
207,"[1040, 687, 1196, 946]","(228, 768)",0,0.0,"[783, 162, 856, 277]","(143, 58)",0,0.0,"[802, 238, 819, 257]","(132, 168)",1.11,30.84,1.35,4
208,"[1037, 694, 1201, 952]","(228, 771)",0,0.0,"[780, 163, 855, 278]","(142, 60)",0,0.0,"[816, 252, 833, 271]","(138, 198)",1.15,30.02,0.96,4
209,"[1035, 704, 1208, 960]","(228, 774)",0,0.0,"[777, 166, 855, 278]","(142, 60)",0,0.0,"[829, 265, 846, 284]","(145, 228)",1.17,29.25,0.57,4
210,"[1034, 713, 1212, 963]","(228, 776)",0,0.0,"[776, 168, 856, 278]","(142, 60)",0,0.0,"[841, 277, 858, 296]","(151, 257)",1.18,28.51,0.17,4
211,"[1033, 720, 1214, 970]","(228, 779)",0,0.0,"[776, 168, 857, 277]","(142, 58)",0,0.0,"[852, 288, 869, 307]","(157, 285)",1.17,27.81,-0.22,4
212,"[1034, 724, 1217, 975]","(228, 781)",0,0.0,"[776, 168, 855, 276]","(141, 55)",0,0.0,"[861, 296, 880, 317]","(162, 313)",1.14,27.15,-0.61,4
213,"[1035, 726, 1218, 976]","(229, 781)",0,0.0,"[776, 167, 853, 276]","(141, 55)",0,0.0,"[872, 310, 897, 336]","(168, 340)",1.1,26.51,-1.0,4
214,"[1040, 726, 1218, 977]","(229, 782)",0,0.0,"[776, 166, 853, 276]","(141, 55)",0,0.0,"[890, 333, 910, 356]","(174, 366)",1.05,25.9,-1.39,4
215,"[1047, 725, 1219, 977]","(230, 782)",0,0.0,"[777, 164, 854, 276]","(141, 55)",0,0.0,"[901, 353, 926, 380]","(179, 392)",0.98,25.33,-1.78,4
216,"[1055, 722, 1219, 976]","(230, 781)",0,0.0,"[779, 164, 859, 277]","(143, 58)",0,0.0,"[919, 391, 941, 414]","(184, 417)",0.89,24.77,-2.17,4
217,"[1063, 718, 1220, 976]","(231, 781)",0,0.0,"[783, 164, 864, 276]","(144, 55)",0,0.0,"[936, 426, 958, 450]","(190, 442)",0.79,24.24,-2.56,4
218,"[1068, 714, 1222, 976]","(232, 781)",0,0.0,"[790, 163, 867, 275]","(146, 52)",0,0.0,"[951, 459, 974, 483]","(195, 466)",0.67,23.73,-2.95,4
219,"[1069, 711, 1226, 973]","(232, 780)",0,0.0,"[800, 162, 869, 274]","(149, 50)",0,0.0,"[965, 489, 988, 512]","(200, 490)",0.54,23.25,-3.33,4
220,"[1068, 708, 1228, 969]","(233, 778)",0,0.0,"[812, 159, 873, 274]","(152, 50)",0,0.0,"[978, 514, 998, 534]","(204, 513)",0.39,22.78,-3.71,4
221,"[1066, 708, 1230, 965]","(233, 776)",0,0.0,"[823, 157, 877, 274]","(156, 50)",0,0.0,"[992, 549, 1018, 577]","(209, 535)",0.22,22.33,-4.09,4
222,"[1061, 710, 1231, 964]","(232, 776)",0,0.0,"[831, 156, 879, 274]","(158, 50)",0,0.0,"[1011, 596, 1029, 616]","(214, 558)",0.05,21.9,-4.47,4
223,"[1057, 712, 1224, 963]","(231, 776)",0,0.0,"[839, 155, 881, 274]","(160, 50)",0,0.0,"[1026, 629, 1048, 652]","(219, 580)",0.0,15.81,4.48,1
224,"[1054, 714, 1219, 963]","(231, 776)",0,0.0,"[846, 155, 884, 276]","(162, 55)",0,0.0,"[1039, 627, 1069, 654]","(222, 595)",0.16,15.59,4.07,4
225,"[1053, 717, 1215, 963]","(230, 776)",0,0.0,"[850, 156, 887, 276]","(163, 55)",0,0.0,"[1062, 634, 1076, 651]","(225, 611)",0.31,15.38,3.66,4
226,"[1052, 720, 1221, 963]","(231, 776)",0,0.0,"[854, 157, 897, 277]","(166, 57)",0,0.0,"[1072, 635, 1093, 658]","(228, 626)",0.44,15.17,3.26,4
227,"[1054, 721, 1228, 963]","(232, 776)",0,0.0,"[858, 159, 908, 277]","(170, 57)",0,0.0,"[1088, 644, 1109, 667]","(230, 642)",0.55,14.97,2.86,4
228,"[1055, 722, 1228, 963]","(232, 776)",0,0.0,"[861, 161, 920, 278]","(173, 59)",0,0.0,"[1099, 647, 1131, 684]","(233, 657)",0.65,14.78,2.46,4
229,"[1056, 722, 1215, 963]","(230, 776)",0,0.0,"[865, 162, 926, 278]","(175, 59)",0,0.0,"[1118, 664, 1142, 690]","(236, 671)",0.73,14.59,2.06,4
230,"[1055, 720, 1196, 962]","(229, 775)",0,0.0,"[869, 162, 929, 278]","(176, 59)",0,0.0,"[1138, 682, 1157, 700]","(239, 686)",0.8,14.4,1.67,4
231,"[1055, 715, 1188, 961]","(228, 775)",0,0.0,"[871, 161, 930, 277]","(177, 57)",0,0.0,"[1150, 694, 1178, 724]","(242, 701)",0.85,14.22,1.27,4
232,"[1054, 711, 1181, 960]","(227, 774)",0,0.0,"[872, 160, 931, 277]","(177, 57)",0,0.0,"[1166, 717, 1191, 743]","(244, 715)",0.89,14.05,0.88,4
233,"[1045, 706, 1176, 958]","(226, 773)",0,0.0,"[873, 158, 931, 276]","(178, 54)",0,0.0,"[1188, 744, 1215, 771]","(247, 729)",0.91,13.87,0.49,4
234,"[1034, 701, 1176, 953]","(225, 771)",0,0.0,"[873, 157, 932, 275]","(178, 52)",0,0.0,"[1195, 752, 1218, 776]","(250, 743)",0.91,13.71,0.09,4
235,"[1026, 696, 1147, 950]","(222, 770)",1,1.18,"[875, 157, 935, 274]","(179, 49)",0,0.0,"[1203, 760, 1221, 781]","(253, 757)",1.0,38.99,2.67,2
236,"[1019, 691, 1135, 947]","(221, 768)",0,0.0,"[877, 157, 943, 274]","(181, 49)",0,0.0,"[1155, 676, 1173, 696]","(246, 718)",1.09,37.69,2.27,4
237,"[1012, 663, 1122, 941]","(219, 766)",0,0.0,"[878, 159, 951, 274]","(183, 49)",0,0.0,"[1112, 601, 1130, 621]","(239, 680)",1.17,36.48,1.88,4
238,"[1009, 655, 1114, 938]","(218, 764)",0,0.0,"[880, 161, 957, 274]","(184, 49)",0,0.0,"[1079, 544, 1097, 563]","(233, 644)",1.23,35.34,1.48,4
239,"[1008, 665, 1108, 935]","(217, 763)",0,0.0,"[881, 164, 962, 274]","(186, 49)",0,0.0,"[1046, 491, 1069, 517]","(227, 608)",1.27,34.27,1.09,4
240,"[1009, 680, 1104, 935]","(217, 763)",0,0.0,"[882, 168, 964, 273]","(186, 47)",0,0.0,"[1021, 461, 1045, 486]","(221, 574)",1.3,33.27,0.69,4
241,"[1007, 693, 1104, 935]","(217, 763)",0,0.0,"[882, 172, 965, 274]","(186, 49)",0,0.0,"[998, 432, 1022, 457]","(216, 541)",1.31,32.32,0.3,4
242,"[1007, 701, 1104, 935]","(217, 763)",0,0.0,"[881, 175, 965, 273]","(186, 47)",0,0.0,"[976, 405, 1000, 430]","(210, 509)",1.3,31.42,-0.09,4
243,"[1007, 704, 1103, 934]","(217, 762)",0,0.0,"[881, 177, 965, 273]","(186, 47)",0,0.0,"[956, 379, 980, 404]","(205, 477)",1.29,30.58,-0.48,4
244,"[1001, 704, 1104, 933]","(216, 762)",0,0.0,"[881, 178, 965, 273]","(186, 47)",0,0.0,"[938, 356, 962, 381]","(199, 447)",1.25,29.77,-0.88,4
245,"[998, 700, 1104, 931]","(216, 761)",0,0.0,"[880, 176, 965, 274]","(186, 49)",0,0.0,"[924, 339, 949, 363]","(194, 417)",1.2,29.01,-1.27,4
246,"[1000, 698, 1106, 930]","(217, 761)",0,0.0,"[877, 173, 964, 274]","(185, 49)",0,0.0,"[909, 329, 928, 348]","(189, 388)",1.13,28.29,-1.66,4
247,"[997, 696, 1110, 929]","(217, 760)",0,0.0,"[873, 170, 961, 274]","(184, 49)",0,0.0,"[893, 314, 924, 345]","(185, 360)",1.05,27.6,-2.05,4
248,"[988, 696, 1113, 930]","(216, 761)",0,0.0,"[866, 167, 952, 274]","(180, 49)",0,0.0,"[881, 309, 904, 335]","(180, 332)",0.95,26.94,-2.43,4
249,"[985, 697, 1117, 933]","(216, 762)",0,0.0,"[859, 166, 940, 274]","(176, 49)",0,0.0,"[871, 307, 891, 328]","(175, 305)",0.84,26.32,-2.82,4
250,"[982, 697, 1120, 939]","(216, 765)",0,0.0,"[854, 164, 926, 275]","(173, 52)",0,0.0,"[860, 306, 880, 326]","(171, 279)",0.71,25.72,-3.21,4
251,"[983, 701, 1121, 946]","(216, 768)",0,0.0,"[850, 164, 912, 275]","(169, 52)",0,0.0,"[849, 304, 869, 324]","(166, 253)",0.57,25.15,-3.59,4
252,"[984, 702, 1122, 951]","(216, 770)",0,0.0,"[846, 166, 904, 277]","(166, 57)",0,0.0,"[842, 307, 857, 324]","(162, 228)",0.41,24.6,-3.97,4
253,"[984, 702, 1122, 955]","(216, 772)",0,0.0,"[841, 166, 899, 278]","(164, 60)",0,0.0,"[830, 303, 854, 329]","(158, 203)",0.24,24.08,-4.35,4
254,"[984, 700, 1121, 955]","(216, 772)",0,0.0,"[834, 168, 896, 278]","(162, 60)",0,0.0,"[823, 308, 843, 329]","(154, 179)",0.05,23.58,-4.72,4
255,"[984, 698, 1119, 954]","(216, 772)",0,0.0,"[827, 170, 893, 278]","(160, 60)",0,0.0,"[814, 309, 836, 332]","(150, 156)",0.0,10.1,4.22,3
256,"[984, 697, 1118, 954]","(216, 772)",0,0.0,"[821, 171, 892, 278]","(158, 60)",0,0.0,"[805, 305, 830, 332]","(146, 146)",0.15,10.01,3.81,4
257,"[979, 697, 1119, 955]","(215, 772)",0,0.0,"[816, 172, 892, 278]","(158, 60)",0,0.0,"[798, 286, 822, 312]","(142, 136)",0.29,9.92,3.41,4
258,"[971, 697, 1122, 959]","(215, 774)",0,0.0,"[813, 173, 892, 278]","(157, 60)",0,0.0,"[792, 268, 816, 294]","(139, 127)",0.41,9.84,3.01,4
259,"[967, 700, 1123, 965]","(215, 776)",0,0.0,"[813, 174, 891, 278]","(157, 60)",0,0.0,"[786, 253, 811, 279]","(135, 117)",0.51,9.75,2.61,4
260,"[966, 703, 1125, 968]","(215, 778)",0,0.0,"[813, 173, 890, 278]","(156, 60)",0,0.0,"[783, 242, 807, 267]","(131, 108)",0.6,9.67,2.21,4
261,"[965, 704, 1126, 970]","(215, 779)",0,0.0,"[813, 173, 887, 278]","(156, 60)",0,0.0,"[780, 227, 805, 255]","(128, 99)",0.67,9.59,1.81,4
262,"[965, 703, 1126, 970]","(215, 779)",0,0.0,"[808, 171, 883, 278]","(154, 60)",0,0.0,"[777, 224, 796, 243]","(124, 90)",0.73,9.51,1.42,4
263,"[965, 701, 1126, 969]","(215, 778)",0,0.0,"[803, 170, 877, 279]","(152, 62)",0,0.0,"[772, 212, 792, 234]","(121, 81)",0.77,9.43,1.02,4
264,"[968, 700, 1128, 966]","(215, 777)",0,0.0,"[805, 169, 869, 278]","(151, 60)",1,0.9,"[774, 211, 791, 230]","(118, 75)",0.87,32.86,2.58,0
265,"[971, 700, 1134, 967]","(216, 777)",0,0.0,"[805, 170, 865, 279]","(150, 62)",0,0.0,"[784, 224, 800, 241]","(123, 107)",0.96,31.93,2.18,4
266,"[973, 703, 1142, 970]","(217, 779)",0,0.0,"[796, 171, 863, 279]","(147, 62)",0,0.0,"[795, 237, 810, 254]","(128, 139)",1.03,31.06,1.79,4
267,"[976, 707, 1148, 974]","(217, 780)",0,0.0,"[786, 171, 862, 280]","(145, 65)",0,0.0,"[805, 249, 820, 266]","(134, 170)",1.08,30.23,1.39,4
268,"[977, 714, 1153, 978]","(218, 782)",0,0.0,"[780, 171, 863, 280]","(144, 65)",0,0.0,"[814, 261, 830, 278]","(139, 201)",1.12,29.45,1.0,4
269,"[977, 723, 1159, 984]","(218, 785)",0,0.0,"[777, 174, 862, 280]","(143, 65)",0,0.0,"[824, 272, 839, 289]","(144, 230)",1.15,28.7,0.6,4
270,"[976, 731, 1164, 986]","(219, 785)",0,0.0,"[775, 174, 862, 280]","(143, 65)",0,0.0,"[832, 282, 848, 299]","(149, 259)",1.16,27.99,0.21,4
271,"[976, 738, 1167, 990]","(219, 787)",0,0.0,"[774, 174, 862, 280]","(143, 65)",0,0.0,"[840, 292, 855, 309]","(153, 287)",1.15,27.32,-0.18,4
272,"[977, 744, 1168, 992]","(219, 788)",0,0.0,"[774, 173, 862, 279]","(143, 63)",0,0.0,"[847, 301, 861, 316]","(158, 314)",1.13,26.67,-0.57,4
273,"[978, 746, 1169, 992]","(219, 788)",0,0.0,"[774, 172, 859, 279]","(142, 63)",0,0.0,"[854, 315, 877, 339]","(162, 341)",1.09,26.06,-0.96,4
274,"[980, 747, 1171, 993]","(219, 788)",0,0.0,"[774, 171, 856, 279]","(141, 63)",0,0.0,"[860, 334, 887, 364]","(167, 367)",1.03,25.47,-1.35,4
275,"[982, 745, 1172, 992]","(220, 788)",0,0.0,"[774, 170, 855, 279]","(141, 63)",0,0.0,"[871, 358, 897, 385]","(171, 392)",0.96,24.91,-1.75,4
276,"[983, 742, 1172, 992]","(220, 788)",0,0.0,"[775, 168, 855, 279]","(141, 63)",0,0.0,"[885, 395, 908, 419]","(175, 417)",0.88,24.38,-2.13,4
277,"[982, 738, 1172, 991]","(220, 788)",0,0.0,"[778, 167, 859, 278]","(143, 60)",0,0.0,"[898, 429, 921, 453]","(179, 442)",0.78,23.87,-2.52,4
278,"[981, 735, 1170, 988]","(219, 786)",0,0.0,"[782, 167, 862, 278]","(144, 60)",0,0.0,"[909, 459, 932, 483]","(183, 466)",0.66,23.37,-2.91,4
279,"[981, 732, 1160, 986]","(219, 785)",0,0.0,"[789, 166, 865, 277]","(146, 57)",0,0.0,"[920, 485, 940, 506]","(187, 489)",0.53,22.9,-3.29,4
280,"[981, 729, 1142, 986]","(217, 785)",0,0.0,"[799, 164, 869, 276]","(149, 55)",0,0.0,"[926, 514, 949, 537]","(191, 512)",0.38,22.45,-3.68,4
281,"[980, 725, 1124, 983]","(216, 784)",0,0.0,"[809, 163, 873, 276]","(152, 55)",0,0.0,"[937, 545, 963, 570]","(195, 535)",0.22,22.01,-4.06,4
282,"[972, 723, 1119, 980]","(214, 783)",0,0.0,"[820, 161, 878, 276]","(155, 55)",0,0.0,"[949, 576, 975, 601]","(199, 557)",0.04,21.59,-4.43,4
283,"[962, 721, 1110, 975]","(213, 781)",0,0.0,"[827, 159, 880, 277]","(157, 57)",0,0.0,"[963, 629, 983, 649]","(203, 579)",0.0,15.79,3.61,1
284,"[952, 721, 1105, 969]","(212, 778)",0,0.0,"[833, 158, 883, 278]","(159, 60)",0,0.0,"[969, 625, 998, 652]","(205, 594)",0.13,15.57,3.21,4
285,"[944, 722, 1097, 967]","(210, 777)",0,0.0,"[840, 157, 886, 278]","(161, 60)",0,0.0,"[984, 634, 1000, 652]","(207, 610)",0.24,15.36,2.81,4
286,"[937, 723, 1097, 966]","(210, 777)",0,0.0,"[850, 158, 890, 278]","(164, 60)",0,0.0,"[994, 637, 1014, 656]","(210, 626)",0.34,15.16,2.41,4
287,"[933, 725, 1096, 966]","(209, 777)",0,0.0,"[855, 160, 894, 278]","(166, 60)",0,0.0,"[1002, 645, 1024, 669]","(212, 641)",0.42,14.96,2.01,4
288,"[935, 726, 1109, 965]","(211, 776)",0,0.0,"[860, 161, 902, 278]","(169, 60)",0,0.0,"[1017, 659, 1035, 676]","(214, 656)",0.48,14.76,1.61,4
289,"[936, 727, 1102, 965]","(210, 776)",0,0.0,"[865, 163, 916, 278]","(173, 59)",0,0.0,"[1023, 668, 1048, 695]","(217, 671)",0.53,14.57,1.22,4
290,"[936, 724, 1093, 964]","(209, 776)",0,0.0,"[869, 163, 925, 279]","(176, 62)",0,0.0,"[1039, 688, 1056, 707]","(219, 686)",0.56,14.39,0.83,4
291,"[935, 722, 1076, 963]","(208, 775)",0,0.0,"[872, 163, 931, 278]","(177, 59)",0,0.0,"[1049, 707, 1070, 728]","(221, 700)",0.58,14.21,0.43,4
292,"[934, 718, 1066, 963]","(207, 775)",0,0.0,"[873, 162, 933, 278]","(178, 59)",0,0.0,"[1065, 733, 1080, 749]","(223, 715)",0.58,14.03,0.04,4
293,"[934, 711, 1054, 960]","(206, 774)",0,0.0,"[873, 160, 935, 278]","(179, 59)",0,0.0,"[1072, 755, 1094, 776]","(225, 729)",0.57,13.86,-0.35,4
294,"[928, 703, 1051, 956]","(205, 772)",0,0.0,"[876, 159, 935, 278]","(179, 59)",0,0.0,"[1088, 786, 1108, 807]","(227, 743)",0.54,13.69,-0.74,4
295,"[921, 697, 1054, 951]","(204, 770)",1,1.2,"[879, 158, 935, 276]","(180, 54)",0,0.0,"[1101, 818, 1121, 838]","(230, 756)",0.59,32.19,3.89,2
296,"[919, 696, 1045, 948]","(204, 769)",0,0.0,"[882, 157, 939, 275]","(181, 52)",0,0.0,"[1108, 716, 1131, 740]","(233, 723)",0.73,31.3,3.48,4
297,"[914, 695, 1027, 946]","(201, 768)",0,0.0,"[884, 156, 945, 274]","(183, 49)",0,0.0,"[1115, 651, 1142, 680]","(236, 691)",0.85,30.46,3.08,4
298,"[912, 686, 1013, 946]","(200, 768)",0,0.0,"[887, 157, 955, 274]","(186, 49)",0,0.0,"[1121, 590, 1143, 612]","(238, 661)",0.96,29.66,2.68,4
299,"[912, 689, 1002, 945]","(199, 767)",0,0.0,"[890, 159, 962, 274]","(188, 49)",0,0.0,"[1128, 531, 1150, 555]","(241, 631)",1.05,28.91,2.28,4
300,"[909, 691, 995, 943]","(198, 767)",0,0.0,"[892, 161, 969, 275]","(189, 52)",0,0.0,"[1135, 495, 1150, 511]","(244, 602)",1.13,28.19,1.89,4
301,"[903, 691, 996, 941]","(198, 766)",0,0.0,"[892, 166, 974, 275]","(191, 52)",0,0.0,"[1137, 458, 1155, 476]","(247, 573)",1.19,27.5,1.49,4
302,"[904, 690, 1001, 935]","(198, 763)",0,0.0,"[892, 170, 976, 274]","(191, 49)",0,0.0,"[1141, 424, 1159, 442]","(249, 545)",1.23,26.85,1.1,4
303,"[903, 689, 1009, 932]","(199, 761)",0,0.0,"[892, 172, 977, 274]","(191, 49)",0,0.0,"[1145, 394, 1162, 412]","(252, 518)",1.26,26.23,0.7,4
304,"[905, 687, 1014, 928]","(200, 760)",0,0.0,"[892, 172, 977, 274]","(191, 49)",0,0.0,"[1147, 370, 1167, 390]","(254, 492)",1.27,25.64,0.31,4
305,"[902, 685, 1019, 924]","(200, 758)",0,0.0,"[892, 171, 977, 274]","(191, 49)",0,0.0,"[1151, 354, 1170, 373]","(257, 466)",1.27,25.07,-0.08,4
306,"[893, 684, 1023, 924]","(199, 758)",0,0.0,"[896, 170, 980, 274]","(193, 49)",0,0.0,"[1151, 334, 1175, 359]","(259, 440)",1.25,24.53,-0.47,4
307,"[886, 684, 1031, 923]","(199, 757)",0,0.0,"[904, 168, 985, 274]","(195, 49)",0,0.0,"[1156, 329, 1170, 344]","(262, 415)",1.21,24.01,-0.86,4
308,"[883, 686, 1035, 924]","(200, 758)",0,0.0,"[917, 167, 993, 274]","(200, 49)",0,0.0,"[1152, 311, 1181, 341]","(264, 391)",1.16,23.51,-1.26,4
309,"[879, 689, 1037, 927]","(199, 759)",0,0.0,"[933, 167, 1002, 274]","(205, 49)",0,0.0,"[1157, 308, 1177, 329]","(266, 367)",1.1,23.03,-1.65,4
310,"[878, 693, 1037, 932]","(199, 761)",0,0.0,"[949, 164, 1008, 273]","(210, 46)",0,0.0,"[1159, 305, 1177, 324]","(268, 344)",1.02,22.57,-2.04,4
311,"[877, 695, 1038, 937]","(199, 764)",0,0.0,"[956, 162, 1016, 273]","(213, 46)",0,0.0,"[1161, 301, 1182, 321]","(270, 321)",0.92,22.13,-2.42,4
312,"[877, 696, 1038, 941]","(199, 766)",0,0.0,"[961, 161, 1024, 273]","(216, 46)",0,0.0,"[1162, 299, 1186, 323]","(273, 299)",0.81,21.71,-2.81,4
313,"[877, 694, 1037, 943]","(199, 767)",0,0.0,"[966, 159, 1034, 273]","(219, 46)",0,0.0,"[1162, 299, 1186, 323]","(275, 277)",0.68,21.3,-3.2,4
314,"[878, 691, 1033, 944]","(199, 767)",0,0.0,"[972, 159, 1048, 270]","(223, 38)",0,0.0,"[1162, 297, 1189, 327]","(277, 255)",0.54,20.91,-3.58,4
315,"[878, 687, 1026, 944]","(198, 767)",0,0.0,"[983, 158, 1056, 270]","(227, 38)",0,0.0,"[1162, 300, 1189, 331]","(279, 234)",0.38,20.53,-3.96,4
316,"[878, 684, 1016, 943]","(197, 767)",0,0.0,"[994, 161, 1065, 273]","(231, 46)",0,0.0,"[1163, 305, 1190, 335]","(281, 213)",0.2,20.16,-4.34,4
317,"[880, 681, 1003, 942]","(196, 766)",0,0.0,"[1010, 163, 1075, 276]","(237, 53)",0,0.0,"[1163, 313, 1189, 339]","(283, 193)",0.02,19.81,-4.71,4
318,"[880, 680, 992, 940]","(195, 765)",0,0.0,"[1025, 165, 1083, 277]","(241, 56)",0,0.0,"[1167, 318, 1189, 340]","(285, 173)",0.0,10.78,4.04,3
319,"[872, 681, 983, 941]","(194, 766)",0,0.0,"[1037, 168, 1089, 277]","(245, 55)",0,0.0,"[1166, 298, 1190, 324]","(286, 162)",0.15,10.68,3.63,4
320,"[857, 683, 977, 943]","(192, 767)",0,0.0,"[1046, 168, 1097, 277]","(249, 55)",0,0.0,"[1166, 279, 1190, 305]","(288, 151)",0.27,10.58,3.23,4
321,"[838, 688, 976, 945]","(190, 767)",0,0.0,"[1049, 170, 1111, 278]","(252, 58)",0,0.0,"[1167, 266, 1191, 291]","(290, 140)",0.39,10.48,2.83,4
322,"[823, 693, 975, 948]","(189, 769)",0,0.0,"[1052, 168, 1125, 277]","(256, 55)",0,0.0,"[1167, 251, 1189, 274]","(292, 130)",0.48,10.38,2.43,4
323,"[816, 697, 976, 951]","(188, 770)",0,0.0,"[1054, 168, 1136, 277]","(259, 55)",0,0.0,"[1166, 237, 1191, 267]","(294, 119)",0.57,10.29,2.03,4
324,"[813, 699, 975, 953]","(188, 771)",0,0.0,"[1056, 168, 1143, 277]","(260, 55)",0,0.0,"[1168, 229, 1190, 251]","(296, 109)",0.63,10.2,1.64,4
325,"[812, 699, 975, 953]","(188, 771)",0,0.0,"[1059, 168, 1147, 276]","(262, 53)",0,0.0,"[1167, 218, 1190, 241]","(298, 99)",0.68,10.11,1.24,4
326,"[812, 698, 975, 953]","(188, 771)",0,0.0,"[1065, 168, 1148, 275]","(264, 50)",0,0.0,"[1168, 210, 1191, 234]","(300, 89)",0.72,10.02,0.85,4
327,"[812, 696, 972, 952]","(188, 771)",0,0.0,"[1075, 167, 1149, 275]","(266, 50)",0,0.0,"[1168, 205, 1191, 228]","(302, 78)",0.73,9.93,0.46,4
328,"[813, 693, 966, 951]","(187, 770)",0,0.0,"[1087, 167, 1152, 274]","(269, 47)",0,0.0,"[1157, 209, 1176, 229]","(304, 68)",0.74,9.84,0.06,4
329,"[811, 692, 957, 950]","(186, 770)",0,0.0,"[1102, 168, 1158, 274]","(274, 47)",1,0.83,"[1168, 209, 1188, 229]","(306, 60)",0.81,30.83,2.91,0
330,"[805, 693, 946, 953]","(185, 771)",0,0.0,"[1113, 168, 1159, 273]","(277, 45)",0,0.0,"[1135, 216, 1153, 236]","(297, 89)",0.91,30.01,2.51,4
331,"[791, 696, 931, 957]","(182, 773)",0,0.0,"[1119, 168, 1165, 272]","(279, 42)",0,0.0,"[1125, 219, 1143, 239]","(288, 119)",0.99,29.24,2.11,4
332,"[774, 701, 919, 965]","(180, 776)",0,0.0,"[1121, 168, 1175, 273]","(282, 45)",0,0.0,"[1115, 222, 1134, 242]","(279, 147)",1.06,28.5,1.72,4
333,"[757, 708, 916, 972]","(178, 779)",0,0.0,"[1124, 171, 1188, 273]","(285, 45)",0,0.0,"[1111, 227, 1125, 244]","(271, 175)",1.12,27.8,1.32,4
334,"[739, 717, 914, 978]","(176, 782)",0,0.0,"[1128, 173, 1200, 273]","(289, 44)",0,0.0,"[1091, 231, 1118, 260]","(263, 202)",1.15,27.14,0.93,4
335,"[725, 725, 913, 980]","(175, 783)",0,0.0,"[1134, 175, 1206, 273]","(291, 44)",0,0.0,"[1076, 250, 1095, 269]","(255, 228)",1.18,26.5,0.54,4
336,"[713, 730, 913, 981]","(174, 783)",0,0.0,"[1138, 175, 1209, 273]","(292, 44)",0,0.0,"[1060, 260, 1077, 279]","(248, 254)",1.18,25.9,0.14,4
337,"[704, 732, 913, 981]","(173, 783)",0,0.0,"[1144, 175, 1209, 272]","(294, 42)",0,0.0,"[1039, 269, 1069, 296]","(240, 279)",1.17,25.32,-0.25,4
338,"[699, 732, 912, 980]","(173, 783)",0,0.0,"[1146, 174, 1210, 272]","(295, 42)",0,0.0,"[1018, 291, 1044, 315]","(233, 304)",1.15,24.77,-0.64,4
339,"[697, 731, 900, 979]","(172, 782)",0,0.0,"[1146, 173, 1209, 272]","(294, 42)",0,0.0,"[1004, 309, 1026, 331]","(226, 328)",1.1,24.24,-1.03,4
340,"[696, 729, 880, 979]","(170, 782)",0,0.0,"[1145, 172, 1209, 271]","(294, 39)",0,0.0,"[989, 331, 1004, 347]","(219, 352)",1.05,23.73,-1.42,4
341,"[695, 725, 850, 978]","(167, 782)",0,0.0,"[1146, 170, 1209, 270]","(295, 37)",0,0.0,"[967, 342, 997, 370]","(212, 375)",0.97,23.24,-1.81,4
342,"[694, 721, 813, 978]","(164, 782)",0,0.0,"[1144, 168, 1209, 270]","(294, 37)",0,0.0,"[945, 378, 968, 401]","(205, 398)",0.89,22.78,-2.2,4
343,"[685, 717, 778, 977]","(160, 781)",0,0.0,"[1142, 165, 1208, 269]","(294, 34)",0,0.0,"[921, 410, 944, 433]","(199, 420)",0.78,22.33,-2.59,4
344,"[671, 713, 760, 974]","(157, 780)",0,0.0,"[1139, 163, 1208, 269]","(293, 34)",0,0.0,"[898, 440, 922, 463]","(192, 442)",0.66,21.9,-2.98,4
345,"[659, 710, 748, 969]","(155, 778)",0,0.0,"[1136, 161, 1206, 269]","(292, 34)",0,0.0,"[878, 467, 902, 490]","(186, 463)",0.53,21.48,-3.36,4
346,"[650, 708, 738, 966]","(153, 777)",0,0.0,"[1133, 158, 1200, 269]","(290, 34)",0,0.0,"[867, 492, 884, 509]","(179, 484)",0.38,21.08,-3.74,4
347,"[628, 707, 728, 963]","(150, 775)",0,0.0,"[1131, 156, 1192, 270]","(288, 37)",0,0.0,"[842, 524, 861, 545]","(173, 504)",0.21,20.7,-4.12,4
348,"[611, 706, 719, 962]","(148, 775)",0,0.0,"[1128, 155, 1184, 269]","(286, 34)",0,0.0,"[822, 563, 837, 579]","(167, 525)",0.04,20.33,-4.5,4
349,"[605, 707, 711, 961]","(147, 774)",0,0.0,"[1125, 154, 1172, 268]","(283, 32)",0,0.0,"[800, 592, 816, 609]","(162, 545)",0.0,16.42,3.98,1
350,"[600, 707, 703, 961]","(145, 774)",0,0.0,"[1123, 154, 1164, 269]","(280, 34)",0,0.0,"[775, 585, 805, 620]","(158, 561)",0.14,16.19,3.57,4
351,"[592, 707, 696, 962]","(144, 775)",0,0.0,"[1119, 156, 1158, 269]","(278, 34)",0,0.0,"[758, 593, 782, 620]","(154, 577)",0.27,15.96,3.17,4
352,"[584, 707, 689, 962]","(143, 775)",0,0.0,"[1113, 158, 1155, 269]","(276, 34)",0,0.0,"[737, 597, 762, 624]","(150, 593)",0.38,15.74,2.77,4
353,"[577, 707, 683, 962]","(142, 775)",0,0.0,"[1104, 159, 1155, 269]","(274, 35)",0,0.0,"[725, 610, 739, 627]","(146, 608)",0.48,15.52,2.37,4
354,"[570, 706, 676, 962]","(140, 775)",0,0.0,"[1094, 161, 1155, 269]","(272, 35)",0,0.0,"[699, 623, 714, 640]","(142, 624)",0.55,15.31,1.97,4
355,"[563, 706, 670, 963]","(139, 775)",0,0.0,"[1086, 163, 1155, 269]","(270, 35)",0,0.0,"[679, 634, 695, 652]","(138, 639)",0.62,15.11,1.58,4
356,"[555, 705, 664, 962]","(138, 775)",0,0.0,"[1081, 162, 1155, 271]","(269, 40)",0,0.0,"[655, 644, 678, 669]","(135, 654)",0.66,14.91,1.18,4
357,"[546, 703, 659, 961]","(137, 774)",0,0.0,"[1077, 162, 1155, 272]","(268, 42)",0,0.0,"[634, 660, 656, 682]","(131, 669)",0.7,14.71,0.79,4
358,"[536, 706, 656, 960]","(136, 774)",0,0.0,"[1076, 161, 1153, 272]","(267, 42)",0,0.0,"[609, 677, 636, 703]","(128, 683)",0.71,14.53,0.4,4
359,"[527, 705, 655, 958]","(135, 773)",0,0.0,"[1075, 160, 1149, 272]","(267, 42)",0,0.0,"[586, 707, 607, 729]","(124, 698)",0.71,14.34,0.01,4
360,"[515, 710, 653, 957]","(133, 773)",0,0.0,"[1075, 158, 1140, 273]","(264, 45)",0,0.0,"[562, 735, 583, 757]","(121, 712)",0.7,14.16,-0.39,4
361,"[516, 714, 651, 954]","(133, 771)",0,0.0,"[1072, 157, 1130, 273]","(262, 45)",0,0.0,"[540, 761, 561, 783]","(117, 726)",0.67,13.99,-0.78,4
362,"[526, 716, 649, 950]","(134, 770)",0,0.0,"[1068, 156, 1120, 273]","(259, 45)",0,0.0,"[520, 784, 541, 806]","(114, 740)",0.62,13.82,-1.17,4
363,"[538, 719, 645, 945]","(134, 767)",1,1.63,"[1065, 155, 1109, 274]","(256, 48)",0,0.0,"[508, 804, 523, 822]","(111, 754)",0.67,24.84,4.95,2
364,"[538, 721, 640, 938]","(133, 764)",0,0.0,"[1060, 155, 1101, 274]","(253, 48)",0,0.0,"[563, 737, 587, 763]","(117, 729)",0.85,24.31,4.54,4
365,"[536, 722, 649, 929]","(133, 760)",0,0.0,"[1057, 155, 1096, 274]","(251, 48)",0,0.0,"[606, 685, 638, 719]","(123, 705)",1.02,23.8,4.13,4
366,"[536, 721, 659, 923]","(134, 757)",0,0.0,"[1047, 156, 1092, 275]","(248, 50)",0,0.0,"[646, 646, 676, 678]","(129, 682)",1.17,23.31,3.72,4
367,"[537, 720, 669, 917]","(135, 754)",0,0.0,"[1034, 159, 1087, 276]","(244, 53)",0,0.0,"[697, 602, 718, 626]","(135, 659)",1.3,22.84,3.31,4
368,"[542, 712, 676, 912]","(135, 752)",0,0.0,"[1023, 162, 1083, 278]","(241, 58)",0,0.0,"[723, 574, 747, 598]","(141, 636)",1.41,22.39,2.91,4
369,"[542, 704, 682, 907]","(136, 750)",0,0.0,"[1014, 167, 1082, 279]","(239, 61)",0,0.0,"[756, 538, 781, 565]","(147, 614)",1.51,21.95,2.51,4
370,"[531, 700, 687, 905]","(135, 749)",0,0.0,"[1010, 172, 1082, 279]","(238, 61)",0,0.0,"[788, 515, 806, 535]","(153, 593)",1.6,21.54,2.12,4
371,"[520, 696, 692, 903]","(134, 748)",0,0.0,"[1009, 176, 1082, 280]","(237, 63)",0,0.0,"[816, 490, 833, 509]","(158, 572)",1.67,21.13,1.72,4
372,"[513, 692, 695, 905]","(134, 749)",0,0.0,"[1008, 179, 1080, 279]","(237, 61)",0,0.0,"[834, 471, 856, 493]","(164, 551)",1.72,20.75,1.33,4
373,"[511, 688, 696, 907]","(134, 750)",0,0.0,"[1009, 179, 1078, 280]","(237, 63)",0,0.0,"[856, 454, 878, 477]","(169, 530)",1.76,20.37,0.93,4
374,"[515, 685, 704, 909]","(135, 751)",0,0.0,"[1009, 178, 1077, 280]","(237, 63)",0,0.0,"[877, 438, 899, 461]","(175, 510)",1.78,20.01,0.54,4
375,"[529, 683, 711, 910]","(137, 751)",0,0.0,"[1009, 177, 1077, 280]","(237, 63)",0,0.0,"[897, 423, 919, 445]","(180, 491)",1.79,19.67,0.15,4
376,"[547, 682, 715, 909]","(139, 751)",0,0.0,"[1010, 174, 1078, 280]","(237, 63)",0,0.0,"[916, 408, 938, 430]","(185, 471)",1.78,19.33,-0.24,4
377,"[557, 682, 719, 909]","(141, 751)",0,0.0,"[1013, 173, 1079, 280]","(238, 63)",0,0.0,"[935, 393, 957, 416]","(190, 452)",1.75,19.01,-0.64,4
378,"[560, 681, 724, 909]","(141, 751)",0,0.0,"[1018, 171, 1081, 280]","(239, 63)",0,0.0,"[953, 379, 975, 402]","(195, 433)",1.71,18.69,-1.03,4
379,"[561, 680, 728, 910]","(142, 751)",0,0.0,"[1024, 171, 1084, 282]","(241, 68)",0,0.0,"[970, 367, 992, 389]","(200, 415)",1.65,18.39,-1.42,4
380,"[562, 677, 734, 911]","(142, 752)",0,0.0,"[1031, 170, 1086, 284]","(243, 73)",0,0.0,"[985, 355, 1007, 378]","(204, 397)",1.58,18.1,-1.81,4
381,"[562, 674, 740, 911]","(143, 752)",0,0.0,"[1037, 170, 1088, 285]","(244, 75)",0,0.0,"[995, 345, 1022, 371]","(209, 379)",1.49,17.81,-2.2,4
382,"[561, 671, 746, 911]","(143, 752)",0,0.0,"[1039, 171, 1090, 285]","(245, 75)",0,0.0,"[1014, 346, 1028, 363]","(214, 361)",1.39,17.54,-2.59,4
383,"[565, 668, 751, 912]","(144, 752)",0,0.0,"[1039, 172, 1091, 285]","(245, 75)",0,0.0,"[1019, 338, 1045, 363]","(218, 344)",1.27,17.27,-2.97,4
384,"[577, 665, 753, 913]","(146, 752)",0,0.0,"[1040, 174, 1094, 285]","(246, 75)",0,0.0,"[1028, 334, 1052, 359]","(223, 327)",1.14,17.01,-3.36,4
385,"[599, 662, 755, 913]","(148, 752)",0,0.0,"[1040, 175, 1098, 285]","(247, 75)",0,0.0,"[1039, 333, 1062, 357]","(227, 310)",0.99,16.76,-3.74,4
386,"[627, 660, 757, 913]","(151, 752)",0,0.0,"[1040, 177, 1101, 286]","(247, 78)",0,0.0,"[1048, 332, 1071, 356]","(232, 294)",0.82,16.52,-4.12,4
387,"[646, 657, 757, 914]","(152, 753)",0,0.0,"[1043, 178, 1104, 286]","(249, 78)",0,0.0,"[1059, 333, 1078, 353]","(236, 277)",0.64,16.28,-4.5,4
388,"[657, 657, 757, 918]","(154, 755)",0,0.0,"[1045, 179, 1107, 286]","(250, 78)",0,0.0,"[1065, 327, 1093, 359]","(240, 261)",0.45,16.05,-4.87,4
389,"[668, 658, 760, 923]","(155, 757)",0,0.0,"[1048, 181, 1108, 287]","(251, 80)",0,0.0,"[1074, 333, 1097, 357]","(244, 246)",0.24,15.82,-5.24,4
390,"[677, 660, 776, 928]","(157, 760)",0,0.0,"[1051, 183, 1111, 287]","(252, 80)",0,0.0,"[1081, 334, 1105, 360]","(248, 230)",0.01,15.61,-5.61,4
391,"[685, 662, 792, 931]","(160, 761)",0,0.0,"[1054, 184, 1115, 288]","(253, 82)",0,0.0,"[1089, 338, 1112, 363]","(253, 215)",0.0,7.86,2.9,3
392,"[692, 663, 801, 932]","(161, 761)",0,0.0,"[1056, 186, 1116, 289]","(254, 85)",0,0.0,"[1093, 327, 1118, 354]","(255, 207)",0.1,7.81,2.5,4
393,"[700, 662, 805, 931]","(162, 761)",0,0.0,"[1058, 187, 1117, 291]","(254, 89)",0,0.0,"[1099, 321, 1118, 340]","(257, 199)",0.18,7.75,2.1,4
394,"[708, 661, 808, 928]","(163, 760)",0,0.0,"[1059, 186, 1119, 291]","(255, 89)",0,0.0,"[1103, 308, 1122, 329]","(259, 191)",0.25,7.7,1.71,4
395,"[716, 660, 816, 925]","(165, 758)",0,0.0,"[1061, 186, 1120, 293]","(255, 94)",0,0.0,"[1110, 302, 1123, 317]","(261, 184)",0.3,7.65,1.31,4
396,"[725, 660, 828, 924]","(166, 758)",0,0.0,"[1063, 183, 1121, 296]","(255, 101)",0,0.0,"[1080, 341, 1095, 357]","(263, 176)",0.34,7.6,0.92,4
397,"[733, 661, 853, 925]","(169, 758)",0,0.0,"[1064, 183, 1122, 299]","(255, 108)",0,0.0,"[1052, 380, 1067, 397]","(265, 169)",0.36,7.55,0.53,4
398,"[736, 663, 870, 928]","(171, 760)",0,0.0,"[1065, 184, 1125, 301]","(256, 113)",0,0.0,"[1025, 419, 1040, 436]","(267, 161)",0.37,7.5,0.13,4
399,"[737, 665, 878, 931]","(172, 761)",0,0.0,"[1066, 186, 1127, 301]","(256, 113)",0,0.0,"[998, 457, 1013, 474]","(269, 154)",0.36,7.45,-0.26,4
400,"[737, 666, 881, 930]","(172, 761)",0,0.0,"[1068, 199, 1129, 301]","(257, 113)",0,0.0,"[972, 495, 987, 511]","(271, 146)",0.33,7.4,-0.65,4
401,"[739, 664, 882, 928]","(173, 760)",0,0.0,"[1068, 206, 1132, 301]","(258, 113)",0,0.0,"[947, 531, 962, 547]","(273, 139)",0.29,7.35,-1.04,4
402,"[742, 661, 883, 925]","(173, 758)",0,0.0,"[1069, 211, 1127, 301]","(257, 113)",0,0.0,"[923, 566, 938, 582]","(275, 132)",0.23,7.3,-1.43,4
403,"[755, 658, 885, 919]","(174, 755)",0,0.0,"[1068, 214, 1121, 301]","(256, 113)",1,1.88,"[1130, 271, 1150, 291]","(277, 128)",0.25,21.36,5.99,0
404,"[770, 657, 894, 915]","(176, 753)",0,0.0,"[1068, 215, 1119, 301]","(255, 113)",0,0.0,"[877, 631, 892, 647]","(272, 149)",0.47,20.96,5.57,4
405,"[784, 657, 911, 911]","(179, 752)",0,0.0,"[1064, 216, 1118, 300]","(254, 110)",0,0.0,"[856, 661, 871, 677]","(267, 169)",0.68,20.58,5.15,4
406,"[797, 659, 934, 909]","(182, 751)",0,0.0,"[1066, 214, 1118, 300]","(255, 110)",0,0.0,"[837, 688, 852, 704]","(262, 190)",0.87,20.22,4.73,4
407,"[803, 664, 951, 908]","(184, 750)",0,0.0,"[1067, 210, 1118, 300]","(255, 110)",0,0.0,"[823, 708, 840, 726]","(257, 210)",1.04,19.86,4.32,4
408,"[805, 669, 961, 908]","(186, 750)",0,0.0,"[1046, 206, 1121, 301]","(251, 113)",0,0.0,"[849, 636, 871, 658]","(253, 230)",1.2,19.52,3.91,4
409,"[806, 677, 967, 910]","(186, 751)",0,0.0,"[1039, 202, 1123, 302]","(250, 115)",0,0.0,"[878, 569, 900, 591]","(248, 249)",1.34,19.19,3.51,4
410,"[808, 684, 969, 910]","(187, 751)",0,0.0,"[1035, 196, 1125, 302]","(250, 115)",0,0.0,"[906, 504, 928, 527]","(244, 268)",1.46,18.87,3.1,4
411,"[809, 689, 969, 910]","(187, 751)",0,0.0,"[1032, 190, 1127, 302]","(249, 115)",0,0.0,"[932, 443, 954, 465]","(240, 287)",1.57,18.56,2.7,4
412,"[809, 689, 969, 909]","(187, 751)",0,0.0,"[1030, 187, 1127, 301]","(249, 113)",0,0.0,"[956, 386, 978, 408]","(235, 305)",1.66,18.26,2.3,4
413,"[808, 688, 967, 907]","(186, 750)",0,0.0,"[1028, 185, 1125, 300]","(248, 110)",0,0.0,"[978, 334, 1000, 357]","(231, 323)",1.74,17.97,1.91,4
414,"[807, 686, 964, 906]","(186, 749)",0,0.0,"[1025, 184, 1121, 299]","(247, 108)",0,0.0,"[994, 293, 1021, 320]","(227, 341)",1.8,17.69,1.51,4
415,"[808, 684, 954, 906]","(185, 749)",0,0.0,"[1023, 183, 1116, 298]","(246, 106)",0,0.0,"[986, 307, 1002, 325]","(223, 359)",1.84,17.42,1.12,4
416,"[807, 684, 940, 907]","(184, 750)",0,0.0,"[1021, 181, 1109, 298]","(244, 106)",0,0.0,"[971, 311, 998, 338]","(219, 376)",1.87,17.16,0.73,4
417,"[800, 685, 923, 909]","(182, 751)",0,0.0,"[1021, 179, 1104, 298]","(243, 106)",0,0.0,"[963, 326, 977, 341]","(215, 393)",1.89,16.9,0.33,4
418,"[792, 686, 919, 912]","(180, 752)",0,0.0,"[1021, 178, 1097, 298]","(242, 106)",0,0.0,"[945, 327, 974, 358]","(211, 410)",1.88,16.65,-0.06,4
419,"[788, 689, 917, 915]","(180, 753)",0,0.0,"[1021, 176, 1093, 298]","(241, 106)",0,0.0,"[934, 349, 953, 369]","(207, 427)",1.87,16.41,-0.45,4
420,"[786, 691, 915, 919]","(180, 755)",0,0.0,"[1021, 174, 1089, 298]","(240, 106)",0,0.0,"[919, 357, 945, 384]","(203, 443)",1.83,16.18,-0.84,4
421,"[785, 693, 915, 924]","(180, 758)",0,0.0,"[1021, 173, 1085, 298]","(239, 106)",0,0.0,"[914, 375, 931, 393]","(200, 459)",1.78,15.95,-1.23,4
422,"[784, 694, 915, 930]","(180, 761)",0,0.0,"[1018, 173, 1084, 298]","(239, 106)",0,0.0,"[896, 397, 915, 417]","(196, 475)",1.72,15.73,-1.63,4
423,"[784, 694, 915, 935]","(180, 763)",0,0.0,"[1016, 173, 1083, 297]","(238, 104)",0,0.0,"[882, 419, 901, 440]","(192, 490)",1.64,15.51,-2.01,4
424,"[784, 694, 912, 938]","(180, 764)",0,0.0,"[1015, 173, 1082, 296]","(237, 101)",0,0.0,"[868, 440, 887, 460]","(189, 506)",1.54,15.3,-2.4,4
425,"[783, 694, 906, 940]","(179, 765)",0,0.0,"[1012, 172, 1080, 294]","(237, 97)",0,0.0,"[856, 459, 875, 479]","(185, 521)",1.43,15.1,-2.79,4
426,"[781, 692, 899, 940]","(178, 765)",0,0.0,"[1010, 170, 1078, 293]","(236, 94)",0,0.0,"[846, 473, 867, 496]","(182, 536)",1.3,14.9,-3.18,4
427,"[777, 691, 888, 940]","(177, 765)",0,0.0,"[1009, 168, 1072, 292]","(234, 92)",0,0.0,"[836, 497, 855, 517]","(178, 551)",1.16,14.71,-3.56,4
428,"[771, 689, 876, 940]","(175, 765)",0,0.0,"[1008, 165, 1067, 292]","(233, 92)",0,0.0,"[817, 509, 853, 549]","(175, 566)",1.0,14.52,-3.94,4
429,"[765, 687, 869, 941]","(174, 766)",0,0.0,"[1007, 163, 1060, 291]","(232, 90)",0,0.0,"[810, 549, 833, 573]","(172, 580)",0.83,14.34,-4.32,4
430,"[760, 687, 864, 943]","(173, 766)",0,0.0,"[1005, 162, 1054, 291]","(230, 90)",0,0.0,"[799, 578, 819, 601]","(168, 594)",0.64,14.16,-4.69,4
431,"[755, 687, 859, 944]","(172, 767)",0,0.0,"[1004, 162, 1049, 291]","(229, 90)",0,0.0,"[787, 609, 807, 630]","(165, 608)",0.44,13.98,-5.07,4
432,"[753, 686, 856, 945]","(172, 767)",0,0.0,"[1003, 163, 1046, 290]","(228, 88)",0,0.0,"[771, 645, 795, 670]","(162, 622)",0.22,13.81,-5.44,4
433,"[751, 685, 851, 945]","(171, 767)",0,0.0,"[1002, 164, 1043, 290]","(227, 88)",0,0.0,"[759, 661, 784, 686]","(159, 636)",-0.01,13.65,-5.8,4
434,"[748, 685, 848, 945]","(171, 767)",0,0.0,"[1000, 166, 1041, 290]","(226, 88)",0,0.0,"[750, 723, 770, 743]","(156, 650)",0.0,10.34,4.0,1
435,"[746, 685, 844, 945]","(170, 767)",0,0.0,"[999, 167, 1039, 289]","(226, 85)",0,0.0,"[739, 692, 763, 718]","(154, 660)",0.14,10.25,3.59,4
436,"[746, 684, 841, 944]","(170, 767)",0,0.0,"[998, 168, 1037, 290]","(225, 88)",0,0.0,"[730, 706, 755, 732]","(153, 670)",0.27,10.15,3.19,4
437,"[743, 682, 837, 945]","(169, 767)",0,0.0,"[998, 169, 1036, 290]","(225, 88)",0,0.0,"[724, 717, 749, 743]","(152, 681)",0.38,10.06,2.79,4
438,"[740, 683, 835, 945]","(169, 767)",0,0.0,"[997, 170, 1035, 289]","(225, 85)",0,0.0,"[716, 718, 743, 748]","(151, 691)",0.48,9.98,2.39,4
439,"[735, 683, 832, 944]","(168, 767)",0,0.0,"[996, 171, 1033, 288]","(224, 83)",0,0.0,"[712, 728, 733, 749]","(149, 701)",0.56,9.89,1.99,4
440,"[729, 686, 830, 943]","(167, 766)",0,0.0,"[993, 171, 1031, 285]","(223, 76)",0,0.0,"[705, 733, 724, 753]","(148, 711)",0.62,9.8,1.6,4
441,"[722, 687, 828, 943]","(167, 766)",0,0.0,"[987, 169, 1029, 285]","(222, 76)",0,0.0,"[696, 740, 716, 761]","(147, 721)",0.67,9.72,1.2,4
442,"[715, 689, 828, 942]","(166, 766)",0,0.0,"[982, 167, 1028, 283]","(221, 71)",0,0.0,"[690, 753, 711, 775]","(146, 731)",0.7,9.64,0.81,4
443,"[711, 691, 827, 940]","(166, 765)",0,0.0,"[976, 165, 1025, 282]","(219, 68)",0,0.0,"[680, 763, 708, 791]","(145, 741)",0.72,9.56,0.42,4
444,"[720, 692, 828, 937]","(166, 764)",1,2.0,"[969, 164, 1024, 281]","(217, 66)",0,0.0,"[679, 782, 696, 800]","(144, 752)",0.8,24.9,5.28,2
445,"[731, 693, 828, 931]","(167, 761)",0,0.0,"[963, 164, 1022, 281]","(215, 66)",0,0.0,"[686, 730, 709, 755]","(142, 726)",0.99,24.36,4.86,4
446,"[734, 693, 830, 925]","(167, 758)",0,0.0,"[957, 164, 1022, 280]","(214, 64)",0,0.0,"[697, 687, 714, 705]","(141, 701)",1.17,23.85,4.45,4
447,"[735, 692, 849, 921]","(169, 756)",0,0.0,"[951, 166, 1022, 282]","(213, 69)",0,0.0,"[704, 639, 725, 661]","(140, 677)",1.33,23.36,4.04,4
448,"[737, 689, 864, 917]","(171, 754)",0,0.0,"[945, 169, 1022, 284]","(211, 73)",0,0.0,"[713, 587, 734, 608]","(139, 654)",1.48,22.89,3.63,4
449,"[743, 670, 880, 913]","(172, 753)",0,0.0,"[941, 173, 1022, 284]","(211, 73)",0,0.0,"[721, 549, 740, 571]","(138, 630)",1.61,22.44,3.23,4
450,"[749, 655, 885, 910]","(173, 751)",0,0.0,"[938, 177, 1022, 285]","(210, 76)",0,0.0,"[729, 516, 744, 532]","(137, 607)",1.72,22.0,2.83,4
451,"[752, 645, 885, 910]","(174, 751)",0,0.0,"[936, 180, 1022, 285]","(210, 76)",0,0.0,"[730, 485, 753, 508]","(136, 585)",1.82,21.58,2.43,4
452,"[749, 636, 887, 910]","(174, 751)",0,0.0,"[936, 182, 1022, 285]","(210, 76)",0,0.0,"[733, 459, 754, 480]","(135, 563)",1.9,21.18,2.03,4
453,"[741, 632, 888, 911]","(173, 752)",0,0.0,"[935, 181, 1022, 285]","(209, 76)",0,0.0,"[736, 435, 757, 456]","(134, 542)",1.97,20.79,1.64,4
454,"[734, 633, 892, 912]","(173, 752)",0,0.0,"[934, 180, 1022, 286]","(209, 78)",0,0.0,"[739, 412, 759, 433]","(133, 520)",2.02,20.41,1.24,4
455,"[734, 638, 894, 913]","(173, 753)",0,0.0,"[928, 179, 1013, 285]","(206, 76)",0,0.0,"[741, 391, 762, 412]","(132, 500)",2.05,20.05,0.85,4
456,"[744, 642, 897, 914]","(174, 753)",0,0.0,"[921, 178, 1000, 285]","(202, 76)",0,0.0,"[745, 377, 763, 396]","(131, 479)",2.07,19.71,0.46,4
457,"[759, 643, 900, 914]","(176, 753)",0,0.0,"[915, 178, 983, 286]","(197, 79)",0,0.0,"[741, 358, 770, 389]","(130, 459)",2.07,19.37,0.07,4
458,"[774, 648, 902, 914]","(177, 753)",0,0.0,"[907, 177, 966, 286]","(192, 79)",0,0.0,"[748, 353, 762, 368]","(129, 439)",2.06,19.04,-0.33,4
459,"[782, 652, 906, 914]","(178, 753)",0,0.0,"[900, 177, 951, 288]","(188, 84)",0,0.0,"[743, 334, 770, 363]","(128, 420)",2.03,18.73,-0.72,4
460,"[788, 657, 910, 913]","(179, 753)",0,0.0,"[893, 177, 942, 290]","(184, 88)",0,0.0,"[747, 331, 764, 349]","(127, 401)",1.98,18.42,-1.11,4
461,"[798, 662, 915, 915]","(181, 753)",0,0.0,"[886, 178, 936, 291]","(182, 91)",0,0.0,"[750, 324, 764, 339]","(127, 382)",1.92,18.13,-1.5,4
462,"[805, 666, 924, 920]","(182, 756)",0,0.0,"[876, 177, 935, 291]","(179, 91)",0,0.0,"[743, 311, 770, 339]","(126, 364)",1.85,17.84,-1.89,4
463,"[809, 671, 939, 923]","(184, 757)",0,0.0,"[865, 177, 934, 291]","(177, 91)",0,0.0,"[746, 309, 765, 330]","(125, 346)",1.76,17.57,-2.28,4
464,"[810, 675, 954, 925]","(186, 758)",0,0.0,"[858, 177, 933, 291]","(175, 91)",0,0.0,"[746, 308, 762, 326]","(124, 328)",1.65,17.3,-2.67,4
465,"[810, 678, 963, 927]","(186, 759)",0,0.0,"[853, 176, 928, 291]","(173, 91)",0,0.0,"[746, 307, 761, 324]","(123, 310)",1.53,17.04,-3.05,4
466,"[809, 679, 969, 928]","(187, 760)",0,0.0,"[846, 174, 920, 288]","(170, 84)",0,0.0,"[745, 305, 761, 322]","(122, 293)",1.39,16.79,-3.44,4
467,"[811, 678, 970, 931]","(187, 761)",0,0.0,"[838, 174, 907, 286]","(166, 79)",0,0.0,"[744, 302, 761, 321]","(122, 276)",1.24,16.54,-3.82,4
468,"[819, 675, 971, 932]","(188, 761)",0,0.0,"[830, 173, 891, 285]","(161, 77)",0,0.0,"[739, 300, 759, 321]","(121, 259)",1.07,16.3,-4.2,4
469,"[838, 672, 971, 930]","(190, 761)",0,0.0,"[823, 172, 879, 285]","(157, 77)",0,0.0,"[737, 299, 758, 321]","(120, 242)",0.89,16.07,-4.57,4
470,"[861, 670, 974, 928]","(192, 760)",0,0.0,"[815, 172, 870, 284]","(153, 75)",0,0.0,"[734, 299, 758, 323]","(119, 226)",0.69,15.85,-4.95,4
471,"[882, 669, 981, 928]","(194, 760)",0,0.0,"[807, 173, 862, 285]","(150, 77)",0,0.0,"[734, 300, 757, 326]","(119, 210)",0.48,15.63,-5.32,4
472,"[895, 669, 996, 932]","(197, 761)",0,0.0,"[799, 175, 855, 285]","(147, 77)",0,0.0,"[731, 301, 757, 330]","(118, 194)",0.25,15.42,-5.68,4
473,"[904, 671, 1018, 936]","(200, 763)",0,0.0,"[790, 178, 848, 285]","(144, 77)",0,0.0,"[729, 302, 757, 334]","(117, 178)",0.01,15.21,-6.05,4
474,"[912, 675, 1039, 939]","(202, 765)",0,0.0,"[781, 181, 841, 284]","(140, 75)",0,0.0,"[726, 310, 752, 336]","(117, 163)",0.0,6.41,3.3,3
475,"[917, 680, 1059, 941]","(205, 766)",0,0.0,"[774, 183, 835, 282]","(137, 70)",0,0.0,"[727, 308, 746, 328]","(114, 156)",0.12,6.37,2.9,4
476,"[919, 685, 1071, 942]","(206, 766)",0,0.0,"[768, 186, 829, 284]","(135, 75)",0,0.0,"[726, 298, 741, 316]","(111, 150)",0.22,6.34,2.5,4
477,"[919, 688, 1081, 945]","(207, 767)",0,0.0,"[760, 188, 825, 283]","(132, 73)",0,0.0,"[718, 284, 739, 306]","(109, 144)",0.3,6.3,2.1,4
478,"[919, 690, 1084, 949]","(207, 769)",0,0.0,"[754, 189, 819, 284]","(130, 75)",0,0.0,"[715, 273, 735, 296]","(106, 139)",0.37,6.27,1.71,4
479,"[920, 691, 1085, 951]","(207, 770)",0,0.0,"[750, 190, 814, 284]","(128, 75)",0,0.0,"[710, 264, 736, 291]","(104, 133)",0.42,6.23,1.31,4
480,"[921, 690, 1085, 952]","(207, 771)",0,0.0,"[746, 191, 809, 285]","(127, 78)",0,0.0,"[708, 253, 734, 281]","(101, 127)",0.46,6.2,0.92,4
481,"[929, 687, 1084, 949]","(208, 769)",0,0.0,"[743, 192, 805, 288]","(126, 85)",0,0.0,"[706, 251, 726, 271]","(99, 121)",0.48,6.17,0.52,4
482,"[943, 683, 1085, 947]","(209, 768)",0,0.0,"[741, 191, 802, 290]","(125, 90)",0,0.0,"[705, 247, 722, 267]","(96, 115)",0.48,6.13,0.13,4
483,"[958, 680, 1089, 944]","(211, 767)",0,0.0,"[738, 190, 799, 290]","(124, 90)",0,0.0,"[696, 238, 723, 267]","(94, 109)",0.47,6.1,-0.26,4
484,"[970, 680, 1098, 941]","(213, 766)",0,0.0,"[732, 189, 797, 291]","(122, 92)",1,0.84,"[700, 236, 724, 263]","(92, 108)",0.53,31.76,3.04,0
485,"[978, 680, 1113, 941]","(215, 766)",0,0.0,"[736, 188, 794, 291]","(122, 92)",0,0.0,"[686, 237, 712, 268]","(92, 140)",0.64,30.89,2.64,4
486,"[985, 682, 1133, 946]","(217, 768)",0,0.0,"[737, 187, 791, 291]","(122, 92)",0,0.0,"[681, 245, 702, 267]","(93, 171)",0.73,30.07,2.24,4
487,"[988, 687, 1150, 950]","(219, 770)",0,0.0,"[736, 184, 787, 291]","(121, 92)",0,0.0,"[678, 254, 691, 269]","(94, 201)",0.8,29.3,1.85,4
488,"[988, 694, 1160, 953]","(220, 771)",0,0.0,"[734, 182, 783, 292]","(120, 94)",0,0.0,"[665, 258, 687, 280]","(94, 231)",0.86,28.56,1.45,4
489,"[989, 705, 1168, 956]","(221, 772)",0,0.0,"[732, 181, 777, 292]","(118, 94)",0,0.0,"[655, 271, 678, 295]","(95, 260)",0.9,27.86,1.06,4
490,"[990, 715, 1173, 958]","(221, 773)",0,0.0,"[728, 180, 773, 291]","(116, 92)",0,0.0,"[646, 285, 669, 309]","(96, 288)",0.93,27.19,0.66,4
491,"[987, 724, 1174, 957]","(221, 773)",0,0.0,"[718, 179, 768, 292]","(114, 94)",0,0.0,"[639, 298, 662, 322]","(97, 316)",0.94,26.55,0.27,4
492,"[990, 730, 1174, 957]","(221, 773)",0,0.0,"[709, 178, 766, 292]","(111, 95)",0,0.0,"[633, 307, 657, 333]","(97, 343)",0.93,25.94,-0.12,4
493,"[998, 734, 1174, 956]","(222, 772)",0,0.0,"[705, 177, 765, 292]","(110, 95)",0,0.0,"[628, 330, 642, 346]","(98, 369)",0.91,25.36,-0.51,4
494,"[994, 733, 1173, 956]","(221, 772)",0,0.0,"[703, 176, 765, 292]","(110, 95)",0,0.0,"[618, 347, 638, 366]","(98, 395)",0.88,24.81,-0.9,4
495,"[985, 731, 1170, 955]","(220, 772)",0,0.0,"[703, 176, 764, 291]","(109, 92)",0,0.0,"[604, 383, 630, 411]","(99, 420)",0.82,24.28,-1.3,4
496,"[971, 730, 1164, 955]","(219, 772)",0,0.0,"[703, 175, 764, 290]","(109, 90)",0,0.0,"[594, 423, 619, 451]","(100, 445)",0.76,23.77,-1.69,4
497,"[956, 732, 1147, 955]","(216, 772)",0,0.0,"[703, 173, 764, 289]","(109, 87)",0,0.0,"[584, 462, 609, 490]","(100, 469)",0.67,23.28,-2.08,4
498,"[939, 733, 1122, 955]","(212, 772)",0,0.0,"[704, 171, 764, 287]","(109, 83)",0,0.0,"[574, 500, 600, 528]","(101, 493)",0.57,22.81,-2.46,4
499,"[921, 733, 1087, 954]","(207, 772)",0,0.0,"[704, 170, 766, 286]","(109, 80)",0,0.0,"[565, 537, 590, 565]","(101, 516)",0.46,22.36,-2.85,4
500,"[902, 734, 1061, 954]","(203, 771)",0,0.0,"[705, 170, 768, 286]","(110, 80)",0,0.0,"[556, 571, 582, 599]","(102, 539)",0.33,21.93,-3.24,4
501,"[883, 734, 1049, 954]","(201, 771)",0,0.0,"[707, 172, 771, 285]","(111, 78)",0,0.0,"[548, 604, 573, 632]","(102, 561)",0.19,21.51,-3.62,4
502,"[868, 733, 1041, 954]","(199, 771)",0,0.0,"[707, 175, 774, 284]","(111, 75)",0,0.0,"[540, 633, 566, 661]","(103, 583)",0.03,21.11,-4.0,4
503,"[848, 733, 1027, 949]","(196, 769)",0,0.0,"[707, 176, 776, 284]","(112, 75)",0,0.0,"[533, 652, 564, 689]","(104, 605)",0.0,14.83,3.4,1
504,"[822, 734, 1007, 952]","(192, 771)",0,0.0,"[707, 178, 779, 284]","(112, 75)",0,0.0,"[532, 668, 548, 686]","(104, 620)",0.12,14.64,3.0,4
505,"[794, 738, 967, 953]","(186, 771)",0,0.0,"[706, 178, 781, 284]","(112, 75)",0,0.0,"[524, 668, 544, 690]","(104, 635)",0.22,14.45,2.6,4
506,"[764, 742, 917, 953]","(178, 771)",0,0.0,"[706, 177, 787, 284]","(114, 75)",0,0.0,"[517, 667, 543, 697]","(104, 649)",0.31,14.27,2.2,4
507,"[739, 746, 892, 963]","(174, 775)",0,0.0,"[708, 177, 792, 284]","(115, 75)",0,0.0,"[511, 682, 528, 701]","(104, 664)",0.38,14.09,1.8,4
508,"[718, 751, 882, 970]","(172, 778)",0,0.0,"[716, 176, 798, 284]","(118, 75)",0,0.0,"[503, 696, 519, 714]","(104, 678)",0.44,13.92,1.41,4
509,"[687, 753, 874, 973]","(168, 780)",0,0.0,"[728, 177, 803, 283]","(121, 73)",0,0.0,"[496, 709, 512, 727]","(104, 693)",0.48,13.75,1.02,4
510,"[639, 757, 865, 975]","(164, 781)",0,0.0,"[743, 175, 809, 283]","(126, 73)",0,0.0,"[489, 721, 506, 739]","(104, 707)",0.51,13.59,0.62,4
511,"[594, 763, 852, 980]","(159, 783)",0,0.0,"[755, 173, 815, 282]","(129, 70)",0,0.0,"[485, 732, 501, 749]","(104, 720)",0.51,13.42,0.23,4
512,"[556, 768, 833, 994]","(154, 789)",0,0.0,"[761, 171, 822, 283]","(132, 73)",0,0.0,"[476, 753, 496, 774]","(104, 734)",0.51,13.27,-0.16,4
513,"[523, 775, 808, 1008]","(150, 794)",0,0.0,"[767, 170, 828, 284]","(135, 75)",0,0.0,"[463, 772, 493, 800]","(104, 748)",0.49,13.11,-0.55,4
514,"[501, 784, 780, 1014]","(146, 797)",0,0.0,"[775, 169, 834, 284]","(137, 75)",0,0.0,"[462, 801, 477, 818]","(104, 761)",0.45,12.96,-0.95,4
515,"[475, 794, 755, 1020]","(142, 799)",0,0.0,"[785, 169, 841, 285]","(141, 77)",0,0.0,"[445, 836, 472, 865]","(104, 774)",0.4,12.82,-1.34,4
516,"[455, 804, 736, 1024]","(139, 801)",1,1.38,"[801, 169, 847, 285]","(146, 77)",0,0.0,"[444, 855, 470, 884]","(104, 768)",0.42,28.66,4.75,2
517,"[438, 815, 717, 1028]","(136, 802)",0,0.0,"[810, 168, 854, 285]","(149, 77)",0,0.0,"[479, 765, 503, 792]","(106, 738)",0.59,27.95,4.34,4
518,"[429, 817, 700, 1030]","(134, 803)",0,0.0,"[814, 167, 864, 285]","(152, 77)",0,0.0,"[507, 698, 530, 722]","(108, 710)",0.75,27.28,3.93,4
519,"[425, 829, 685, 1031]","(132, 804)",0,0.0,"[817, 167, 875, 284]","(155, 75)",0,0.0,"[529, 645, 553, 669]","(110, 683)",0.89,26.64,3.52,4
520,"[424, 833, 673, 1031]","(131, 804)",0,0.0,"[824, 167, 891, 283]","(159, 72)",0,0.0,"[560, 587, 577, 605]","(112, 656)",1.02,26.03,3.12,4
521,"[424, 835, 663, 1030]","(130, 803)",0,0.0,"[838, 168, 907, 284]","(166, 74)",0,0.0,"[581, 544, 596, 560]","(113, 629)",1.13,25.44,2.72,4
522,"[425, 837, 655, 1030]","(130, 803)",0,0.0,"[850, 171, 923, 285]","(171, 77)",0,0.0,"[599, 498, 619, 519]","(115, 603)",1.22,24.88,2.32,4
523,"[426, 834, 648, 1030]","(129, 803)",0,0.0,"[861, 175, 935, 287]","(176, 81)",0,0.0,"[618, 468, 636, 487]","(117, 578)",1.3,24.35,1.93,4
524,"[427, 828, 643, 1029]","(129, 803)",0,0.0,"[869, 180, 945, 287]","(180, 81)",0,0.0,"[635, 439, 653, 458]","(119, 553)",1.36,23.84,1.53,4
525,"[428, 821, 638, 1029]","(129, 803)",0,0.0,"[876, 185, 950, 287]","(183, 81)",0,0.0,"[651, 412, 669, 431]","(121, 529)",1.4,23.35,1.14,4
526,"[429, 813, 632, 1029]","(128, 803)",0,0.0,"[881, 189, 952, 288]","(184, 84)",0,0.0,"[665, 388, 683, 407]","(122, 506)",1.43,22.88,0.74,4
527,"[429, 805, 628, 1029]","(128, 803)",0,0.0,"[886, 192, 952, 288]","(185, 84)",0,0.0,"[678, 371, 694, 388]","(124, 482)",1.45,22.42,0.35,4
528,"[430, 798, 620, 1028]","(127, 802)",0,0.0,"[890, 192, 952, 288]","(186, 84)",0,0.0,"[684, 351, 710, 379]","(126, 460)",1.44,21.99,-0.04,4
529,"[430, 790, 611, 1028]","(126, 802)",0,0.0,"[892, 192, 952, 288]","(186, 84)",0,0.0,"[702, 344, 717, 362]","(127, 437)",1.43,21.57,-0.43,4
530,"[431, 781, 612, 1027]","(127, 802)",0,0.0,"[892, 190, 952, 288]","(186, 84)",0,0.0,"[708, 328, 733, 356]","(129, 415)",1.39,21.17,-0.83,4
531,"[432, 774, 623, 1024]","(127, 801)",0,0.0,"[891, 187, 951, 288]","(186, 84)",0,0.0,"[725, 326, 738, 341]","(130, 394)",1.34,20.78,-1.22,4
532,"[437, 768, 638, 1018]","(129, 798)",0,0.0,"[889, 184, 951, 288]","(185, 84)",0,0.0,"[726, 313, 756, 341]","(132, 373)",1.28,20.4,-1.61,4
533,"[448, 763, 652, 1013]","(131, 796)",0,0.0,"[886, 182, 950, 288]","(185, 84)",0,0.0,"[736, 309, 760, 335]","(133, 352)",1.2,20.04,-2.0,4
534,"[470, 758, 664, 1008]","(133, 794)",0,0.0,"[883, 180, 950, 289]","(184, 86)",0,0.0,"[747, 308, 765, 328]","(135, 332)",1.11,19.7,-2.39,4
535,"[500, 752, 673, 1006]","(136, 794)",0,0.0,"[880, 179, 949, 288]","(183, 84)",0,0.0,"[753, 305, 777, 331]","(136, 312)",0.99,19.36,-2.77,4
536,"[535, 746, 683, 1005]","(140, 793)",0,0.0,"[877, 179, 948, 290]","(182, 88)",0,0.0,"[762, 306, 783, 328]","(138, 292)",0.87,19.03,-3.16,4
537,"[566, 741, 694, 1004]","(144, 793)",0,0.0,"[874, 179, 949, 290]","(182, 88)",0,0.0,"[770, 308, 787, 326]","(139, 273)",0.73,18.72,-3.54,4
538,"[583, 737, 705, 1002]","(146, 792)",0,0.0,"[872, 180, 949, 291]","(181, 91)",0,0.0,"[776, 307, 799, 331]","(140, 254)",0.57,18.42,-3.92,4
539,"[600, 734, 716, 999]","(148, 791)",0,0.0,"[870, 182, 949, 291]","(181, 91)",0,0.0,"[781, 307, 806, 334]","(142, 235)",0.4,18.12,-4.3,4
540,"[631, 734, 728, 996]","(152, 789)",0,0.0,"[867, 184, 949, 291]","(181, 91)",0,0.0,"[786, 310, 811, 337]","(143, 216)",0.21,17.84,-4.68,4
541,"[653, 735, 740, 991]","(154, 787)",0,0.0,"[865, 186, 949, 291]","(180, 91)",0,0.0,"[799, 320, 814, 338]","(144, 198)",0.01,17.56,-5.05,4
542,"[669, 737, 755, 985]","(157, 785)",0,0.0,"[860, 187, 949, 291]","(179, 91)",0,0.0,"[802, 323, 822, 342]","(146, 181)",0.0,8.73,4.22,3
543,"[679, 738, 790, 978]","(160, 782)",0,0.0,"[854, 188, 949, 291]","(178, 91)",0,0.0,"[801, 307, 827, 333]","(145, 172)",0.15,8.66,3.81,4
544,"[684, 738, 823, 976]","(164, 781)",0,0.0,"[851, 188, 949, 291]","(177, 91)",0,0.0,"[807, 294, 830, 317]","(145, 163)",0.29,8.6,3.41,4
545,"[685, 736, 854, 976]","(166, 781)",0,0.0,"[848, 188, 949, 291]","(177, 91)",0,0.0,"[807, 275, 831, 300]","(145, 154)",0.41,8.53,3.01,4
546,"[685, 733, 871, 976]","(168, 781)",0,0.0,"[852, 188, 950, 291]","(178, 91)",0,0.0,"[809, 261, 833, 289]","(145, 145)",0.51,8.47,2.61,4
547,"[693, 732, 875, 978]","(169, 782)",0,0.0,"[862, 187, 950, 291]","(180, 91)",0,0.0,"[815, 256, 832, 275]","(144, 137)",0.6,8.41,2.21,4
548,"[708, 729, 876, 979]","(171, 782)",0,0.0,"[868, 185, 949, 291]","(181, 91)",0,0.0,"[814, 238, 842, 268]","(144, 128)",0.67,8.34,1.81,4
549,"[734, 725, 876, 979]","(173, 782)",0,0.0,"[870, 183, 949, 291]","(181, 91)",0,0.0,"[820, 235, 836, 253]","(144, 119)",0.73,8.28,1.42,4
550,"[764, 722, 879, 979]","(176, 782)",0,0.0,"[866, 180, 948, 291]","(180, 91)",0,0.0,"[823, 229, 837, 245]","(144, 111)",0.77,8.22,1.02,4
551,"[789, 720, 890, 982]","(179, 784)",0,0.0,"[860, 179, 947, 291]","(179, 91)",1,1.0,"[824, 223, 841, 243]","(144, 110)",0.87,32.36,2.58,0
552,"[805, 720, 910, 986]","(182, 785)",0,0.0,"[865, 177, 947, 292]","(180, 93)",0,0.0,"[821, 225, 835, 243]","(141, 142)",0.96,31.46,2.18,4
553,"[818, 723, 936, 992]","(185, 788)",0,0.0,"[869, 176, 946, 291]","(180, 91)",0,0.0,"[805, 225, 829, 251]","(138, 174)",1.03,30.61,1.79,4
554,"[829, 729, 966, 1000]","(189, 791)",0,0.0,"[871, 176, 943, 291]","(180, 91)",0,0.0,"[795, 236, 812, 254]","(136, 205)",1.08,29.81,1.39,4
555,"[838, 737, 993, 1006]","(192, 794)",0,0.0,"[871, 175, 941, 290]","(180, 88)",0,0.0,"[779, 242, 806, 268]","(133, 235)",1.12,29.04,1.0,4
556,"[845, 747, 1019, 1010]","(195, 795)",0,0.0,"[872, 176, 940, 290]","(180, 88)",0,0.0,"[770, 259, 786, 276]","(131, 264)",1.15,28.32,0.6,4
557,"[852, 759, 1039, 1014]","(197, 797)",0,0.0,"[871, 177, 940, 290]","(179, 88)",0,0.0,"[753, 265, 782, 292]","(128, 293)",1.16,27.63,0.21,4
558,"[862, 772, 1058, 1018]","(200, 799)",0,0.0,"[871, 178, 941, 290]","(180, 88)",0,0.0,"[737, 285, 760, 307]","(126, 321)",1.15,26.97,-0.18,4
559,"[871, 787, 1076, 1023]","(202, 801)",0,0.0,"[872, 179, 943, 290]","(180, 88)",0,0.0,"[728, 302, 745, 320]","(124, 348)",1.13,26.34,-0.57,4
560,"[876, 802, 1092, 1026]","(204, 802)",0,0.0,"[873, 181, 944, 290]","(181, 88)",0,0.0,"[711, 316, 733, 340]","(121, 375)",1.09,25.74,-0.96,4
561,"[879, 819, 1106, 1027]","(205, 802)",0,0.0,"[876, 184, 943, 290]","(181, 88)",0,0.0,"[700, 341, 717, 362]","(119, 401)",1.03,25.17,-1.35,4
562,"[877, 838, 1120, 1028]","(206, 803)",0,0.0,"[879, 186, 943, 292]","(182, 93)",0,0.0,"[677, 376, 696, 397]","(117, 427)",0.96,24.63,-1.75,4
563,"[875, 859, 1131, 1029]","(207, 803)",0,0.0,"[885, 187, 944, 295]","(183, 100)",0,0.0,"[657, 411, 676, 431]","(115, 451)",0.88,24.1,-2.13,4
564,"[872, 875, 1139, 1030]","(207, 803)",0,0.0,"[892, 188, 944, 300]","(185, 112)",0,0.0,"[639, 443, 657, 463]","(113, 476)",0.78,23.6,-2.52,4
565,"[871, 883, 1143, 1034]","(207, 805)",0,0.0,"[895, 188, 942, 301]","(185, 114)",0,0.0,"[622, 472, 641, 492]","(111, 500)",0.66,23.12,-2.91,4
566,"[868, 886, 1138, 1044]","(207, 809)",0,0.0,"[896, 188, 941, 302]","(185, 116)",0,0.0,"[609, 495, 629, 515]","(109, 523)",0.53,22.66,-3.29,4
567,"[869, 889, 1135, 1050]","(206, 811)",0,0.0,"[896, 188, 940, 302]","(185, 116)",0,0.0,"[590, 525, 616, 555]","(107, 546)",0.38,22.21,-3.68,4
568,"[868, 891, 1133, 1054]","(206, 813)",0,0.0,"[896, 188, 943, 302]","(185, 116)",0,0.0,"[566, 576, 592, 603]","(105, 569)",0.22,21.79,-4.06,4
569,"[869, 895, 1128, 1055]","(206, 813)",0,0.0,"[896, 187, 945, 302]","(186, 116)",0,0.0,"[541, 627, 566, 654]","(103, 591)",0.04,21.37,-4.43,4
570,"[868, 901, 1127, 1061]","(206, 815)",0,0.0,"[896, 187, 947, 302]","(186, 116)",0,0.0,"[524, 668, 547, 694]","(102, 613)",-0.15,0.0,-4.81,1
571,"[868, 909, 1129, 1069]","(206, 818)",0,0.0,"[896, 186, 948, 302]","(187, 116)",0,0.0,"[504, 679, 522, 700]","(98, 619)",0.0,0.0,0.0,4
572,"[868, 916, 1128, 1070]","(206, 819)",0,0.0,"[896, 185, 948, 303]","(187, 118)",0,0.0,"[484, 687, 502, 708]","(95, 625)",0.0,0.0,0.0,4
573,"[867, 924, 1124, 1069]","(205, 818)",0,0.0,"[897, 184, 948, 303]","(187, 118)",0,0.0,"[465, 695, 483, 716]","(91, 631)",0.0,0.0,0.0,4
574,"[866, 930, 1122, 1069]","(205, 818)",0,0.0,"[897, 184, 953, 305]","(188, 123)",0,0.0,"[447, 702, 466, 723]","(88, 636)",0.0,0.0,0.0,4
575,"[864, 935, 1121, 1067]","(205, 817)",0,0.0,"[897, 185, 955, 307]","(188, 127)",0,0.0,"[437, 711, 451, 727]","(86, 641)",0.0,0.0,0.0,4
576,"[858, 938, 1123, 1064]","(204, 816)",0,0.0,"[898, 186, 955, 309]","(188, 132)",0,0.0,"[411, 718, 437, 744]","(83, 649)",0.0,0.0,0.0,4
577,"[854, 942, 1125, 1057]","(204, 814)",0,0.0,"[900, 188, 956, 311]","(189, 136)",0,0.0,"[393, 736, 413, 757]","(81, 659)",0.0,0.0,0.0,4
578,"[851, 944, 1130, 1054]","(204, 813)",0,0.0,"[902, 190, 957, 312]","(190, 138)",0,0.0,"[369, 749, 396, 777]","(78, 670)",0.0,0.0,0.0,4
579,"[846, 943, 1134, 1052]","(204, 812)",0,0.0,"[904, 191, 958, 312]","(190, 138)",0,0.0,"[345, 773, 372, 799]","(76, 684)",0.0,0.0,0.0,4
580,"[843, 941, 1135, 1052]","(204, 812)",0,0.0,"[908, 191, 960, 312]","(192, 138)",0,0.0,"[322, 799, 345, 822]","(74, 698)",0.0,0.0,0.0,4
581,"[844, 941, 1135, 1052]","(204, 812)",0,0.0,"[913, 190, 961, 312]","(193, 138)",0,0.0,"[294, 830, 320, 857]","(73, 717)",0.0,0.0,0.0,4
582,"[846, 942, 1134, 1052]","(204, 812)",0,0.0,"[920, 189, 963, 313]","(194, 140)",0,0.0,"[274, 855, 302, 885]","(72, 731)",0.0,0.0,0.0,4
583,"[847, 945, 1131, 1050]","(204, 811)",0,0.0,"[924, 187, 964, 315]","(195, 145)",0,0.0,"[239, 910, 264, 937]","(71, 757)",0.0,0.0,0.0,4
584,"[848, 948, 1128, 1052]","(204, 812)",0,0.0,"[926, 186, 966, 316]","(196, 147)",0,0.0,"[207, 959, 232, 985]","(71, 779)",0.0,0.0,0.0,4
585,"[848, 950, 1126, 1056]","(204, 813)",0,0.0,"[926, 185, 968, 315]","(197, 145)",0,0.0,"[184, 999, 207, 1022]","(71, 795)",0.0,0.0,0.0,4
586,"[848, 951, 1126, 1058]","(204, 814)",0,0.0,"[927, 185, 970, 315]","(197, 145)",0,0.0,"[159, 1033, 185, 1059]","(71, 809)",0.0,0.0,0.0,4
587,"[848, 950, 1127, 1058]","(204, 814)",0,0.0,"[927, 186, 972, 319]","(197, 153)",0,0.0,"[159, 1033, 185, 1059]","(71, 809)",0.0,0.0,0.0,4
588,"[848, 950, 1128, 1059]","(204, 814)",0,0.0,"[927, 187, 979, 321]","(199, 158)",0,0.0,"[159, 1033, 185, 1059]","(71, 809)",0.0,0.0,0.0,4
589,"[848, 950, 1128, 1059]","(204, 814)",0,0.0,"[927, 188, 982, 322]","(199, 160)",0,0.0,"[159, 1033, 185, 1059]","(71, 809)",0.0,0.0,0.0,4
590,"[848, 950, 1128, 1059]","(204, 814)",0,0.0,"[928, 189, 984, 322]","(200, 160)",0,0.0,"[159, 1033, 185, 1059]","(71, 809)",0.0,0.0,0.0,4
