Frame,Raw X,Raw Y,Interpolated X,Interpolated Y,Bounce,Hit
0,1017,99,1017,99,,
1,,,1017,98,,
2,,,1017,97,,
3,,,1018,96,,
4,,,1018,95,,
5,,,1018,94,,
6,,,1018,93,,
7,,,1019,93,,
8,,,1019,92,,
9,,,1019,92,,
10,,,1019,91,,
11,,,1019,91,,
12,1020,91,1020,91,,
13,,,993,117,,
14,,,968,140,,
15,,,946,162,,
16,,,926,181,,
17,,,909,197,,
18,,,897,210,,
19,890,217,890,217,,
20,860,250,860,250,,
21,,,825,296,,
22,806,322,806,322,,
23,781,358,781,358,,
24,,,744,423,,
25,,,715,474,,
26,700,502,700,502,,
27,,,665,565,,
28,647,601,647,601,,
29,626,595,626,595,,
30,596,588,596,588,,
31,578,590,578,590,,
32,,,540,588,,
33,520,587,520,587,,
34,498,592,498,592,,
35,469,598,469,598,,
36,443,607,443,607,,
37,421,618,421,618,,
38,,,509,569,,
39,,,578,532,,
40,616,512,616,512,,
41,661,493,661,493,,
42,,,714,477,,
43,,,765,461,,
44,,,812,447,,
45,,,856,434,,
46,,,897,422,,
47,,,934,411,,
48,,,966,401,,
49,,,994,393,,
50,,,1015,387,,
51,1027,384,1027,384,,
52,,,1055,386,,
53,1071,388,1071,388,,
54,,,1095,385,,
55,,,1116,384,,
56,,,1133,382,,
57,1142,382,1142,382,,
58,1155,362,1155,362,,
59,1165,346,1165,346,,
60,1178,330,1178,330,,
61,1187,318,1187,318,,
62,1194,307,1194,307,,
63,,,1193,300,,
64,,,1193,294,,
65,,,1192,288,,
66,,,1192,282,,
67,,,1191,277,,
68,,,1191,272,,
69,,,1190,267,,
70,,,1190,262,,
71,,,1190,258,,
72,,,1189,254,,
73,,,1189,250,,
74,,,1189,247,,
75,,,1189,245,,
76,,,1189,243,,
77,1189,242,1189,242,,
78,1187,221,1187,221,,
79,1189,213,1189,213,,
80,1190,275,1190,275,,
81,1178,279,1178,279,,
82,1165,281,1165,281,,
83,,,1144,289,,
84,,,1126,295,,
85,,,1113,301,,
86,1106,304,1106,304,,
87,1092,311,1092,311,,
88,1078,320,1078,320,,
89,1061,328,1061,328,,
90,1046,339,1046,339,,
91,1032,350,1032,350,,
92,1016,364,1016,364,,
93,999,378,999,378,,
94,,,976,405,,
95,,,955,430,,
96,,,937,452,,
97,,,922,470,,
98,,,910,485,,
99,904,493,904,493,,
100,886,518,886,518,,
101,867,544,867,544,,
102,851,573,851,573,,
103,831,603,831,603,,
104,,,807,644,,
105,795,667,795,667,,
106,777,703,777,703,,
107,767,714,767,714,,
108,754,708,754,708,,
109,744,706,744,706,,
110,732,704,732,704,,
111,722,705,722,705,,
112,711,706,711,706,,
113,700,711,700,711,,
114,691,716,691,716,,
115,678,727,678,727,,
116,670,735,670,735,,
117,658,748,658,748,,
118,675,666,675,666,,
119,690,605,690,605,,
120,706,547,706,547,,
121,720,497,720,497,,
122,,,731,454,,
123,,,741,418,,
124,,,749,390,,
125,754,375,754,375,,
126,759,354,759,354,,
127,765,342,765,342,,
128,770,329,770,329,,
129,771,321,771,321,,
130,775,317,775,317,,
131,777,315,777,315,,
132,779,313,779,313,,
133,780,312,780,312,,
134,780,314,780,314,,
135,783,316,783,316,,
136,784,321,784,321,,
137,784,316,784,316,,
138,,,785,290,,
139,787,276,787,276,,
140,788,260,788,260,,
141,788,247,788,247,,
142,791,234,791,234,,
143,790,222,790,222,,
144,792,215,792,215,,
145,,,804,220,,
146,,,815,225,,
147,,,824,229,,
148,,,833,232,,
149,,,839,235,,
150,843,237,843,237,,
151,856,248,856,248,,
152,869,262,869,262,,
153,,,889,286,,
154,,,904,304,,
155,913,315,913,315,,
156,929,339,929,339,,
157,941,358,941,358,,
158,,,966,403,,
159,,,989,444,,
160,,,1008,478,,
161,,,1023,504,,
162,1032,519,1032,519,,
163,1049,561,1049,561,,
164,1068,603,1068,603,,
165,1091,644,1091,644,,
166,1107,645,1107,645,,
167,1123,650,1123,650,,
168,1141,656,1141,656,,
169,1161,666,1161,666,,
170,1179,679,1179,679,,
171,1201,691,1201,691,,
172,1219,708,1219,708,,
173,1241,730,1241,730,,
174,1263,752,1263,752,,
175,,,1216,673,,
176,,,1180,612,,
177,1161,579,1161,579,,
178,1116,512,1116,512,,
179,,,1079,466,,
180,,,1048,427,,
181,,,1024,397,,
182,1011,381,1011,381,,
183,986,358,986,358,,
184,967,343,967,343,,
185,950,330,950,330,,
186,931,319,931,319,,
187,915,311,915,311,,
188,901,307,901,307,,
189,,,883,306,,
190,,,868,306,,
191,,,856,306,,
192,,,846,306,,
193,841,306,841,306,,
194,828,312,828,312,,
195,819,317,819,317,,
196,811,316,811,316,,
197,,,803,291,,
198,,,797,273,,
199,794,263,794,263,,
200,786,250,786,250,,
201,781,237,781,237,,
202,,,775,225,,
203,773,219,773,219,,
204,772,215,772,215,,
205,781,220,781,220,,
206,,,799,237,,
207,,,816,254,,
208,,,832,268,,
209,,,845,281,,
210,,,857,292,,
211,,,866,301,,
212,871,306,871,306,,
213,885,323,885,323,,
214,900,344,900,344,,
215,914,367,914,367,,
216,,,935,411,,
217,,,953,451,,
218,,,969,484,,
219,,,981,509,,
220,988,524,988,524,,
221,1010,569,1010,569,,
222,1020,606,1020,606,,
223,1037,641,1037,641,,
224,1054,640,1054,640,,
225,1069,643,1069,643,,
226,1083,646,1083,646,,
227,1098,656,1098,656,,
228,1115,663,1115,663,,
229,1130,677,1130,677,,
230,1148,691,1148,691,,
231,1164,709,1164,709,,
232,1178,730,1178,730,,
233,1196,753,1196,753,,
234,,,1206,764,,
235,1212,771,1212,771,,
236,1025,716,1025,716,,
237,1121,607,1121,607,,
238,1088,553,1088,553,,
239,1057,504,1057,504,,
240,,,1028,467,,
241,,,1001,434,,
242,,,978,405,,
243,,,959,380,,
244,,,944,361,,
245,936,351,936,351,,
246,918,339,918,339,,
247,908,328,908,328,,
248,892,322,892,322,,
249,881,318,881,318,,
250,870,316,870,316,,
251,859,314,859,314,,
252,850,315,850,315,,
253,842,316,842,316,,
254,833,318,833,318,,
255,825,321,825,321,,
256,818,318,818,318,,
257,,,809,295,,
258,,,803,277,,
259,,,797,262,,
260,795,255,795,255,,
261,793,241,793,241,,
262,787,233,787,233,,
263,782,223,782,223,,
264,783,220,783,220,,
265,,,795,236,,
266,,,807,251,,
267,,,818,265,,
268,,,828,277,,
269,,,837,288,,
270,,,845,297,,
271,,,850,305,,
272,854,309,854,309,,
273,866,327,866,327,,
274,874,349,874,349,,
275,884,371,884,371,,
276,,,900,414,,
277,,,913,451,,
278,,,924,480,,
279,930,496,930,496,,
280,938,525,938,525,,
281,,,954,564,,
282,,,967,598,,
283,,,978,624,,
284,984,639,984,639,,
285,992,643,992,643,,
286,1004,647,1004,647,,
287,1013,657,1013,657,,
288,1026,667,1026,667,,
289,1035,682,1035,682,,
290,1048,697,1048,697,,
291,1060,718,1060,718,,
292,1073,741,1073,741,,
293,1083,765,1083,765,,
294,1098,796,1098,796,,
295,,,1111,752,,
296,1119,728,1119,728,,
297,1128,665,1128,665,,
298,1132,601,1132,601,,
299,1139,543,1139,543,,
300,1142,503,1142,503,,
301,,,1147,459,,
302,,,1151,423,,
303,,,1155,395,,
304,1157,380,1157,380,,
305,1160,364,1160,364,,
306,1163,346,1163,346,,
307,1163,337,1163,337,,
308,1168,325,1168,325,,
309,1167,319,1167,319,,
310,1168,315,1168,315,,
311,1172,311,1172,311,,
312,1175,310,1175,310,,
313,1175,310,1175,310,,
314,1176,312,1176,312,,
315,1176,315,1176,315,,
316,1176,320,1176,320,,
317,1176,326,1176,326,,
318,1178,329,1178,329,,
319,1178,311,1178,311,,
320,,,1178,289,,
321,1179,278,1179,278,,
322,1178,262,1178,262,,
323,1179,252,1179,252,,
324,1179,240,1179,240,,
325,,,1179,228,,
326,1179,222,1179,222,,
327,1179,216,1179,216,,
328,857,740,857,740,,
329,,,931,596,,
330,,,996,470,,
331,,,1051,363,,
332,,,1094,281,,
333,1118,236,1118,236,,
334,1104,245,1104,245,,
335,1085,259,1085,259,,
336,1069,269,1069,269,,
337,1054,282,1054,282,,
338,,,1028,306,,
339,1015,320,1015,320,,
340,997,339,997,339,,
341,982,356,982,356,,
342,,,951,397,,
343,,,925,433,,
344,,,902,464,,
345,,,885,488,,
346,876,501,876,501,,
347,852,534,852,534,,
348,830,571,830,571,,
349,808,600,808,600,,
350,789,604,789,604,,
351,770,607,770,607,,
352,749,611,749,611,,
353,732,619,732,619,,
354,,,702,634,,
355,687,643,687,643,,
356,666,657,666,657,,
357,646,670,646,670,,
358,623,690,623,690,,
359,,,592,724,,
360,,,565,755,,
361,,,542,781,,
362,,,524,801,,
363,515,813,515,813,,
364,,,582,743,,
365,620,706,620,706,,
366,660,662,660,662,,
367,708,614,708,614,,
368,735,586,735,586,,
369,769,552,769,552,,
370,797,525,797,525,,
371,824,499,824,499,,
372,,,850,478,,
373,,,876,458,,
374,,,900,440,,
375,,,922,423,,
376,,,942,407,,
377,,,961,393,,
378,,,977,381,,
379,,,991,370,,
380,,,1002,362,,
381,1008,358,1008,358,,
382,1021,354,1021,354,,
383,1032,351,1032,351,,
384,1040,346,1040,346,,
385,1051,345,1051,345,,
386,1060,344,1060,344,,
387,1069,343,1069,343,,
388,1079,343,1079,343,,
389,1085,345,1085,345,,
390,1093,347,1093,347,,
391,1102,352,1102,352,,
392,1105,340,1105,340,,
393,1108,330,1108,330,,
394,1112,319,1112,319,,
395,1116,309,1116,309,,
396,,,1036,406,,
397,,,964,494,,
398,,,900,572,,
399,,,847,637,,
400,,,805,688,,
401,783,716,783,716,,
402,,,845,601,,
403,,,901,497,,
404,,,951,406,,
405,,,993,329,,
406,,,1026,269,,
407,1044,237,1044,237,,
408,,,1036,251,,
409,,,1029,264,,
410,,,1022,276,,
411,,,1017,287,,
412,,,1012,296,,
413,,,1008,303,,
414,1007,307,1007,307,,
415,994,316,994,316,,
416,984,325,984,325,,
417,970,334,970,334,,
418,959,342,959,342,,
419,944,359,944,359,,
420,932,371,932,371,,
421,923,384,923,384,,
422,,,904,412,,
423,,,887,438,,
424,,,873,459,,
425,,,862,475,,
426,857,485,857,485,,
427,846,507,846,507,,
428,833,532,833,532,,
429,822,561,822,561,,
430,809,590,809,590,,
431,797,619,797,619,,
432,783,657,783,657,,
433,,,769,677,,
434,,,758,696,,
435,,,748,711,,
436,,,741,723,,
437,737,730,737,730,,
438,730,733,730,733,,
439,723,738,723,738,,
440,715,743,715,743,,
441,706,750,706,750,,
442,700,764,700,764,,
443,694,777,694,777,,
444,688,791,688,791,,
445,697,743,697,743,,
446,705,696,705,696,,
447,849,724,849,724,,
448,723,598,723,598,,
449,730,560,730,560,,
450,736,524,736,524,,
451,742,497,742,497,,
452,,,745,465,,
453,,,748,438,,
454,,,750,414,,
455,,,752,396,,
456,754,387,754,387,,
457,756,373,756,373,,
458,755,361,755,361,,
459,757,348,757,348,,
460,755,340,755,340,,
461,757,331,757,331,,
462,756,325,756,325,,
463,755,319,755,319,,
464,754,317,754,317,,
465,754,315,754,315,,
466,753,313,753,313,,
467,752,311,752,311,,
468,749,311,749,311,,
469,748,310,748,310,,
470,746,311,746,311,,
471,746,313,746,313,,
472,744,316,744,316,,
473,743,318,743,318,,
474,739,323,739,323,,
475,736,318,736,318,,
476,734,307,734,307,,
477,,,728,293,,
478,,,725,282,,
479,723,277,723,277,,
480,721,267,721,267,,
481,716,261,716,261,,
482,713,257,713,257,,
483,709,252,709,252,,
484,712,249,712,249,,
485,699,252,699,252,,
486,692,256,692,256,,
487,685,262,685,262,,
488,676,269,676,269,,
489,,,665,286,,
490,,,655,301,,
491,,,648,313,,
492,645,320,645,320,,
493,635,338,635,338,,
494,628,357,628,357,,
495,,,615,408,,
496,,,602,455,,
497,,,591,500,,
498,,,581,541,,
499,,,571,578,,
500,,,563,611,,
501,,,556,639,,
502,,,550,660,,
503,548,672,548,672,,
504,540,677,540,677,,
505,534,679,534,679,,
506,530,682,530,682,,
507,520,691,520,691,,
508,,,510,708,,
509,,,502,723,,
510,,,496,734,,
511,493,741,493,741,,
512,486,764,486,764,,
513,476,786,476,786,,
514,470,810,470,810,,
515,459,850,459,850,,
516,457,870,457,870,,
517,,,497,766,,
518,519,710,519,710,,
519,541,657,541,657,,
520,568,596,568,596,,
521,588,552,588,552,,
522,609,508,609,508,,
523,,,630,471,,
524,,,650,439,,
525,,,666,412,,
526,,,679,391,,
527,686,380,686,380,,
528,697,365,697,365,,
529,710,353,710,353,,
530,721,342,721,342,,
531,731,333,731,333,,
532,740,325,740,325,,
533,748,322,748,322,,
534,756,318,756,318,,
535,765,318,765,318,,
536,772,317,772,317,,
537,779,317,779,317,,
538,788,319,788,319,,
539,793,320,793,320,,
540,798,324,798,324,,
541,806,329,806,329,,
542,812,333,812,333,,
543,814,320,814,320,,
544,818,306,818,306,,
545,,,819,285,,
546,821,275,821,275,,
547,823,265,823,265,,
548,828,253,828,253,,
549,828,244,828,244,,
550,830,237,830,237,,
551,833,233,833,233,,
552,828,234,828,234,,
553,817,238,817,238,,
554,803,245,803,245,,
555,792,255,792,255,,
556,778,267,778,267,,
557,768,278,768,278,,
558,,,747,299,,
559,737,311,737,311,,
560,722,328,722,328,,
561,708,352,708,352,,
562,,,682,395,,
563,,,660,433,,
564,,,641,466,,
565,,,626,491,,
566,619,505,619,505,,
567,603,540,603,540,,
568,579,589,579,589,,
569,,,550,648,,
570,535,681,535,681,,
571,520,696,520,696,,
572,773,908,773,908,,
573,,,571,780,,
574,462,710,462,710,,
575,444,719,444,719,,
576,424,731,424,731,,
577,403,746,403,746,,
578,383,763,383,763,,
579,359,786,359,786,,
580,335,808,335,808,,
581,,,304,848,,
582,288,870,288,870,,
583,,,246,934,,
584,,,213,983,,
585,196,1011,196,1011,,
586,172,1046,172,1046,,
587,,,172,1046,,
588,,,172,1046,,
589,,,172,1046,,
590,,,172,1046,,