delta_y,velocity,frame,velocity_rolling_mean,delta_velocity
0,0,0,0,
-1,-1,1,0,0.0
-1,-1,2,-1,-1.0
-1,-1,3,-1,0.0
-1,-1,4,-1,0.0
-1,-1,5,-1,0.0
-1,-1,6,-1,0.0
0,1,7,-1,0.0
-1,-1,8,-1,0.0
0,0,9,0,1.0
-1,-1,10,0,0.0
0,0,11,0,0.0
0,1,12,0,0.0
26,37,13,7,7.0
23,33,14,14,7.0
22,31,15,20,6.0
19,27,16,26,6.0
16,23,17,30,4.0
13,17,18,26,-4.0
7,9,19,21,-5.0
33,44,20,24,3.0
46,57,21,30,6.0
26,32,22,32,2.0
36,43,23,37,5.0
65,74,24,50,13.0
51,58,25,53,3.0
28,31,26,48,-5.0
63,72,27,56,8.0
36,40,28,55,-1.0
-6,-21,29,36,-19.0
-7,-30,30,18,-18.0
2,18,31,16,-2.0
-2,-38,32,-6,-22.0
-1,-20,33,-18,-12.0
5,22,34,-10,8.0
6,29,35,2,12.0
9,27,36,4,2.0
11,24,37,16,12.0
-49,-100,38,0,-16.0
-37,-78,39,-20,-20.0
-20,-42,40,-34,-14.0
-18,-48,41,-49,-15.0
-17,-55,42,-65,-16.0
-15,-53,43,-55,10.0
-14,-49,44,-49,6.0
-13,-45,45,-50,-1.0
-13,-43,46,-49,1.0
-11,-38,47,-46,3.0
-9,-33,48,-42,4.0
-9,-29,49,-38,4.0
-6,-21,50,-33,5.0
-3,-12,51,-27,6.0
2,28,52,-13,14.0
2,16,53,-4,9.0
-3,-24,54,-3,1.0
-1,-21,55,-3,0.0
-2,-17,56,-4,-1.0
0,9,57,-7,-3.0
-20,-23,58,-15,-8.0
-16,-18,59,-14,1.0
-16,-20,60,-14,0.0
-12,-15,61,-13,1.0
-11,-13,62,-18,-5.0
-7,-7,63,-15,3.0
-6,-6,64,-12,3.0
-6,-6,65,-9,3.0
-6,-6,66,-8,1.0
-5,-5,67,-6,2.0
-5,-5,68,-6,0.0
-5,-5,69,-5,1.0
-5,-5,70,-5,0.0
-4,-4,71,-5,0.0
-4,-4,72,-5,0.0
-4,-4,73,-4,1.0
-3,-3,74,-4,0.0
-2,-2,75,-3,1.0
-2,-2,76,-3,0.0
-1,-1,77,-2,1.0
-21,-21,78,-6,-4.0
-8,-8,79,-7,-1.0
62,62,80,6,13.0
4,12,81,9,3.0
2,13,82,12,3.0
8,22,83,20,8.0
6,18,84,25,5.0
6,14,85,16,-9.0
3,7,86,15,-1.0
7,15,87,15,0.0
7,15,88,14,-1.0
10,19,89,14,0.0
11,18,90,15,1.0
11,17,91,17,2.0
14,21,92,18,1.0
14,22,93,19,1.0
27,35,94,23,4.0
25,32,95,25,2.0
22,28,96,28,3.0
18,23,97,28,0.0
15,19,98,27,-1.0
8,10,99,22,-5.0
25,30,100,22,0.0
26,32,101,23,1.0
29,33,102,25,2.0
30,36,103,28,3.0
41,47,104,36,8.0
23,25,105,35,-1.0
36,40,106,36,1.0
10,14,107,32,-4.0
-5,-13,108,23,-9.0
-2,-10,109,11,-12.0
-2,-12,110,4,-7.0
1,10,111,-2,-6.0
1,11,112,-3,-1.0
8,13,113,2,5.0
2,8,114,6,4.0
11,17,115,12,6.0
8,11,116,12,0.0
13,17,117,13,1.0
-82,-83,118,-6,-19.0
-61,-62,119,-20,-14.0
-58,-60,120,-35,-15.0
-50,-51,121,-48,-13.0
-43,-44,122,-60,-12.0
-36,-37,123,-51,9.0
-28,-29,124,-44,7.0
-15,-15,125,-35,9.0
-21,-21,126,-29,6.0
-15,-16,127,-24,5.0
-10,-11,128,-18,6.0
-8,-8,129,-14,4.0
-4,-5,130,-12,2.0
-2,-2,131,-8,4.0
-2,-2,132,-6,2.0
-1,-1,133,-4,2.0
2,2,134,-2,2.0
2,3,135,0,2.0
5,5,136,1,1.0
-5,-5,137,1,0.0
-26,-26,138,-4,-5.0
-14,-14,139,-7,-3.0
-16,-16,140,-11,-4.0
-15,-15,141,-15,-4.0
-11,-11,142,-16,-1.0
-12,-12,143,-14,2.0
-7,-7,144,-12,2.0
5,13,145,-6,6.0
5,12,146,-1,5.0
4,9,147,3,4.0
3,9,148,7,4.0
3,6,149,10,3.0
2,4,150,8,-2.0
11,17,151,9,1.0
14,19,152,11,2.0
24,31,153,15,4.0
18,23,154,19,4.0
11,14,155,21,2.0
24,28,156,23,2.0
19,22,157,24,1.0
44,50,158,27,3.0
40,45,159,32,5.0
34,38,160,37,5.0
25,29,161,37,0.0
15,17,162,36,-1.0
45,49,163,36,0.0
42,46,164,36,0.0
41,47,165,38,2.0
1,16,166,35,-3.0
5,16,167,35,0.0
6,18,168,29,-6.0
10,22,169,24,-5.0
13,22,170,19,-5.0
12,25,171,21,2.0
17,24,172,22,1.0
22,31,173,25,3.0
22,31,174,27,2.0
-79,-91,175,4,-23.0
-61,-70,176,-15,-19.0
-33,-38,177,-27,-12.0
-67,-80,178,-50,-23.0
-46,-59,179,-68,-18.0
-39,-49,180,-59,9.0
-30,-38,181,-53,6.0
-16,-20,182,-49,4.0
-23,-33,183,-40,9.0
-15,-24,184,-33,7.0
-13,-21,185,-27,6.0
-11,-21,186,-24,3.0
-8,-17,187,-23,1.0
-4,-14,188,-19,4.0
-1,-18,189,-18,1.0
0,15,190,-11,7.0
0,12,191,-4,7.0
0,10,192,1,5.0
0,5,193,5,4.0
6,14,194,11,6.0
5,10,195,10,-1.0
-3,-6,196,7,-3.0
-24,-25,197,0,-7.0
-18,-19,198,-5,-5.0
-9,-9,199,-10,-5.0
-13,-15,200,-15,-5.0
-13,-13,201,-16,-1.0
-12,-13,202,-14,2.0
-6,-6,203,-11,3.0
-4,-4,204,-10,1.0
5,10,205,-5,5.0
17,24,206,2,7.0
17,24,207,10,8.0
14,21,208,15,5.0
13,18,209,19,4.0
11,16,210,21,2.0
9,12,211,18,-3.0
5,7,212,15,-3.0
20,25,213,16,1.0
18,22,214,16,0.0
23,26,215,18,2.0
44,48,216,26,8.0
40,43,217,33,7.0
33,36,218,35,2.0
25,27,219,36,1.0
15,16,220,34,-2.0
39,42,221,33,-1.0
43,45,222,33,0.0
35,38,223,34,1.0
-1,-17,224,25,-9.0
3,15,225,25,0.0
3,14,226,19,-6.0
10,18,227,14,-5.0
10,19,228,10,-4.0
11,18,229,17,7.0
14,22,230,18,1.0
18,24,231,20,2.0
21,25,232,22,2.0
28,36,233,25,3.0
8,10,234,23,-2.0
5,6,235,20,-3.0
-55,-194,236,-23,-43.0
-109,-145,237,-57,-34.0
-54,-63,238,-77,-20.0
-49,-57,239,-91,-14.0
-37,-47,240,-101,-10.0
-33,-42,241,-71,30.0
-29,-37,242,-49,22.0
-25,-31,243,-43,6.0
-19,-24,244,-36,7.0
-10,-12,245,-29,7.0
-12,-21,246,-25,4.0
-10,-13,247,-20,5.0
-7,-18,248,-18,2.0
-4,-11,249,-15,3.0
-2,-11,250,-15,0.0
-2,-11,251,-13,2.0
1,9,252,-8,5.0
1,8,253,-3,5.0
2,9,254,1,4.0
3,8,255,5,4.0
-3,-7,256,5,0.0
-23,-24,257,-1,-6.0
-18,-18,258,-6,-5.0
-15,-16,259,-11,-5.0
-7,-7,260,-14,-3.0
-14,-14,261,-16,-2.0
-8,-10,262,-13,3.0
-10,-11,263,-12,1.0
-3,-3,264,-9,3.0
16,20,265,-4,5.0
15,19,266,3,7.0
14,17,267,8,5.0
12,15,268,14,6.0
11,14,269,17,3.0
9,12,270,15,-2.0
8,9,271,13,-2.0
4,5,272,11,-2.0
18,21,273,12,1.0
22,23,274,14,2.0
22,24,275,16,2.0
43,45,276,24,8.0
37,39,277,30,6.0
29,31,278,32,2.0
16,17,279,31,-1.0
29,30,280,32,1.0
39,42,281,32,0.0
34,36,282,31,-1.0
26,28,283,31,0.0
15,16,284,30,-1.0
4,8,285,26,-4.0
4,12,286,20,-6.0
10,13,287,15,-5.0
10,16,288,13,-2.0
15,17,289,13,0.0
15,19,290,15,2.0
21,24,291,18,3.0
23,26,292,20,2.0
24,26,293,22,2.0
31,34,294,26,4.0
-44,-45,295,13,-13.0
-24,-25,296,3,-10.0
-63,-63,297,-15,-18.0
-64,-64,298,-33,-18.0
-58,-58,299,-51,-18.0
-40,-40,300,-50,1.0
-44,-44,301,-54,-4.0
-36,-36,302,-48,6.0
-28,-28,303,-41,7.0
-15,-15,304,-33,8.0
-16,-16,305,-28,5.0
-18,-18,306,-23,5.0
-9,-9,307,-17,6.0
-11,-11,308,-14,3.0
-7,-7,309,-12,2.0
-4,-4,310,-10,2.0
-4,-5,311,-7,3.0
0,2,312,-5,2.0
0,0,313,-3,2.0
1,2,314,-1,2.0
3,3,315,0,1.0
5,5,316,2,2.0
9,9,317,4,2.0
0,1,318,4,0.0
-18,-18,319,0,-4.0
-22,-22,320,-5,-5.0
-11,-11,321,-8,-3.0
-16,-16,322,-13,-5.0
-10,-10,323,-15,-2.0
-12,-12,324,-14,1.0
-12,-12,325,-12,2.0
-6,-6,326,-11,1.0
-6,-6,327,-9,2.0
524,615,328,116,125.0
-144,-161,329,86,-30.0
-126,-141,330,60,-26.0
-107,-120,331,37,-23.0
-82,-92,332,20,-17.0
-45,-51,333,-113,-133.0
9,16,334,-78,35.0
14,23,335,-45,33.0
10,18,336,-17,28.0
13,19,337,5,22.0
24,35,338,22,17.0
14,19,339,23,1.0
19,26,340,23,0.0
17,22,341,24,1.0
41,51,342,31,7.0
36,44,343,32,1.0
31,38,344,36,4.0
24,29,345,37,1.0
13,15,346,35,-2.0
33,40,347,33,-2.0
37,43,348,33,0.0
29,36,349,33,0.0
4,19,350,31,-2.0
3,19,351,31,0.0
4,21,352,28,-3.0
8,18,353,23,-5.0
15,33,354,22,-1.0
9,17,355,22,0.0
14,25,356,23,1.0
14,25,357,24,1.0
19,29,358,26,2.0
34,46,359,28,2.0
31,41,360,33,5.0
26,34,361,35,2.0
20,26,362,35,0.0
12,15,363,32,-3.0
-72,-99,364,3,-29.0
-39,-54,365,-16,-19.0
-40,-55,366,-33,-17.0
-48,-67,367,-52,-19.0
-28,-38,368,-63,-11.0
-34,-48,369,-52,11.0
-27,-38,370,-49,3.0
-26,-37,371,-46,3.0
-21,-33,372,-39,7.0
-20,-32,373,-38,1.0
-18,-30,374,-34,4.0
-17,-27,375,-32,2.0
-16,-25,376,-29,3.0
-14,-23,377,-27,2.0
-12,-20,378,-25,2.0
-11,-17,379,-22,3.0
-8,-13,380,-20,2.0
-4,-7,381,-16,4.0
-4,-13,382,-14,2.0
-3,-11,383,-12,2.0
-5,-9,384,-11,1.0
-1,-11,385,-10,1.0
-1,-9,386,-11,-1.0
-1,-9,387,-10,1.0
0,10,388,-6,4.0
2,6,389,-3,3.0
2,8,390,1,4.0
3,7,391,4,3.0
-10,-11,392,4,0.0
-10,-10,393,0,-4.0
-11,-11,394,-3,-3.0
-10,-10,395,-7,-4.0
97,125,396,17,24.0
88,113,397,41,24.0
78,100,398,63,22.0
65,83,399,82,19.0
51,66,400,97,15.0
28,35,401,79,-18.0
0,11,402,59,-20.0
0,10,403,41,-18.0
0,10,404,26,-15.0
0,7,405,15,-11.0
0,6,406,9,-6.0
1,4,407,7,-2.0
-85,-92,408,-13,-20.0
-78,-84,409,-32,-19.0
-70,-76,410,-48,-16.0
-62,-67,411,-63,-15.0
-53,-57,412,-75,-12.0
-40,-43,413,-65,10.0
-22,-24,414,-53,12.0
9,15,415,-35,18.0
9,13,416,-19,16.0
9,16,417,-5,14.0
8,13,418,7,12.0
17,22,419,16,9.0
12,16,420,16,0.0
13,15,421,16,0.0
28,33,422,20,4.0
26,31,423,23,3.0
21,25,424,24,1.0
16,19,425,25,1.0
10,11,426,24,-1.0
22,24,427,22,-2.0
22,24,428,21,-1.0
32,34,429,22,1.0
29,31,430,25,3.0
29,31,431,29,4.0
38,40,432,32,3.0
20,24,433,32,0.0
19,21,434,29,-3.0
15,18,435,27,-2.0
12,13,436,23,-4.0
7,8,437,17,-6.0
3,7,438,13,-4.0
5,8,439,11,-2.0
5,9,440,9,-2.0
7,11,441,9,0.0
14,15,442,10,1.0
13,14,443,11,1.0
14,15,444,13,2.0
-48,-48,445,1,-12.0
-47,-47,446,-10,-11.0
-46,-46,447,-22,-12.0
-52,-52,448,-36,-14.0
-38,-38,449,-46,-10.0
-36,-36,450,-44,2.0
-28,-28,451,-40,4.0
-32,-32,452,-37,3.0
-27,-27,453,-32,5.0
-23,-23,454,-29,3.0
-18,-18,455,-26,3.0
-9,-9,456,-22,4.0
-13,-13,457,-18,4.0
-13,-13,458,-15,3.0
-13,-13,459,-13,2.0
-8,-8,460,-11,2.0
-9,-9,461,-11,0.0
-6,-6,462,-10,1.0
-6,-6,463,-8,2.0
-2,-2,464,-6,2.0
-2,-2,465,-5,1.0
-2,-2,466,-4,1.0
-2,-2,467,-3,1.0
0,3,468,-1,2.0
-1,-1,469,-1,0.0
1,2,470,0,1.0
2,2,471,1,1.0
3,3,472,2,1.0
2,2,473,2,0.0
5,6,474,3,1.0
-5,-5,475,2,-1.0
-11,-11,476,-1,-3.0
-14,-15,477,-5,-4.0
-11,-11,478,-7,-2.0
-5,-5,479,-9,-2.0
-10,-10,480,-10,-1.0
-6,-7,481,-10,0.0
-4,-5,482,-8,2.0
-5,-6,483,-7,1.0
-3,-4,484,-6,1.0
3,13,485,-2,4.0
4,8,486,1,3.0
6,9,487,4,3.0
7,11,488,7,3.0
17,20,489,12,5.0
15,18,490,13,1.0
12,13,491,14,1.0
7,7,492,14,0.0
18,20,493,16,2.0
19,20,494,16,0.0
51,52,495,22,6.0
47,48,496,29,7.0
45,46,497,37,8.0
41,42,498,42,5.0
37,38,499,45,3.0
33,33,500,41,-4.0
28,28,501,37,-4.0
21,21,502,32,-5.0
12,12,503,26,-6.0
5,9,504,21,-5.0
2,6,505,15,-6.0
3,5,506,11,-4.0
9,13,507,9,-2.0
17,19,508,10,1.0
15,17,509,12,2.0
11,12,510,13,1.0
7,7,511,14,1.0
23,24,512,16,2.0
22,23,513,17,1.0
24,25,514,18,1.0
40,41,515,24,6.0
20,20,516,27,3.0
-104,-111,517,0,-27.0
-56,-60,518,-17,-17.0
-53,-57,519,-33,-16.0
-61,-66,520,-55,-22.0
-44,-48,521,-68,-13.0
-44,-48,522,-56,12.0
-37,-42,523,-52,4.0
-32,-37,524,-48,4.0
-27,-31,525,-41,7.0
-21,-24,526,-36,5.0
-11,-13,527,-29,7.0
-15,-18,528,-25,4.0
-12,-17,529,-21,4.0
-11,-15,530,-17,4.0
-9,-13,531,-15,2.0
-6,-11,532,-15,0.0
-5,-8,533,-13,2.0
-4,-8,534,-11,2.0
0,9,535,-6,5.0
-1,-7,536,-5,1.0
0,7,537,-1,4.0
2,9,538,2,3.0
1,5,539,5,3.0
4,6,540,4,-1.0
5,9,541,7,3.0
4,7,542,7,0.0
-13,-13,543,3,-4.0
-14,-14,544,-1,-4.0
-21,-21,545,-6,-5.0
-10,-10,546,-10,-4.0
-10,-10,547,-14,-4.0
-12,-13,548,-14,0.0
-9,-9,549,-13,1.0
-7,-7,550,-10,3.0
-4,-5,551,-9,1.0
1,5,552,-6,3.0
4,11,553,-1,5.0
7,15,554,4,5.0
10,14,555,8,4.0
12,18,556,13,5.0
11,14,557,14,1.0
21,29,558,18,4.0
12,15,559,18,0.0
17,22,560,20,2.0
24,27,561,21,1.0
42,48,562,28,7.0
38,43,563,31,3.0
32,36,564,35,4.0
25,29,565,37,2.0
14,15,566,34,-3.0
37,41,567,33,-1.0
49,54,568,35,2.0
59,65,569,41,6.0
33,36,570,42,1.0
231,345,571,108,66.0
-4,-19,572,96,-12.0
-128,-238,573,38,-58.0
-69,-129,574,-1,-39.0
8,20,575,-4,-3.0
12,23,576,-69,-65.0
15,25,577,-60,9.0
17,26,578,-7,53.0
23,33,579,25,32.0
22,32,580,28,3.0
40,50,581,33,5.0
22,27,582,34,1.0
64,76,583,44,10.0
49,59,584,49,5.0
28,32,585,49,0.0
35,42,586,47,-2.0
0,0,587,42,-5.0
0,0,588,27,-15.0
0,0,589,15,-12.0
0,0,590,8,-7.0