single_centre_point,clean_centre_point,complete_centre_point,velocity_vector,velocity,velocity_delta,frame
"(1017, 98)","(1017, 98)","(1017, 98)",0,0,,0
,,"(1016, 96)",-2,2,,1
,,"(1017, 95)",-1,1,1.0,2
,,"(1017, 95)",0,0,1.0,3
,,"(1017, 94)",-1,1,-1.0,4
,,"(1017, 93)",-1,1,0.0,5
,,"(1018, 92)",-1,1,0.0,6
,,"(1018, 92)",0,0,1.0,7
,,"(1018, 91)",-1,1,-1.0,8
,,"(1018, 91)",0,0,1.0,9
,,"(1019, 90)",-1,1,-1.0,10
,,"(1019, 89)",-1,1,0.0,11
"(1020, 90)","(1020, 90)","(1020, 90)",1,1,2.0,12
,,"(997, 111)",31,31,30.0,13
,,"(976, 131)",29,29,-2.0,14
,,"(955, 151)",29,29,0.0,15
,,"(936, 170)",26,26,-3.0,16
,,"(918, 188)",25,25,-1.0,17
,,"(902, 204)",22,22,-3.0,18
"(890, 217)","(890, 217)","(890, 217)",17,17,-5.0,19
"(859, 250)","(859, 250)","(859, 250)",45,45,28.0,20
,,"(828, 289)",49,49,4.0,21
"(806, 321)","(806, 321)","(806, 321)",38,38,-11.0,22
"(780, 358)","(780, 358)","(780, 358)",45,45,7.0,23
,,"(749, 412)",62,62,17.0,24
,,"(721, 462)",57,57,-5.0,25
"(700, 501)","(700, 501)","(700, 501)",44,44,-13.0,26
,,"(670, 556)",62,62,18.0,27
"(647, 600)","(647, 600)","(647, 600)",49,49,-13.0,28
"(625, 594)","(625, 594)","(625, 594)",-22,22,-71.0,29
"(596, 588)","(596, 588)","(596, 588)",-29,29,-7.0,30
"(577, 590)","(577, 590)","(577, 590)",19,19,48.0,31
,,"(544, 588)",-33,33,-52.0,32
"(520, 587)","(520, 587)","(520, 587)",-24,24,9.0,33
"(498, 591)","(498, 591)","(498, 591)",22,22,46.0,34
"(469, 598)","(469, 598)","(469, 598)",29,29,7.0,35
"(443, 606)","(443, 606)","(443, 606)",27,27,-2.0,36
"(421, 618)","(421, 618)","(421, 618)",25,25,-2.0,37
,,"(496, 576)",-85,85,-110.0,38
,,"(563, 539)",-76,76,9.0,39
"(616, 512)","(616, 512)","(616, 512)",-59,59,17.0,40
"(661, 493)","(661, 493)","(661, 493)",-48,48,11.0,41
,,"(704, 479)",-45,45,3.0,42
,,"(746, 467)",-43,43,2.0,43
,,"(787, 454)",-43,43,0.0,44
,,"(828, 442)",-42,42,1.0,45
,,"(866, 431)",-39,39,3.0,46
,,"(904, 420)",-39,39,0.0,47
,,"(939, 409)",-36,36,3.0,48
,,"(972, 399)",-34,34,2.0,49
,,"(1002, 390)",-31,31,3.0,50
"(1026, 384)","(1026, 384)","(1026, 384)",-24,24,7.0,51
,,"(1051, 386)",25,25,49.0,52
"(1071, 388)","(1071, 388)","(1071, 388)",20,20,-5.0,53
,,"(1091, 386)",-20,20,-40.0,54
,,"(1110, 384)",-19,19,1.0,55
,,"(1127, 383)",-17,17,2.0,56
"(1141, 382)","(1141, 382)","(1141, 382)",-14,14,3.0,57
"(1154, 362)","(1154, 362)","(1154, 362)",-23,23,-9.0,58
"(1165, 346)","(1165, 346)","(1165, 346)",-19,19,4.0,59
"(1177, 330)","(1177, 330)","(1177, 330)",-20,20,-1.0,60
"(1186, 318)","(1186, 318)","(1186, 318)",-15,15,5.0,61
"(1194, 307)","(1194, 307)","(1194, 307)",-13,13,2.0,62
,,"(1193, 301)",-6,6,7.0,63
,,"(1192, 296)",-5,5,1.0,64
,,"(1192, 291)",-5,5,0.0,65
,,"(1191, 286)",-5,5,0.0,66
,,"(1191, 281)",-5,5,0.0,67
,,"(1191, 276)",-5,5,0.0,68
,,"(1190, 272)",-4,4,1.0,69
,,"(1190, 267)",-5,5,-1.0,70
,,"(1189, 263)",-4,4,1.0,71
,,"(1189, 259)",-4,4,0.0,72
,,"(1188, 255)",-4,4,0.0,73
,,"(1188, 251)",-4,4,0.0,74
,,"(1188, 247)",-4,4,0.0,75
,,"(1187, 244)",-3,3,1.0,76
"(1188, 242)","(1188, 242)","(1188, 242)",-2,2,1.0,77
"(1187, 221)","(1187, 221)","(1187, 221)",-21,21,-19.0,78
"(1189, 213)","(1189, 213)","(1189, 213)",-8,8,13.0,79
"(1190, 275)","(1190, 275)","(1190, 275)",62,62,70.0,80
"(1178, 278)","(1178, 278)","(1178, 278)",12,12,-50.0,81
"(1165, 281)","(1165, 281)","(1165, 281)",13,13,1.0,82
,,"(1147, 287)",18,18,5.0,83
,,"(1131, 293)",17,17,-1.0,84
,,"(1116, 299)",16,16,-1.0,85
"(1106, 304)","(1106, 304)","(1106, 304)",11,11,-5.0,86
"(1091, 311)","(1091, 311)","(1091, 311)",16,16,5.0,87
"(1077, 319)","(1077, 319)","(1077, 319)",16,16,0.0,88
"(1061, 328)","(1061, 328)","(1061, 328)",18,18,2.0,89
"(1045, 339)","(1045, 339)","(1045, 339)",19,19,1.0,90
"(1031, 350)","(1031, 350)","(1031, 350)",17,17,-2.0,91
"(1016, 363)","(1016, 363)","(1016, 363)",19,19,2.0,92
"(999, 378)","(999, 378)","(999, 378)",22,22,3.0,93
,,"(980, 400)",29,29,7.0,94
,,"(962, 421)",27,27,-2.0,95
,,"(945, 442)",27,27,0.0,96
,,"(929, 461)",24,24,-3.0,97
,,"(914, 478)",22,22,-2.0,98
"(904, 492)","(904, 492)","(904, 492)",17,17,-5.0,99
"(886, 518)","(886, 518)","(886, 518)",31,31,14.0,100
"(867, 544)","(867, 544)","(867, 544)",32,32,1.0,101
"(851, 573)","(851, 573)","(851, 573)",33,33,1.0,102
"(831, 603)","(831, 603)","(831, 603)",36,36,3.0,103
,,"(810, 639)",41,41,5.0,104
"(795, 667)","(795, 667)","(795, 667)",31,31,-10.0,105
"(777, 703)","(777, 703)","(777, 703)",40,40,9.0,106
"(766, 713)","(766, 713)","(766, 713)",14,14,-26.0,107
"(754, 708)","(754, 708)","(754, 708)",-13,13,-27.0,108
"(744, 706)","(744, 706)","(744, 706)",-10,10,3.0,109
"(731, 703)","(731, 703)","(731, 703)",-13,13,-3.0,110
"(721, 705)","(721, 705)","(721, 705)",10,10,23.0,111
"(711, 706)","(711, 706)","(711, 706)",10,10,0.0,112
"(700, 714)","(700, 714)","(700, 714)",13,13,3.0,113
"(692, 716)","(692, 716)","(692, 716)",8,8,-5.0,114
"(678, 727)","(678, 727)","(678, 727)",17,17,9.0,115
"(670, 735)","(670, 735)","(670, 735)",11,11,-6.0,116
"(658, 747)","(658, 747)","(658, 747)",16,16,5.0,117
"(674, 666)","(674, 666)","(674, 666)",-82,82,-98.0,118
"(690, 605)","(690, 605)","(690, 605)",-63,63,19.0,119
"(706, 546)","(706, 546)","(706, 546)",-61,61,2.0,120
"(720, 497)","(720, 497)","(720, 497)",-50,50,11.0,121
,,"(729, 460)",-38,38,12.0,122
,,"(739, 427)",-34,34,4.0,123
,,"(747, 397)",-31,31,3.0,124
"(754, 375)","(754, 375)","(754, 375)",-23,23,8.0,125
"(759, 354)","(759, 354)","(759, 354)",-21,21,2.0,126
"(764, 342)","(764, 342)","(764, 342)",-13,13,8.0,127
"(770, 329)","(770, 329)","(770, 329)",-14,14,-1.0,128
"(771, 320)","(771, 320)","(771, 320)",-9,9,5.0,129
"(774, 317)","(774, 317)","(774, 317)",-4,4,5.0,130
"(777, 314)","(777, 314)","(777, 314)",-4,4,0.0,131
"(779, 313)","(779, 313)","(779, 313)",-2,2,2.0,132
"(780, 312)","(780, 312)","(780, 312)",-1,1,1.0,133
"(780, 313)","(780, 313)","(780, 313)",1,1,2.0,134
"(782, 316)","(782, 316)","(782, 316)",3,3,2.0,135
"(784, 321)","(784, 321)","(784, 321)",5,5,2.0,136
"(784, 316)","(784, 316)","(784, 316)",-5,5,-10.0,137
,,"(784, 292)",-24,24,-19.0,138
"(786, 275)","(786, 275)","(786, 275)",-17,17,7.0,139
"(788, 260)","(788, 260)","(788, 260)",-15,15,2.0,140
"(789, 245)","(789, 245)","(789, 245)",-15,15,0.0,141
"(791, 234)","(791, 234)","(791, 234)",-11,11,4.0,142
"(790, 222)","(790, 222)","(790, 222)",-12,12,-1.0,143
"(792, 215)","(792, 215)","(792, 215)",-7,7,5.0,144
,,"(801, 218)",9,9,16.0,145
,,"(811, 222)",10,10,1.0,146
,,"(820, 226)",9,9,-1.0,147
,,"(829, 230)",9,9,0.0,148
,,"(836, 233)",7,7,-2.0,149
"(843, 237)","(843, 237)","(843, 237)",8,8,1.0,150
"(856, 248)","(856, 248)","(856, 248)",17,17,9.0,151
"(869, 262)","(869, 262)","(869, 262)",19,19,2.0,152
,,"(885, 282)",25,25,6.0,153
,,"(900, 300)",23,23,-2.0,154
"(913, 315)","(913, 315)","(913, 315)",19,19,-4.0,155
"(929, 339)","(929, 339)","(929, 339)",28,28,9.0,156
"(941, 358)","(941, 358)","(941, 358)",22,22,-6.0,157
,,"(961, 394)",41,41,19.0,158
,,"(980, 430)",40,40,-1.0,159
,,"(999, 463)",38,38,-2.0,160
,,"(1015, 492)",33,33,-5.0,161
"(1028, 516)","(1028, 516)","(1028, 516)",27,27,-6.0,162
"(1049, 561)","(1049, 561)","(1049, 561)",49,49,22.0,163
"(1068, 602)","(1068, 602)","(1068, 602)",45,45,-4.0,164
"(1090, 644)","(1090, 644)","(1090, 644)",47,47,2.0,165
"(1106, 645)","(1106, 645)","(1106, 645)",16,16,-31.0,166
"(1123, 650)","(1123, 650)","(1123, 650)",17,17,1.0,167
"(1141, 656)","(1141, 656)","(1141, 656)",18,18,1.0,168
"(1160, 665)","(1160, 665)","(1160, 665)",21,21,3.0,169
"(1179, 678)","(1179, 678)","(1179, 678)",23,23,2.0,170
"(1201, 691)","(1201, 691)","(1201, 691)",25,25,2.0,171
"(1222, 710)","(1222, 710)","(1222, 710)",28,28,3.0,172
"(1241, 730)","(1241, 730)","(1241, 730)",27,27,-1.0,173
"(1262, 752)","(1262, 752)","(1262, 752)",30,30,3.0,174
,,"(1222, 685)",-78,78,-108.0,175
,,"(1187, 625)",-69,69,9.0,176
"(1161, 579)","(1161, 579)","(1161, 579)",-52,52,17.0,177
"(1115, 512)","(1115, 512)","(1115, 512)",-81,81,-29.0,178
,,"(1084, 473)",-49,49,32.0,179
,,"(1055, 437)",-46,46,3.0,180
,,"(1030, 405)",-40,40,6.0,181
"(1011, 381)","(1011, 381)","(1011, 381)",-30,30,10.0,182
"(986, 358)","(986, 358)","(986, 358)",-33,33,-3.0,183
"(967, 343)","(967, 343)","(967, 343)",-24,24,9.0,184
"(950, 330)","(950, 330)","(950, 330)",-21,21,3.0,185
"(930, 319)","(930, 319)","(930, 319)",-22,22,-1.0,186
"(915, 311)","(915, 311)","(915, 311)",-17,17,5.0,187
"(901, 307)","(901, 307)","(901, 307)",-14,14,3.0,188
,,"(886, 306)",-15,15,-1.0,189
,,"(872, 306)",14,14,29.0,190
,,"(860, 305)",-12,12,-26.0,191
,,"(848, 305)",12,12,24.0,192
"(840, 306)","(840, 306)","(840, 306)",8,8,-4.0,193
"(828, 312)","(828, 312)","(828, 312)",13,13,5.0,194
"(819, 317)","(819, 317)","(819, 317)",10,10,-3.0,195
"(813, 313)","(813, 313)","(813, 313)",-7,7,-17.0,196
,,"(805, 293)",-21,21,-14.0,197
,,"(799, 275)",-18,18,3.0,198
"(794, 263)","(794, 263)","(794, 263)",-13,13,5.0,199
"(786, 249)","(786, 249)","(786, 249)",-16,16,-3.0,200
"(781, 237)","(781, 237)","(781, 237)",-13,13,3.0,201
,,"(775, 226)",-12,12,1.0,202
"(772, 219)","(772, 219)","(772, 219)",-7,7,5.0,203
"(772, 214)","(772, 214)","(772, 214)",-5,5,2.0,204
"(781, 219)","(781, 219)","(781, 219)",10,10,15.0,205
,,"(795, 233)",19,19,9.0,206
,,"(810, 247)",20,20,1.0,207
,,"(824, 261)",19,19,-1.0,208
,,"(837, 274)",18,18,-1.0,209
,,"(849, 286)",16,16,-2.0,210
,,"(860, 297)",15,15,-1.0,211
"(870, 306)","(870, 306)","(870, 306)",13,13,-2.0,212
"(884, 323)","(884, 323)","(884, 323)",22,22,9.0,213
"(900, 344)","(900, 344)","(900, 344)",26,26,4.0,214
"(913, 366)","(913, 366)","(913, 366)",25,25,-1.0,215
,,"(930, 402)",39,39,14.0,216
,,"(947, 438)",39,39,0.0,217
,,"(962, 471)",36,36,-3.0,218
,,"(976, 500)",32,32,-4.0,219
"(988, 524)","(988, 524)","(988, 524)",26,26,-6.0,220
"(1005, 563)","(1005, 563)","(1005, 563)",42,42,16.0,221
"(1020, 606)","(1020, 606)","(1020, 606)",45,45,3.0,222
"(1037, 640)","(1037, 640)","(1037, 640)",38,38,-7.0,223
"(1054, 640)","(1054, 640)","(1054, 640)",17,17,-21.0,224
"(1069, 642)","(1069, 642)","(1069, 642)",15,15,-2.0,225
"(1082, 646)","(1082, 646)","(1082, 646)",13,13,-2.0,226
"(1098, 655)","(1098, 655)","(1098, 655)",18,18,5.0,227
"(1115, 665)","(1115, 665)","(1115, 665)",19,19,1.0,228
"(1130, 677)","(1130, 677)","(1130, 677)",19,19,0.0,229
"(1147, 691)","(1147, 691)","(1147, 691)",22,22,3.0,230
"(1164, 709)","(1164, 709)","(1164, 709)",24,24,2.0,231
"(1178, 730)","(1178, 730)","(1178, 730)",25,25,1.0,232
"(1201, 757)","(1201, 757)","(1201, 757)",35,35,10.0,233
,,"(1206, 764)",8,8,-27.0,234
"(1212, 770)","(1212, 770)","(1212, 770)",8,8,0.0,235
"(1025, 716)",,"(1164, 686)",-96,96,-104.0,236
"(1120, 607)",,"(1121, 611)",-86,86,10.0,237
"(1088, 553)","(1088, 553)","(1088, 553)",-66,66,20.0,238
"(1057, 504)","(1057, 504)","(1057, 504)",-57,57,9.0,239
,,"(1033, 473)",-39,39,18.0,240
,,"(1010, 444)",-37,37,2.0,241
,,"(988, 417)",-34,34,3.0,242
,,"(968, 391)",-32,32,2.0,243
,,"(950, 368)",-29,29,3.0,244
"(936, 351)","(936, 351)","(936, 351)",-22,22,7.0,245
"(918, 338)","(918, 338)","(918, 338)",-22,22,0.0,246
"(908, 329)","(908, 329)","(908, 329)",-13,13,9.0,247
"(892, 322)","(892, 322)","(892, 322)",-17,17,-4.0,248
"(881, 317)","(881, 317)","(881, 317)",-12,12,5.0,249
"(870, 316)","(870, 316)","(870, 316)",-11,11,1.0,250
"(859, 314)","(859, 314)","(859, 314)",-11,11,0.0,251
"(849, 315)","(849, 315)","(849, 315)",10,10,21.0,252
"(842, 316)","(842, 316)","(842, 316)",7,7,-3.0,253
"(833, 318)","(833, 318)","(833, 318)",9,9,2.0,254
"(825, 320)","(825, 320)","(825, 320)",8,8,-1.0,255
"(817, 318)","(817, 318)","(817, 318)",-8,8,-16.0,256
,,"(810, 299)",-20,20,-12.0,257
,,"(804, 281)",-18,18,2.0,258
,,"(798, 266)",-16,16,2.0,259
"(795, 254)","(795, 254)","(795, 254)",-12,12,4.0,260
"(792, 241)","(792, 241)","(792, 241)",-13,13,-1.0,261
"(786, 233)","(786, 233)","(786, 233)",-10,10,3.0,262
"(782, 223)","(782, 223)","(782, 223)",-10,10,0.0,263
"(782, 220)","(782, 220)","(782, 220)",-3,3,7.0,264
,,"(792, 232)",15,15,18.0,265
,,"(802, 245)",16,16,1.0,266
,,"(812, 257)",15,15,-1.0,267
,,"(822, 269)",15,15,0.0,268
,,"(831, 280)",14,14,-1.0,269
,,"(840, 290)",13,13,-1.0,270
,,"(847, 300)",12,12,-1.0,271
"(854, 308)","(854, 308)","(854, 308)",10,10,-2.0,272
"(865, 327)","(865, 327)","(865, 327)",21,21,11.0,273
"(873, 349)","(873, 349)","(873, 349)",23,23,2.0,274
"(884, 371)","(884, 371)","(884, 371)",24,24,1.0,275
,,"(896, 407)",37,37,13.0,276
,,"(909, 441)",36,36,-1.0,277
,,"(920, 471)",31,31,-5.0,278
"(930, 495)","(930, 495)","(930, 495)",26,26,-5.0,279
"(937, 525)","(937, 525)","(937, 525)",30,30,4.0,280
,,"(950, 557)",34,34,4.0,281
,,"(962, 588)",33,33,-1.0,282
,,"(974, 616)",30,30,-3.0,283
"(983, 638)","(983, 638)","(983, 638)",23,23,-7.0,284
"(992, 643)","(992, 643)","(992, 643)",10,10,-13.0,285
"(1004, 646)","(1004, 646)","(1004, 646)",12,12,2.0,286
"(1013, 657)","(1013, 657)","(1013, 657)",14,14,2.0,287
"(1026, 667)","(1026, 667)","(1026, 667)",16,16,2.0,288
"(1035, 681)","(1035, 681)","(1035, 681)",16,16,0.0,289
"(1047, 697)","(1047, 697)","(1047, 697)",20,20,4.0,290
"(1059, 717)","(1059, 717)","(1059, 717)",23,23,3.0,291
"(1072, 741)","(1072, 741)","(1072, 741)",27,27,4.0,292
"(1083, 765)","(1083, 765)","(1083, 765)",26,26,-1.0,293
"(1098, 796)","(1098, 796)","(1098, 796)",34,34,8.0,294
,,"(1109, 757)",-40,40,-74.0,295
"(1119, 728)","(1119, 728)","(1119, 728)",-30,30,10.0,296
"(1128, 665)","(1128, 665)","(1128, 665)",-63,63,-33.0,297
"(1132, 601)","(1132, 601)","(1132, 601)",-64,64,-1.0,298
"(1139, 543)","(1139, 543)","(1139, 543)",-58,58,6.0,299
"(1142, 503)","(1142, 503)","(1142, 503)",-40,40,18.0,300
,,"(1146, 467)",-36,36,4.0,301
,,"(1150, 433)",-34,34,2.0,302
,,"(1153, 403)",-30,30,4.0,303
"(1157, 380)","(1157, 380)","(1157, 380)",-23,23,7.0,304
"(1160, 363)","(1160, 363)","(1160, 363)",-17,17,6.0,305
"(1163, 346)","(1163, 346)","(1163, 346)",-17,17,0.0,306
"(1163, 336)","(1163, 336)","(1163, 336)",-10,10,7.0,307
"(1166, 326)","(1166, 326)","(1166, 326)",-10,10,0.0,308
"(1167, 318)","(1167, 318)","(1167, 318)",-8,8,2.0,309
"(1168, 314)","(1168, 314)","(1168, 314)",-4,4,4.0,310
"(1171, 311)","(1171, 311)","(1171, 311)",-4,4,0.0,311
"(1174, 311)","(1174, 311)","(1174, 311)",3,3,7.0,312
"(1174, 311)","(1174, 311)","(1174, 311)",0,0,-3.0,313
"(1175, 312)","(1175, 312)","(1175, 312)",1,1,1.0,314
"(1175, 315)","(1175, 315)","(1175, 315)",3,3,2.0,315
"(1176, 320)","(1176, 320)","(1176, 320)",5,5,2.0,316
"(1176, 326)","(1176, 326)","(1176, 326)",6,6,1.0,317
"(1178, 329)","(1178, 329)","(1178, 329)",3,3,-3.0,318
"(1178, 311)","(1178, 311)","(1178, 311)",-18,18,-21.0,319
,,"(1178, 292)",-19,19,-1.0,320
"(1179, 278)","(1179, 278)","(1179, 278)",-14,14,5.0,321
"(1178, 262)","(1178, 262)","(1178, 262)",-16,16,-2.0,322
"(1178, 252)","(1178, 252)","(1178, 252)",-10,10,6.0,323
"(1179, 240)","(1179, 240)","(1179, 240)",-12,12,-2.0,324
,,"(1178, 229)",-11,11,1.0,325
"(1179, 222)","(1179, 222)","(1179, 222)",-7,7,4.0,326
"(1179, 216)","(1179, 216)","(1179, 216)",-6,6,1.0,327
"(857, 740)",,"(1166, 219)",13,13,19.0,328
,,"(1155, 223)",11,11,-2.0,329
,,"(1144, 226)",11,11,0.0,330
,,"(1134, 229)",10,10,-1.0,331
,,"(1124, 232)",10,10,0.0,332
"(1118, 235)","(1118, 235)","(1118, 235)",6,6,-4.0,333
"(1104, 245)","(1104, 245)","(1104, 245)",17,17,11.0,334
"(1085, 259)","(1085, 259)","(1085, 259)",23,23,6.0,335
"(1068, 269)","(1068, 269)","(1068, 269)",19,19,-4.0,336
"(1054, 282)","(1054, 282)","(1054, 282)",19,19,0.0,337
,,"(1031, 303)",31,31,12.0,338
"(1015, 320)","(1015, 320)","(1015, 320)",23,23,-8.0,339
"(996, 339)","(996, 339)","(996, 339)",26,26,3.0,340
"(982, 356)","(982, 356)","(982, 356)",22,22,-4.0,341
,,"(956, 389)",42,42,20.0,342
,,"(932, 421)",40,40,-2.0,343
,,"(910, 451)",37,37,-3.0,344
,,"(890, 478)",33,33,-4.0,345
"(875, 500)","(875, 500)","(875, 500)",26,26,-7.0,346
"(851, 534)","(851, 534)","(851, 534)",41,41,15.0,347
"(829, 571)","(829, 571)","(829, 571)",43,43,2.0,348
"(808, 600)","(808, 600)","(808, 600)",35,35,-8.0,349
"(790, 602)","(790, 602)","(790, 602)",18,18,-17.0,350
"(770, 606)","(770, 606)","(770, 606)",20,20,2.0,351
"(749, 610)","(749, 610)","(749, 610)",21,21,1.0,352
"(732, 618)","(732, 618)","(732, 618)",18,18,-3.0,353
,,"(706, 631)",29,29,11.0,354
"(687, 643)","(687, 643)","(687, 643)",22,22,-7.0,355
"(666, 656)","(666, 656)","(666, 656)",24,24,2.0,356
"(645, 671)","(645, 671)","(645, 671)",25,25,1.0,357
"(622, 690)","(622, 690)","(622, 690)",29,29,4.0,358
,,"(596, 718)",38,38,9.0,359
,,"(572, 746)",36,36,-2.0,360
,,"(550, 772)",34,34,-2.0,361
,,"(530, 795)",30,30,-4.0,362
"(515, 813)","(515, 813)","(515, 813)",23,23,-7.0,363
,,"(575, 750)",-87,87,-110.0,364
"(622, 702)","(622, 702)","(622, 702)",-67,67,20.0,365
"(661, 662)","(661, 662)","(661, 662)",-55,55,12.0,366
"(707, 614)","(707, 614)","(707, 614)",-66,66,-11.0,367
"(735, 586)","(735, 586)","(735, 586)",-39,39,27.0,368
"(768, 551)","(768, 551)","(768, 551)",-48,48,-9.0,369
"(797, 525)","(797, 525)","(797, 525)",-38,38,10.0,370
"(824, 499)","(824, 499)","(824, 499)",-37,37,1.0,371
,,"(845, 482)",-27,27,10.0,372
,,"(867, 465)",-27,27,0.0,373
,,"(888, 449)",-26,26,1.0,374
,,"(908, 434)",-25,25,1.0,375
,,"(927, 419)",-24,24,1.0,376
,,"(946, 404)",-24,24,0.0,377
,,"(964, 390)",-22,22,2.0,378
,,"(981, 378)",-20,20,2.0,379
,,"(996, 366)",-19,19,1.0,380
"(1008, 358)","(1008, 358)","(1008, 358)",-14,14,5.0,381
"(1021, 354)","(1021, 354)","(1021, 354)",-13,13,1.0,382
"(1032, 350)","(1032, 350)","(1032, 350)",-11,11,2.0,383
"(1040, 346)","(1040, 346)","(1040, 346)",-8,8,3.0,384
"(1050, 345)","(1050, 345)","(1050, 345)",-10,10,-2.0,385
"(1059, 344)","(1059, 344)","(1059, 344)",-9,9,1.0,386
"(1068, 343)","(1068, 343)","(1068, 343)",-9,9,0.0,387
"(1079, 343)","(1079, 343)","(1079, 343)",11,11,20.0,388
"(1085, 345)","(1085, 345)","(1085, 345)",6,6,-5.0,389
"(1093, 347)","(1093, 347)","(1093, 347)",8,8,2.0,390
"(1100, 350)","(1100, 350)","(1100, 350)",7,7,-1.0,391
"(1105, 340)","(1105, 340)","(1105, 340)",-11,11,-18.0,392
"(1108, 330)","(1108, 330)","(1108, 330)",-10,10,1.0,393
"(1112, 318)","(1112, 318)","(1112, 318)",-12,12,-2.0,394
"(1116, 309)","(1116, 309)","(1116, 309)",-9,9,3.0,395
,,"(1087, 349)",49,49,58.0,396
,,"(1059, 388)",48,48,-1.0,397
,,"(1032, 427)",47,47,-1.0,398
,,"(1005, 465)",46,46,-1.0,399
,,"(979, 503)",46,46,0.0,400
"(783, 716)",,"(954, 539)",43,43,-3.0,401
,,"(930, 574)",42,42,-1.0,402
,,"(906, 607)",40,40,-2.0,403
,,"(884, 639)",38,38,-2.0,404
,,"(863, 669)",36,36,-2.0,405
,,"(844, 696)",33,33,-3.0,406
"(831, 717)","(831, 717)","(831, 717)",24,24,-9.0,407
,,"(860, 647)",-75,75,-99.0,408
,,"(889, 580)",-73,73,2.0,409
,,"(917, 515)",-70,70,3.0,410
,,"(943, 454)",-66,66,4.0,411
,,"(967, 397)",-61,61,5.0,412
,,"(989, 345)",-56,56,5.0,413
"(1007, 306)","(1007, 306)","(1007, 306)",-42,42,14.0,414
"(994, 316)","(994, 316)","(994, 316)",16,16,58.0,415
"(984, 324)","(984, 324)","(984, 324)",12,12,-4.0,416
"(970, 333)","(970, 333)","(970, 333)",16,16,4.0,417
"(959, 342)","(959, 342)","(959, 342)",14,14,-2.0,418
"(943, 359)","(943, 359)","(943, 359)",23,23,9.0,419
"(932, 370)","(932, 370)","(932, 370)",15,15,-8.0,420
"(922, 384)","(922, 384)","(922, 384)",17,17,2.0,421
,,"(905, 407)",28,28,11.0,422
,,"(891, 429)",26,26,-2.0,423
,,"(877, 450)",25,25,-1.0,424
,,"(865, 469)",22,22,-3.0,425
"(856, 484)","(856, 484)","(856, 484)",17,17,-5.0,426
"(845, 507)","(845, 507)","(845, 507)",25,25,8.0,427
"(835, 529)","(835, 529)","(835, 529)",24,24,-1.0,428
"(821, 561)","(821, 561)","(821, 561)",34,34,10.0,429
"(809, 589)","(809, 589)","(809, 589)",30,30,-4.0,430
"(797, 619)","(797, 619)","(797, 619)",32,32,2.0,431
"(783, 657)","(783, 657)","(783, 657)",40,40,8.0,432
,,"(771, 673)",20,20,-20.0,433
,,"(761, 690)",19,19,-1.0,434
,,"(751, 705)",18,18,-1.0,435
,,"(742, 719)",16,16,-2.0,436
"(736, 730)","(736, 730)","(736, 730)",12,12,-4.0,437
"(729, 733)","(729, 733)","(729, 733)",7,7,-5.0,438
"(722, 738)","(722, 738)","(722, 738)",8,8,1.0,439
"(714, 743)","(714, 743)","(714, 743)",9,9,1.0,440
"(706, 750)","(706, 750)","(706, 750)",10,10,1.0,441
"(700, 764)","(700, 764)","(700, 764)",15,15,5.0,442
"(694, 777)","(694, 777)","(694, 777)",14,14,-1.0,443
"(687, 791)","(687, 791)","(687, 791)",15,15,1.0,444
"(697, 742)","(697, 742)","(697, 742)",-50,50,-65.0,445
"(705, 696)","(705, 696)","(705, 696)",-46,46,4.0,446
"(714, 650)","(714, 650)","(714, 650)",-46,46,0.0,447
"(723, 597)","(723, 597)","(723, 597)",-53,53,-7.0,448
"(730, 560)","(730, 560)","(730, 560)",-37,37,16.0,449
"(736, 524)","(736, 524)","(736, 524)",-36,36,1.0,450
"(741, 496)","(741, 496)","(741, 496)",-28,28,8.0,451
,,"(743, 469)",-27,27,1.0,452
,,"(746, 445)",-24,24,3.0,453
,,"(749, 422)",-23,23,1.0,454
,,"(751, 401)",-21,21,2.0,455
"(754, 386)","(754, 386)","(754, 386)",-15,15,6.0,456
"(755, 373)","(755, 373)","(755, 373)",-13,13,2.0,457
"(755, 360)","(755, 360)","(755, 360)",-13,13,0.0,458
"(756, 348)","(756, 348)","(756, 348)",-12,12,1.0,459
"(755, 340)","(755, 340)","(755, 340)",-8,8,4.0,460
"(757, 331)","(757, 331)","(757, 331)",-9,9,-1.0,461
"(756, 325)","(756, 325)","(756, 325)",-6,6,3.0,462
"(755, 319)","(755, 319)","(755, 319)",-6,6,0.0,463
"(754, 317)","(754, 317)","(754, 317)",-2,2,4.0,464
"(753, 315)","(753, 315)","(753, 315)",-2,2,0.0,465
"(753, 313)","(753, 313)","(753, 313)",-2,2,0.0,466
"(752, 311)","(752, 311)","(752, 311)",-2,2,0.0,467
"(749, 310)","(749, 310)","(749, 310)",-3,3,-1.0,468
"(747, 310)","(747, 310)","(747, 310)",2,2,5.0,469
"(746, 311)","(746, 311)","(746, 311)",1,1,-1.0,470
"(745, 313)","(745, 313)","(745, 313)",2,2,1.0,471
"(744, 315)","(744, 315)","(744, 315)",2,2,0.0,472
"(743, 318)","(743, 318)","(743, 318)",3,3,1.0,473
"(739, 323)","(739, 323)","(739, 323)",6,6,3.0,474
"(736, 318)","(736, 318)","(736, 318)",-5,5,-11.0,475
"(733, 307)","(733, 307)","(733, 307)",-11,11,-6.0,476
,,"(728, 295)",-13,13,-2.0,477
,,"(725, 284)",-11,11,2.0,478
"(723, 277)","(723, 277)","(723, 277)",-7,7,4.0,479
"(721, 267)","(721, 267)","(721, 267)",-10,10,-3.0,480
"(716, 261)","(716, 261)","(716, 261)",-7,7,3.0,481
"(713, 257)","(713, 257)","(713, 257)",-5,5,2.0,482
"(709, 252)","(709, 252)","(709, 252)",-6,6,-1.0,483
"(712, 249)","(712, 249)","(712, 249)",-4,4,2.0,484
"(699, 252)","(699, 252)","(699, 252)",13,13,17.0,485
"(691, 256)","(691, 256)","(691, 256)",8,8,-5.0,486
"(684, 261)","(684, 261)","(684, 261)",8,8,0.0,487
"(676, 269)","(676, 269)","(676, 269)",11,11,3.0,488
,,"(666, 283)",17,17,6.0,489
,,"(657, 297)",16,16,-1.0,490
,,"(650, 310)",14,14,-2.0,491
"(645, 320)","(645, 320)","(645, 320)",11,11,-3.0,492
"(635, 338)","(635, 338)","(635, 338)",20,20,9.0,493
"(628, 356)","(628, 356)","(628, 356)",19,19,-1.0,494
,,"(617, 397)",42,42,23.0,495
,,"(606, 437)",41,41,-1.0,496
,,"(596, 476)",40,40,-1.0,497
,,"(587, 514)",39,39,-1.0,498
,,"(577, 551)",38,38,-1.0,499
,,"(569, 585)",34,34,-4.0,500
,,"(560, 618)",34,34,0.0,501
,,"(553, 647)",29,29,-5.0,502
"(548, 670)","(548, 670)","(548, 670)",23,23,-6.0,503
"(540, 677)","(540, 677)","(540, 677)",10,10,-13.0,504
"(534, 679)","(534, 679)","(534, 679)",6,6,-4.0,505
"(530, 682)","(530, 682)","(530, 682)",5,5,-1.0,506
"(519, 691)","(519, 691)","(519, 691)",14,14,9.0,507
,,"(511, 705)",16,16,2.0,508
,,"(504, 718)",14,14,-2.0,509
,,"(497, 730)",13,13,-1.0,510
"(493, 740)","(493, 740)","(493, 740)",10,10,-3.0,511
"(486, 763)","(486, 763)","(486, 763)",24,24,14.0,512
"(478, 786)","(478, 786)","(478, 786)",24,24,0.0,513
"(469, 809)","(469, 809)","(469, 809)",24,24,0.0,514
"(458, 850)","(458, 850)","(458, 850)",42,42,18.0,515
"(457, 869)","(457, 869)","(457, 869)",19,19,-23.0,516
,,"(491, 778)",-97,97,-116.0,517
"(518, 710)","(518, 710)","(518, 710)",-73,73,24.0,518
"(541, 657)","(541, 657)","(541, 657)",-57,57,16.0,519
"(568, 596)","(568, 596)","(568, 596)",-66,66,-9.0,520
"(588, 552)","(588, 552)","(588, 552)",-48,48,18.0,521
"(609, 508)","(609, 508)","(609, 508)",-48,48,0.0,522
,,"(627, 477)",-35,35,13.0,523
,,"(644, 448)",-33,33,2.0,524
,,"(660, 421)",-31,31,2.0,525
,,"(674, 397)",-27,27,4.0,526
"(686, 379)","(686, 379)","(686, 379)",-21,21,6.0,527
"(697, 365)","(697, 365)","(697, 365)",-17,17,4.0,528
"(709, 353)","(709, 353)","(709, 353)",-16,16,1.0,529
"(720, 342)","(720, 342)","(720, 342)",-15,15,1.0,530
"(731, 333)","(731, 333)","(731, 333)",-14,14,1.0,531
"(741, 327)","(741, 327)","(741, 327)",-11,11,3.0,532
"(748, 322)","(748, 322)","(748, 322)",-8,8,3.0,533
"(756, 318)","(756, 318)","(756, 318)",-8,8,0.0,534
"(765, 318)","(765, 318)","(765, 318)",9,9,17.0,535
"(772, 317)","(772, 317)","(772, 317)",-7,7,-16.0,536
"(778, 317)","(778, 317)","(778, 317)",6,6,13.0,537
"(787, 319)","(787, 319)","(787, 319)",9,9,3.0,538
"(793, 320)","(793, 320)","(793, 320)",6,6,-3.0,539
"(798, 323)","(798, 323)","(798, 323)",5,5,-1.0,540
"(806, 329)","(806, 329)","(806, 329)",10,10,5.0,541
"(812, 332)","(812, 332)","(812, 332)",6,6,-4.0,542
"(814, 320)","(814, 320)","(814, 320)",-12,12,-18.0,543
"(818, 305)","(818, 305)","(818, 305)",-15,15,-3.0,544
,,"(819, 287)",-18,18,-3.0,545
"(821, 275)","(821, 275)","(821, 275)",-12,12,6.0,546
"(823, 265)","(823, 265)","(823, 265)",-10,10,2.0,547
"(828, 253)","(828, 253)","(828, 253)",-13,13,-3.0,548
"(828, 244)","(828, 244)","(828, 244)",-9,9,4.0,549
"(830, 237)","(830, 237)","(830, 237)",-7,7,2.0,550
"(832, 233)","(832, 233)","(832, 233)",-4,4,3.0,551
"(828, 234)","(828, 234)","(828, 234)",4,4,8.0,552
"(817, 238)","(817, 238)","(817, 238)",11,11,7.0,553
"(803, 245)","(803, 245)","(803, 245)",15,15,4.0,554
"(792, 255)","(792, 255)","(792, 255)",14,14,-1.0,555
"(778, 267)","(778, 267)","(778, 267)",18,18,4.0,556
"(767, 278)","(767, 278)","(767, 278)",15,15,-3.0,557
,,"(748, 296)",26,26,11.0,558
"(736, 311)","(736, 311)","(736, 311)",19,19,-7.0,559
"(722, 328)","(722, 328)","(722, 328)",22,22,3.0,560
"(708, 351)","(708, 351)","(708, 351)",26,26,4.0,561
,,"(686, 386)",41,41,15.0,562
,,"(666, 421)",40,40,-1.0,563
,,"(648, 453)",36,36,-4.0,564
,,"(631, 482)",33,33,-3.0,565
"(619, 505)","(619, 505)","(619, 505)",25,25,-8.0,566
"(603, 540)","(603, 540)","(603, 540)",38,38,13.0,567
"(579, 589)","(579, 589)","(579, 589)",54,54,16.0,568
,,"(553, 640)",57,57,3.0,569
"(535, 681)","(535, 681)","(535, 681)",44,44,-13.0,570
"(792, 912)",,"(513, 689)",23,23,-21.0,571
"(773, 908)",,"(494, 697)",20,20,-3.0,572
,,"(476, 705)",19,19,-1.0,573
"(463, 711)","(463, 711)","(463, 711)",14,14,-5.0,574
"(444, 719)","(444, 719)","(444, 719)",20,20,6.0,575
"(424, 731)","(424, 731)","(424, 731)",23,23,3.0,576
"(403, 746)","(403, 746)","(403, 746)",25,25,2.0,577
"(382, 763)","(382, 763)","(382, 763)",27,27,2.0,578
"(358, 786)","(358, 786)","(358, 786)",33,33,6.0,579
"(333, 810)","(333, 810)","(333, 810)",34,34,1.0,580
,,"(307, 843)",42,42,8.0,581
"(288, 870)","(288, 870)","(288, 870)",33,33,-9.0,582
,,"(251, 923)",64,64,31.0,583
,,"(219, 972)",58,58,-6.0,584
"(195, 1010)","(195, 1010)","(195, 1010)",44,44,-14.0,585
"(172, 1046)","(172, 1046)","(172, 1046)",42,42,-2.0,586
,,"(172, 1046)",0,0,-42.0,587
,,"(172, 1046)",0,0,0.0,588
,,"(172, 1046)",0,0,0.0,589
,,"(172, 1046)",0,0,0.0,590
