Frame,velocity,acceleration,x1,y1,x2,y2,xc,yc,deltaY
0,0,0,1009.6624145507812,90.41402435302734,1025.9715576171875,107.7059555053711,1017,99,0
1,-1,0,1006.5440271294888,86.49596466842831,1028.1901237778513,109.54629957866464,1017,98,-1
2,-1,0,1006.8947743528805,85.56063873938368,1028.5408710012432,108.61097364962001,1017,97,-1
3,-1,0,1007.2283945173037,84.67098496758847,1028.8744911656663,107.7213198778248,1018,96,-1
4,-1,0,1007.5439585139633,83.82948097649637,1029.190055162326,106.8798158867327,1018,95,-1
5,-1,0,1007.8403670981232,83.03905808540304,1029.486463746486,106.08939299563937,1018,94,-1
6,-1,0,1008.1162915040389,82.30325966962802,1029.7623881524016,105.35359457986435,1018,93,-1
7,1,2,1008.3700801453589,81.62648995944151,1030.0161767937216,104.67682486967784,1019,93,0
8,-1,-2,1008.5996014066291,81.01443326272084,1030.2456980549916,104.06476817295717,1019,92,-1
9,0,1,1008.8019516758187,80.47483254488183,1030.4480483241814,103.52516745511817,1019,92,0
10,-1,-1,1008.9728275305868,80.01916359883366,1030.6189241789493,103.06949850906999,1019,91,-1
11,0,1,1009.10478289217,79.66728263461171,1030.7508795405327,102.71761754484804,1019,91,0
12,1,1,1013.4521484375,82.54305267333984,1027.7066650390625,99.74274444580078,1020,91,0
13,37,36,982.3397627933316,105.48626176944627,1003.9858594416942,128.53659667968262,993,117,26
14,33,-3,957.6555610434667,129.41094961931535,979.3016576918293,152.4612845295517,968,140,23
15,31,-2,935.3316733800467,151.04794843155312,956.9777700284093,174.09828334178948,946,162,22
16,27,-3,915.6505133295489,170.12353432665103,937.2966099779114,193.17386923688738,926,181,19
17,23,-4,899.0306439321703,186.23202312718726,920.6767405805329,209.28235803742362,909,197,16
18,17,-5,886.1962918888472,198.6714720307157,907.8423885372098,221.72180694095206,897,210,13
19,9,-7,878.6636352539062,204.59774780273438,902.6790161132812,230.03549194335938,890,217,7
20,44,34,846.8889770507812,236.7718048095703,873.6725463867188,264.7969665527344,860,250,33
21,57,13,814.2688347678555,285.01898842216616,835.9149314162181,308.06932333240246,825,296,46
22,32,-25,794.4204711914062,309.21734619140625,818.9767456054688,334.9346008300781,806,322,26
23,43,11,773.27294921875,349.8221740722656,788.8603515625,367.3550720214844,781,358,36
24,74,30,733.2677670459159,412.09116077582013,754.9138636942785,435.14149568605643,744,423,65
25,58,-16,704.7654089439386,462.7620196237798,726.4115055923012,485.8123545340161,715,474,51
26,31,-26,690.7236938476562,491.8165283203125,711.2399291992188,512.4774169921875,700,502,28
27,72,40,654.9152813772622,554.4730468761477,676.5613780256248,577.5233817863841,665,565,63
28,40,-31,634.5161743164062,585.7923583984375,661.04248046875,616.25634765625,647,601,36
29,-21,-62,614.8404541015625,583.864013671875,637.2377319335938,606.3411254882812,626,595,-6
30,-30,-8,583.072265625,575.1292114257812,609.1968383789062,602.0220947265625,596,588,-7
31,18,48,564.5677490234375,573.38525390625,591.45166015625,607.9329833984375,578,590,2
32,-38,-56,529.6830483302286,576.5354927166616,551.3291449785912,599.585827626898,540,588,-2
33,-20,18,507.98583984375,574.1937255859375,533.5808715820312,601.4667358398438,520,587,-1
34,22,42,489.0177001953125,581.6757202148438,507.2988586425781,602.9115600585938,498,592,5
35,29,7,462.6719055175781,590.4873657226562,477.129638671875,606.83154296875,469,598,6
36,27,-2,434.48419189453125,596.9834594726562,452.06195068359375,617.0408935546875,443,607,9
37,24,-2,414.24774169921875,610.1295776367188,428.63287353515625,627.340576171875,421,618,11
38,-100,-125,499.0323961552143,558.1739242637744,520.6784928035769,581.2242591740109,509,569,-49
39,-78,22,567.649184178493,520.8745420562486,589.2952808268556,543.924876966485,578,532,-37
40,-42,35,605.0147094726562,500.49884033203125,627.4663696289062,525.1078491210938,616,512,-20
41,-48,-5,646.4013671875,478.55145263671875,676.08349609375,509.79107666015625,661,494,-18
42,-55,-7,703.6806732979794,466.39447905188274,725.326769946342,489.44481396211904,714,477,-17
43,-53,2,754.2886701510433,451.1844253528745,775.9347667994059,474.2347602631108,765,462,-15
44,-49,4,801.8246528777886,436.89765458800565,823.4707495261512,459.94798949824195,812,448,-14
45,-45,3,846.075523110389,423.59821271481974,867.7216197587516,446.64854762505604,856,435,-13
46,-43,2,886.7764107186805,411.36570551014194,908.4225073670431,434.41604042037824,897,422,-13
47,-38,4,923.5854617860886,400.3028759543636,945.2315584344511,423.35321086459993,934,411,-11
48,-33,5,956.0370148617515,390.54967694255237,977.683111510114,413.60001185278867,966,402,-9
49,-29,3,983.4409164852218,382.3135316458809,1005.0870131335844,405.3638665561172,994,393,-9
50,-21,7,1004.6030154396025,375.95333797106707,1026.2491120879652,399.0036728813034,1015,387,-6
51,-12,9,1017.314208984375,374.9316101074219,1036.74755859375,394.1963195800781,1027,384,-3
52,28,40,1044.6206024897147,375.06061898250874,1066.2666991380775,398.11095389274504,1055,386,2
53,16,-11,1062.080078125,378.3708190917969,1080.472412109375,398.07232666015625,1071,388,2
54,-24,-40,1085.0610989242973,374.3719468619118,1106.70719557266,397.4222817721481,1095,385,-3
55,-21,3,1106.0746609436962,372.5961528884415,1127.720757592059,395.6464877986778,1116,384,-1
56,-17,3,1122.3019516758186,371.22483254488185,1143.9480483241814,394.27516745511815,1133,382,-2
57,9,26,1134.70361328125,374.1120300292969,1149.6505126953125,390.4644470214844,1142,382,0
58,-23,-32,1142.60888671875,349.8018493652344,1167.517333984375,375.19793701171875,1155,362,-20
59,-18,4,1154.8187255859375,334.3323059082031,1177.043701171875,358.1433410644531,1165,346,-16
60,-20,-1,1166.9461669921875,319.46514892578125,1189.0733642578125,341.3949279785156,1178,330,-16
61,-15,5,1178.2266845703125,308.70904541015625,1195.999267578125,328.4864501953125,1187,318,-12
62,-13,1,1184.0506591796875,297.1163024902344,1204.6915283203125,318.0593566894531,1194,307,-11
63,-7,5,1182.6853799968553,289.0844007183591,1204.3314766452181,312.1347356285954,1193,300,-7
64,-6,1,1182.2110654662408,282.91831182036964,1203.8571621146036,305.96864673060594,1193,294,-6
65,-6,0,1181.7546604398183,276.98504647687747,1203.400757088181,300.0353813871138,1192,288,-6
66,-6,0,1181.3168974172702,271.2941271837511,1202.962994065633,294.3444620939874,1192,282,-6
67,-5,0,1180.8986069455777,265.85635105175,1202.5447035939405,288.9066859619863,1191,277,-5
68,-5,0,1180.500741683543,260.6841026452997,1202.1468383319059,283.734437555536,1191,272,-5
69,-5,0,1180.1244096580592,255.7917863140095,1201.770506306422,278.84212122424583,1190,267,-5
70,-5,0,1179.7709217949678,251.19644409382235,1201.4170184433306,274.2467790040587,1190,262,-5
71,-4,1,1179.441862739886,246.9186763777574,1201.0879593882487,269.96901128799374,1190,258,-4
72,-4,0,1179.139202124468,242.98408837732373,1200.7852987728309,266.03442328756006,1189,254,-4
73,-4,0,1178.8654820484776,239.4257273894501,1200.5115786968404,262.4760622996864,1189,250,-4
74,-3,1,1178.6241652713186,236.28860928638127,1200.2702619196814,259.3389441966176,1189,247,-3
75,-2,1,1178.4203839235986,233.63945176602277,1200.0664805719614,256.68978667625913,1189,245,-2
76,-2,0,1178.263017972401,231.59369440045285,1199.9091146207638,254.6440293106892,1189,243,-2
77,-1,1,1181.281982421875,233.670654296875,1196.88037109375,251.5431671142578,1189,242,-1
78,-21,-20,1178.2880859375,211.6127471923828,1196.6260986328125,231.49044799804688,1187,221,-21
79,-8,12,1182.3768310546875,205.50146484375,1197.0447998046875,222.09732055664062,1189,213,-8
80,62,70,1178.2490234375,261.94970703125,1203.6822509765625,289.27142333984375,1190,275,62
81,12,-49,1166.717529296875,266.80224609375,1190.787841796875,291.9910888671875,1178,279,4
82,13,0,1158.034912109375,272.1459045410156,1173.5174560546875,291.69635009765625,1165,281,2
83,22,9,1133.49857579328,277.5358943296003,1155.1446724416428,300.5862292398366,1144,289,8
84,18,-3,1116.0366017208216,284.34310456123654,1137.6826983691844,307.39343947147285,1126,295,6
85,14,-4,1102.5519516758186,289.59983254488185,1124.1980483241814,312.65016745511815,1113,301,6
86,7,-6,1093.9210205078125,291.8810119628906,1119.387451171875,317.334228515625,1106,304,3
87,15,8,1084.903564453125,303.3598937988281,1099.470947265625,319.4285888671875,1092,311,7
88,15,0,1064.0120849609375,301.5384826660156,1093.4503173828125,334.52337646484375,1078,318,7
89,19,4,1051.209716796875,317.7834167480469,1071.320556640625,339.42950439453125,1061,328,10
90,18,-1,1037.8192138671875,330.8410949707031,1054.4666748046875,348.4848937988281,1046,339,11
91,17,0,1018.9396362304688,337.89361572265625,1045.8927001953125,364.0016174316406,1032,350,11
92,21,3,1007.514404296875,354.4521789550781,1025.965576171875,373.8776550292969,1016,364,14
93,22,0,992.726806640625,370.497802734375,1007.0152587890625,386.99432373046875,999,378,14
94,35,13,965.4459002355281,393.9913684989178,987.0919968838907,417.0417034091541,976,405,27
95,32,-2,944.8884018012413,418.87676134042283,966.5344984496039,441.92709625065913,955,430,25
96,28,-4,926.7645237821797,440.8161926266554,948.4106204305423,463.8665275368917,937,452,22
97,23,-4,911.4597102001569,459.3430722259462,933.1058068485195,482.3934071361825,922,470,18
98,19,-4,899.6408829414966,473.6500736443245,921.2869795898591,496.7004085545608,910,485,15
99,10,-9,893.4640502929688,480.5640563964844,915.509765625,505.9098815917969,904,493,8
100,30,20,872.407470703125,504.25323486328125,901.559326171875,532.9078369140625,886,518,25
101,32,1,856.1906127929688,533.2882690429688,878.0856323242188,556.0523071289062,867,544,26
102,33,0,844.0969848632812,565.0794677734375,858.4297485351562,581.156494140625,851,573,29
103,36,2,822.1029052734375,594.362060546875,840.32958984375,613.4758911132812,831,603,30
104,47,11,796.9048737371766,632.8474155469123,818.5509703855391,655.8977504571487,807,644,41
105,25,-21,783.42626953125,655.14990234375,807.2435302734375,680.4398803710938,795,667,23
106,40,14,767.98828125,693.2539672851562,787.5089721679688,714.5512084960938,777,703,36
107,14,-25,755.1105346679688,702.1937255859375,777.7035522460938,724.4917602539062,766,713,10
108,-13,-27,741.0211791992188,694.8792724609375,767.4091186523438,723.1038208007812,754,708,-5
109,-10,2,731.2337036132812,691.4714965820312,758.4010620117188,721.4918212890625,744,706,-2
110,-12,-1,722.5723266601562,693.547119140625,741.6090698242188,714.716796875,732,704,-2
111,10,22,709.7681274414062,692.0513305664062,734.9465942382812,718.97900390625,722,705,1
112,11,0,699.8578491210938,694.428466796875,723.7882690429688,719.4384155273438,711,706,1
113,13,2,686.46484375,694.82177734375,715.1961059570312,734.0843505859375,700,714,8
114,8,-5,676.1500244140625,699.0422973632812,708.9052124023438,733.7759399414062,692,716,2
115,17,9,669.0000610351562,716.5950317382812,688.9464721679688,738.0608520507812,678,727,11
116,11,-6,656.513427734375,722.4183349609375,684.6948852539062,749.5443115234375,670,735,8
117,17,6,650.191162109375,739.72412109375,666.0234375,756.3585205078125,658,748,13
118,-83,-101,661.91845703125,652.9783325195312,688.1221313476562,680.7880249023438,675,666,-82
119,-62,20,679.6188354492188,593.712158203125,701.9379272460938,617.4158935546875,690,605,-61
120,-60,2,697.2696533203125,537.5934448242188,715.04736328125,556.624755859375,706,547,-58
121,-51,8,707.0553588867188,484.499755859375,733.318359375,510.5431213378906,720,497,-50
122,-44,7,721.0933038793155,442.716156991158,742.7394005276781,465.7664919013943,731,454,-43
123,-37,7,731.1561363956474,406.60834619726126,752.80223304401,429.65868110749756,741,418,-36
124,-29,8,738.9269516758187,378.72483254488185,760.5730483241813,401.77516745511815,749,390,-28
125,-15,13,743.5281982421875,363.4905700683594,765.2598876953125,387.7366638183594,754,375,-15
126,-21,-5,752.2423706054688,345.3931579589844,767.640625,363.3023376464844,759,354,-21
127,-16,5,750.3587036132812,322.1763610839844,781.4200439453125,357.4990539550781,765,339,-15
128,-11,4,759.1701049804688,318.4341735839844,781.220947265625,340.61199951171875,770,329,-10
129,-8,3,759.9135131835938,308.6136779785156,783.6926879882812,333.7797546386719,771,321,-8
130,-5,2,765.906005859375,307.28350830078125,784.6375122070312,327.1855163574219,775,317,-4
131,-2,2,770.2322387695312,306.55682373046875,785.7097778320312,323.9264831542969,777,315,-2
132,-2,0,772.185791015625,305.4335632324219,786.8953857421875,321.47882080078125,779,313,-2
133,-1,1,773.191650390625,305.0757751464844,787.7941284179688,320.9098815917969,780,312,-1
134,2,3,772.8424072265625,305.89739990234375,788.373779296875,322.74383544921875,780,314,2
135,3,1,774.2340698242188,307.33526611328125,791.8837890625,325.9324951171875,783,316,2
136,5,1,773.6530151367188,309.7884216308594,796.1665649414062,333.8041076660156,784,321,5
137,-5,-10,775.5562133789062,306.865478515625,794.1926879882812,326.12249755859375,784,316,-5
138,-26,-21,775.1162915040389,278.6169681686128,796.7623881524015,301.6673030788491,785,290,-26
139,-14,11,773.8580932617188,261.5993957519531,800.9990844726562,290.5594482421875,787,276,-14
140,-16,-1,774.5392456054688,244.21133422851562,804.9636840820312,276.7833251953125,789,260,-16
141,-15,1,774.0562133789062,227.90753173828125,805.6422729492188,263.2705993652344,789,245,-15
142,-11,3,778.406982421875,221.96617126464844,805.5677490234375,247.3893585205078,791,234,-11
143,-12,0,777.9050903320312,209.17391967773438,803.1685180664062,235.35736083984375,790,222,-12
144,-7,4,778.8004760742188,201.7349395751953,806.0245971679688,229.94796752929688,792,215,-7
145,13,20,793.3799371858695,208.73886551000174,815.0260338342321,231.7892004202381,804,220,5
146,12,0,804.416067924276,213.49954935794185,826.0621645726386,236.5498842681782,815,225,5
147,9,-2,814.1457287555618,217.6966579518298,835.7918254039243,240.74699286206615,824,229,4
148,9,0,822.3619970995951,221.24093057082456,844.0080937479577,244.29126548106092,833,232,3
149,6,-2,828.7068412068759,223.97792214651432,850.3529378552385,247.02825705675068,839,235,3
150,4,-2,832.6604614257812,226.84913635253906,855.1564331054688,248.70675659179688,843,237,2
151,17,12,846.3762817382812,237.39349365234375,866.9163208007812,260.1425476074219,856,248,11
152,19,2,860.1090087890625,253.18560791015625,879.5343017578125,272.4668884277344,869,262,14
153,31,12,878.2263853019388,274.6252866854355,899.8724819503013,297.6756215956718,889,286,24
154,23,-7,893.7091477277042,293.27497778919843,915.3552443760668,316.32531269943473,904,304,18
155,14,-9,900.4398193359375,301.3402404785156,926.3994140625,329.41534423828125,913,315,11
156,28,14,920.0233154296875,330.1015319824219,938.322509765625,348.86993408203125,929,339,24
157,22,-6,930.6690673828125,348.12744140625,952.0279541015625,368.71142578125,941,358,19
158,50,27,954.9248191822246,391.41923560249245,976.5709158305872,414.46957051272875,965,402,44
159,45,-4,976.7430055414133,431.04306830078923,998.3891021897758,454.09340321102553,987,442,40
160,38,-7,995.1674991610467,464.5036429203535,1016.8135958094093,487.5539778305898,1005,476,34
161,29,-9,1009.3954351141194,490.34288292708317,1031.041531762482,513.3932178373195,1020,501,25
162,17,-12,1015.8167724609375,503.03173828125,1041.2080078125,530.10205078125,1028,516,15
163,49,32,1038.80029296875,549.4841918945312,1061.1160888671875,573.5310668945312,1049,561,45
164,46,-3,1060.4569091796875,594.5914916992188,1076.4932861328125,611.81787109375,1068,603,42
165,47,0,1083.9937744140625,636.2703247070312,1098.0062255859375,652.421875,1091,644,41
166,16,-30,1096.2073974609375,634.8762817382812,1117.80908203125,657.0913696289062,1107,645,1
167,16,0,1113.646728515625,640.557373046875,1133.47705078125,660.4409790039062,1123,650,5
168,18,2,1131.88671875,645.7396240234375,1151.7762451171875,667.430419921875,1141,656,6
169,22,3,1153.5234375,657.19189453125,1168.6376953125,674.868896484375,1161,666,10
170,22,0,1167.98046875,666.8377685546875,1191.0693359375,691.76513671875,1179,679,13
171,25,2,1190.4716796875,680.2244262695312,1212.98779296875,702.8883056640625,1201,691,12
172,24,0,1206.6873779296875,694.9984130859375,1232.132080078125,721.1958618164062,1219,708,17
173,31,6,1230.4952392578125,718.0426025390625,1252.668212890625,742.0689697265625,1241,730,22
174,31,0,1253.171630859375,741.1810913085938,1272.9990234375,764.1412353515625,1263,752,22
175,-91,-123,1205.698719178904,661.6441048785462,1227.3448158272668,684.6944397887826,1216,673,-79
176,-70,21,1169.8068608282658,600.7686980681502,1191.4529574766286,623.8190329783866,1180,612,-61
177,-38,32,1151.7286376953125,569.212890625,1171.266357421875,589.3253784179688,1161,579,-33
178,-80,-42,1105.633544921875,500.9700012207031,1126.38818359375,524.564208984375,1116,512,-67
179,-59,21,1068.3764522238432,454.56182846670293,1090.022548872206,477.61216337693924,1079,466,-46
180,-49,9,1037.3000576881122,415.7903267126007,1058.946154336475,438.840661622837,1048,427,-39
181,-38,11,1013.3019516758187,385.84983254488185,1034.9480483241814,408.90016745511815,1024,397,-30
182,-20,17,1001.0467529296875,371.0926208496094,1022.6162109375,392.2857971191406,1011,381,-16
183,-33,-13,974.9920043945312,346.4912109375,998.8834228515625,370.24566650390625,986,358,-23
184,-24,9,957.4484252929688,332.86224365234375,977.2410278320312,354.0619201660156,967,343,-15
185,-21,2,943.3707885742188,322.14825439453125,957.2137451171875,338.71783447265625,950,330,-13
186,-21,0,920.6277465820312,308.389404296875,941.8328247070312,331.5933837890625,931,319,-11
187,-17,4,905.1663818359375,301.0418701171875,926.5862426757812,322.8518371582031,915,311,-8
188,-14,3,894.2199096679688,298.21356201171875,908.892333984375,316.2496337890625,901,307,-4
189,-18,-3,873.1094568438147,295.1903742976818,894.7555534921772,318.2407092079181,883,306,-1
190,15,33,858.062431768512,294.93959054642676,879.7085284168746,317.98992545666306,868,306,0
191,12,-3,845.3558844446269,294.72781475769534,867.0019810929895,317.77814966793164,856,306,0
192,10,-2,835.5435148218182,294.5642752639818,857.1896114701808,317.6146101742181,846,306,0
193,5,-5,827.8225708007812,294.3569030761719,854.2157592773438,318.9554748535156,841,306,0
194,14,9,821.466796875,305.30133056640625,835.5289306640625,320.6351623535156,828,312,6
195,10,-4,808.7933959960938,305.5443420410156,830.7799682617188,329.2033996582031,819,317,5
196,-6,-17,797.4065551757812,295.7423400878906,829.3342895507812,332.3064880371094,813,314,-3
197,-25,-18,793.5192417009032,279.2357162964245,815.1653383492658,302.28605120666083,804,290,-24
198,-19,6,786.8335033806864,261.28978712110546,808.4796000290489,284.34012203134176,797,272,-18
199,-9,9,782.7802734375,251.4473876953125,806.553955078125,276.09539794921875,794,263,-9
200,-15,-5,774.7024536132812,237.8655548095703,798.2743530273438,262.94573974609375,786,250,-13
201,-13,1,775.2885131835938,230.65576171875,788.0502319335938,244.94888305664062,781,237,-13
202,-13,0,765.0053788005649,213.83879357556074,786.6514754489275,236.8891284857971,775,225,-12
203,-6,7,761.6795654296875,206.5869140625,784.3253173828125,232.01806640625,773,219,-6
204,-4,2,761.7845458984375,203.572509765625,783.69091796875,226.52088928222656,772,215,-4
205,10,14,774.065185546875,211.2345428466797,789.8155517578125,228.8525848388672,781,220,5
206,24,14,788.756543979079,226.22866519021946,810.4026406274415,249.27900010045582,799,237,17
207,24,0,805.8456067289856,242.55821404013008,827.4917033773481,265.6085489503664,816,254,17
208,21,-2,821.3006058805839,257.32632434054636,842.9467025289465,280.37665925078267,832,268,14
209,18,-2,834.9260243770824,270.346168681645,856.572121025445,293.3965035918813,845,281,13
210,16,-2,846.4320878060369,281.340851513757,868.0781844543994,304.3911864239933,857,292,11
211,12,-3,855.3174084514144,289.8312690193399,876.963505099777,312.8816039295762,866,301,9
212,7,-5,861.3180541992188,296.8468322753906,880.9484252929688,317.0999450683594,871,306,5
213,25,18,872.6753540039062,307.2160339355469,902.4592895507812,345.11602783203125,887,326,20
214,22,-3,890.4113159179688,333.6330261230469,910.6349487304688,356.2302551269531,900,344,18
215,26,4,901.673583984375,353.40875244140625,926.6788330078125,380.883544921875,914,367,23
216,48,21,924.2268619686237,400.1347773552924,945.8729586169862,423.1851122655287,935,411,44
217,43,-4,942.7848595614969,439.50782630233414,964.4309562098595,462.55816121257044,953,451,40
218,36,-7,958.4562679276219,472.756625133167,980.1023645759844,495.8069600434033,969,484,33
219,27,-8,970.5581904624194,498.4323256461832,992.2042871107819,521.4826605564195,981,509,25
220,16,-11,978.3241577148438,514.1511840820312,998.6768798828125,534.2971801757812,988,524,15
221,42,25,992.3096923828125,549.7805786132812,1018.611328125,577.2393798828125,1005,563,39
222,45,2,1011.4015502929688,596.2706298828125,1029.9793701171875,616.1347045898438,1020,606,43
223,38,-6,1026.8411865234375,629.7730102539062,1048.3026123046875,652.4857788085938,1037,641,35
224,-17,-55,1039.8116455078125,627.0977783203125,1069.453857421875,654.3651123046875,1054,640,-1
225,15,32,1062.0400390625,634.454345703125,1076.314208984375,651.6767578125,1069,643,3
226,14,0,1072.1134033203125,635.7744140625,1093.8907470703125,658.15283203125,1083,646,3
227,18,3,1088.1328125,644.526123046875,1109.74072265625,667.7761840820312,1098,656,10
228,19,1,1099.1839599609375,647.4859008789062,1131.7962646484375,684.6515502929688,1115,666,10
229,18,-1,1118.38671875,664.9456787109375,1142.5416259765625,690.9589233398438,1130,677,11
230,22,4,1138.497802734375,682.0283203125,1157.8106689453125,700.3707275390625,1148,691,14
231,24,1,1150.2239990234375,694.5223388671875,1178.392822265625,724.7576293945312,1164,709,18
232,25,1,1166.3819580078125,717.3259887695312,1191.453125,743.8390502929688,1178,730,21
233,36,10,1188.10107421875,744.6989135742188,1215.1212158203125,771.3345336914062,1201,758,28
234,10,-25,1197.2878643792926,754.8786384671693,1218.9339610276554,777.9289733774057,1208,766,8
235,6,-4,1203.3966064453125,760.9940185546875,1221.6075439453125,781.090576171875,1212,771,5
236,-194,-201,1016.2950439453125,706.7120361328125,1035.440185546875,726.7615966796875,1025,716,-55
237,-145,49,1110.82373046875,596.1078491210938,1131.853759765625,619.4249267578125,1121,607,-109
238,-63,81,1079.63232421875,544.3258666992188,1097.359130859375,563.0597534179688,1088,553,-54
239,-57,5,1046.068359375,491.586181640625,1069.5260009765625,517.0936889648438,1057,504,-49
240,-47,10,1017.2247703676591,455.8658760147297,1038.8708670160217,478.916210924966,1028,467,-37
241,-42,4,991.0410092039887,422.75748379950994,1012.6871058523512,445.80781870974624,1001,434,-33
242,-37,5,967.9569119376048,393.5685013056527,989.6030085859674,416.618836215889,978,405,-29
243,-31,5,948.4634125331336,368.9196962735528,970.1095091814962,391.9700311837891,959,380,-25
244,-24,7,933.4099588668399,349.88516395171035,955.0560555152025,372.93549886194666,944,361,-19
245,-12,11,924.1116943359375,339.4151916503906,949.6234130859375,363.9381408691406,936,351,-10
246,-21,-8,909.7940063476562,329.7505187988281,928.1690063476562,348.7009582519531,918,339,-12
247,-13,8,893.9967041015625,314.2987365722656,924.6123046875,345.5797424316406,909,329,-10
248,-18,-4,881.0025024414062,309.9469299316406,904.5489501953125,335.2623596191406,892,322,-7
249,-11,6,871.8048706054688,307.9457702636719,891.0401000976562,328.065673828125,881,318,-4
250,-11,0,860.7462158203125,306.8101806640625,880.0228271484375,326.90911865234375,870,316,-2
251,-11,0,849.478271484375,304.2738952636719,869.3538208007812,324.2198486328125,859,314,-2
252,9,20,842.9960327148438,307.5209655761719,857.989990234375,324.04998779296875,850,315,1
253,8,0,830.4376831054688,303.45501708984375,854.3206787109375,329.74908447265625,842,316,1
254,9,1,823.6148071289062,308.04937744140625,843.4462280273438,329.0045166015625,833,318,2
255,8,0,814.6472778320312,309.66058349609375,836.27880859375,332.8258056640625,825,321,3
256,-7,-16,805.9465942382812,305.41754150390625,830.4298095703125,332.2576904296875,818,318,-3
257,-24,-17,799.1158898911003,284.39453287369656,820.7619865394629,307.44486778393286,809,295,-23
258,-18,5,792.308679659464,265.7486961522581,813.9547763078266,288.7990310624944,803,277,-18
259,-16,2,787.0519516758187,251.34983254488182,808.6980483241813,274.40016745511815,797,262,-15
260,-7,8,783.7244262695312,242.52662658691406,807.8617553710938,267.71551513671875,795,255,-7
261,-14,-6,780.898681640625,227.93930053710938,805.950439453125,255.78634643554688,793,241,-14
262,-10,4,777.7890014648438,224.0646514892578,796.2991333007812,243.72679138183594,787,233,-8
263,-11,-1,772.5983276367188,212.00564575195312,792.4671020507812,234.49063110351562,782,223,-10
264,-3,8,774.4129028320312,211.16693115234375,791.7756958007812,230.7861328125,783,220,-3
265,20,23,785.0643353874859,224.62944029612666,806.7104320358485,247.67977520636302,795,236,16
266,19,0,797.0610989242973,239.66763684227053,818.7071955726599,262.71797175250686,807,251,15
267,17,-1,808.0954338833258,253.4994088331653,829.7415305316883,276.5497437434016,818,265,14
268,15,-2,818.0746609436962,266.0085807820805,839.7207575920588,289.0589156923168,828,277,12
269,14,-1,826.8725355754182,277.0369025035347,848.5186322237807,300.087237413771,837,288,11
270,12,-2,834.3019516758187,286.34983254488185,855.9480483241813,309.40016745511815,845,297,9
271,9,-2,840.0391653343034,293.5415510745317,861.685261982666,316.591885984768,850,305,8
272,5,-3,847.3969116210938,301.5042419433594,861.1536254882812,316.595703125,854,309,4
273,21,15,854.6737060546875,315.5105895996094,877.7993774414062,339.4126281738281,866,327,18
274,23,1,860.7237548828125,334.6683654785156,887.8944091796875,364.3062744140625,874,349,22
275,24,0,871.1568603515625,358.4263916015625,897.2149658203125,385.4127502441406,884,371,22
276,45,21,889.2990752452556,403.2849509400907,910.9451718936182,426.335285850327,900,414,43
277,39,-6,902.9134957085281,440.2806587207226,924.5595923568907,463.3309936309589,913,451,37
278,31,-8,913.4269516758187,468.84983254488185,935.0730483241813,491.90016745511815,924,480,29
279,17,-13,920.8515014648438,485.2569580078125,940.1006469726562,506.91943359375,930,496,16
280,30,12,926.7568359375,514.237548828125,949.29345703125,537.5137329101562,938,525,29
281,42,12,943.2990752452556,553.4296605213123,964.9451718936182,576.4799954315487,954,564,39
282,36,-5,956.9134957085281,587.1697460172486,978.5595923568907,610.220080927485,967,598,34
283,28,-8,967.4269516758187,613.2248325448818,989.0730483241813,636.2751674551182,978,624,26
284,16,-12,969.799072265625,625.9237060546875,998.7041015625,652.67041015625,984,639,15
285,8,-7,984.9064331054688,634.6653442382812,1000.9644165039062,652.5020751953125,992,643,4
286,12,3,994.3551635742188,637.2032470703125,1014.7739868164062,656.88671875,1004,647,4
287,13,0,1002.2319946289062,645.3168334960938,1024.5404052734375,669.3681030273438,1013,657,10
288,16,2,1017.8904418945312,659.37109375,1035.3564453125,676.2596435546875,1026,667,10
289,17,1,1023.0770874023438,668.9488525390625,1048.0672607421875,695.3860473632812,1035,682,15
290,19,2,1039.394287109375,688.7862548828125,1056.8529052734375,707.1643676757812,1048,697,15
291,24,4,1049.5301513671875,707.9083862304688,1070.72802734375,728.3722534179688,1060,718,21
292,26,2,1065.015869140625,733.342041015625,1080.989990234375,749.4093627929688,1073,741,23
293,26,0,1072.753173828125,755.0476684570312,1094.2164306640625,776.5870971679688,1083,765,24
294,34,8,1088.34326171875,786.4373168945312,1108.3121337890625,807.3424682617188,1098,796,31
295,-45,-80,1100.75233047336,740.5164631052244,1122.3984271217228,763.5667980154608,1111,752,-44
296,-25,20,1108.0057373046875,716.2755126953125,1131.05615234375,740.66015625,1119,728,-24
297,-63,-38,1115.50927734375,651.7556762695312,1142.12548828125,680.2218017578125,1128,665,-63
298,-64,0,1121.72900390625,590.2052612304688,1143.5994873046875,612.1036376953125,1132,601,-64
299,-58,5,1128.2373046875,531.2802124023438,1150.9892578125,555.0681762695312,1139,543,-58
300,-40,18,1135.449462890625,495.54925537109375,1150.1343994140625,511.2749938964844,1142,503,-40
301,-44,-4,1136.4341658832436,448.3656760439963,1158.0802625316064,471.4160109542326,1147,459,-44
302,-36,8,1140.8736508169195,411.96189958785453,1162.5197474652823,435.01223449809083,1151,423,-36
303,-28,7,1144.3019516758186,383.84983254488185,1165.9480483241814,406.90016745511815,1155,395,-28
304,-15,13,1147.318603515625,370.9573059082031,1167.407470703125,390.4375305175781,1157,380,-15
305,-16,-1,1151.07275390625,354.2802429199219,1170.1168212890625,373.8258361816406,1160,364,-16
306,-18,-1,1151.1590576171875,334.4173278808594,1175.4898681640625,359.5089111328125,1163,346,-18
307,-9,9,1156.18701171875,329.532470703125,1170.043701171875,344.52899169921875,1163,337,-9
308,-11,-2,1152.1231689453125,311.1164855957031,1181.9627685546875,341.49542236328125,1167,326,-11
309,-7,4,1157.710205078125,308.9901123046875,1177.2281494140625,329.8460388183594,1167,319,-7
310,-4,2,1159.8282470703125,305.9241027832031,1177.66162109375,324.3226318359375,1168,315,-4
311,-5,-1,1161.8997802734375,301.5133972167969,1182.5687255859375,321.8426513671875,1172,311,-4
312,2,7,1162.4842529296875,299.8919372558594,1186.0096435546875,323.0539855957031,1174,311,0
313,0,-2,1162.5660400390625,299.315185546875,1186.823486328125,323.1129455566406,1174,311,0
314,2,2,1162.538818359375,297.4465026855469,1189.582763671875,327.8109130859375,1176,312,1
315,3,0,1162.730712890625,300.5932922363281,1189.8372802734375,331.3284606933594,1176,315,3
316,5,2,1163.5394287109375,305.51849365234375,1190.2391357421875,335.1568908691406,1176,320,5
317,9,4,1162.75390625,309.88421630859375,1191.677978515625,349.0029602050781,1177,329,9
318,1,-8,1167.3721923828125,318.9158935546875,1189.209716796875,340.76092529296875,1178,329,0
319,-18,-19,1166.8521728515625,298.47125244140625,1190.4310302734375,324.0296630859375,1178,311,-18
320,-22,-4,1167.8233982852253,278.14209443445986,1189.469494933588,301.19242934469617,1178,289,-22
321,-11,10,1167.272705078125,266.1900634765625,1191.4598388671875,291.68072509765625,1179,278,-11
322,-16,-4,1167.6505126953125,251.50282287597656,1189.835205078125,274.0908508300781,1178,262,-16
323,-10,5,1166.63720703125,237.95635986328125,1191.972412109375,267.87176513671875,1179,252,-10
324,-12,-1,1168.05810546875,229.1732940673828,1190.1783447265625,251.7315216064453,1179,240,-12
325,-12,0,1168.1769516758186,216.83879357556074,1189.8230483241814,239.8891284857971,1179,228,-12
326,-6,6,1168.4481201171875,210.25062561035156,1191.1832275390625,234.3622283935547,1179,222,-6
327,-6,0,1168.7222900390625,205.43902587890625,1191.1097412109375,228.19509887695312,1179,216,-6
328,615,621,848.6983032226562,731.5748291015625,866.774658203125,750.0521850585938,857,740,524
329,-161,-776,920.4205541950363,585.1078759560479,942.0666508433989,608.1582108662843,931,596,-144
330,-141,20,985.8751132726024,458.71286532350643,1007.521209920965,481.76320023374274,996,470,-126
331,-120,21,1041.1485941315027,351.97786780287095,1062.7946907798655,375.02820271310725,1051,363,-107
332,-92,27,1083.8324019907209,269.5539629712776,1105.4784986390837,292.6042978815139,1094,281,-82
333,-51,41,1111.6356201171875,227.82591247558594,1125.76806640625,244.34678649902344,1118,236,-45
334,16,67,1091.4954833984375,231.02203369140625,1118.2955322265625,260.2313232421875,1104,245,9
335,23,6,1076.2442626953125,250.6787109375,1095.059814453125,269.1500244140625,1085,259,14
336,18,-4,1060.3775634765625,260.19818115234375,1077.971435546875,279.0281982421875,1069,269,10
337,19,0,1039.9193115234375,269.1107482910156,1069.941650390625,296.24395751953125,1054,282,13
338,35,15,1017.9655339089564,295.03980370233745,1039.6116305573191,318.09013861257375,1028,306,24
339,19,-16,1004.9474487304688,309.1934814453125,1026.144775390625,331.94287109375,1015,320,14
340,26,7,989.2139282226562,331.1589660644531,1004.8339233398438,347.4441833496094,997,339,19
341,22,-3,967.4859008789062,342.1026611328125,997.834716796875,370.4710998535156,982,356,17
342,51,28,941.0243774726116,385.72127838889156,962.6704741209742,408.77161329912786,951,397,41
343,44,-6,914.441299839577,422.0849223208728,936.0873964879396,445.1352572311091,925,433,36
344,38,-5,891.9930662340465,452.79241168692863,913.6391628824091,475.84274659716493,902,464,31
345,29,-9,874.6578799004178,476.5056382753831,896.3039765487804,499.5559731856194,885,488,24
346,15,-13,867.9863891601562,492.4684753417969,884.3589477539062,509.7876892089844,876,501,13
347,40,24,842.8037109375,524.842041015625,861.3966064453125,545.1173095703125,852,534,33
348,43,2,822.9946899414062,563.4293212890625,837.6416625976562,579.8125,830,571,37
349,36,-6,800.0315551757812,592.498291015625,816.251953125,609.265625,808,600,29
350,19,-16,778.4445190429688,592.8729858398438,801.4092407226562,616.9356079101562,789,604,4
351,19,0,758.0597534179688,593.9426879882812,782.5347290039062,620.3778076171875,770,607,3
352,21,2,737.5944213867188,597.6925048828125,762.3544311523438,624.5918579101562,749,611,4
353,18,-2,725.0953369140625,610.1702270507812,739.7135620117188,627.8988037109375,732,619,8
354,33,14,692.086854252516,622.9895511706433,713.7329509008786,646.0398860808797,702,634,15
355,17,-16,679.9796142578125,634.5792846679688,695.4203491210938,652.1016235351562,687,643,9
356,25,7,655.30859375,644.81689453125,678.5928344726562,669.7305908203125,666,657,14
357,25,0,634.5252685546875,660.260986328125,656.7927856445312,682.2779541015625,645,671,14
358,29,3,609.5208129882812,677.3546142578125,636.96923828125,703.5128173828125,623,690,19
359,46,16,581.4554609782115,713.4631969504901,603.101557626574,736.5135318607265,592,724,34
360,41,-4,554.3708158426668,744.3095983548603,576.0169124910294,767.3599332650967,565,755,31
361,34,-6,531.4990306596735,770.3580203688249,553.1451273080361,793.4083552790613,542,781,26
362,26,-7,513.8367653386179,790.4733780955828,535.4828619869804,813.5237130058192,524,801,20
363,15,-11,508.2942810058594,804.8089599609375,523.6981811523438,822.120849609375,515,813,12
364,-99,-114,573.3467388823384,729.7192589007352,594.992835530701,752.7695938109716,584,741,-72
365,-54,45,606.0219116210938,685.9237060546875,638.297607421875,719.2472534179688,622,702,-39
366,-55,-1,646.7051391601562,646.4468383789062,676.4951171875,678.21533203125,661,662,-40
367,-67,-11,697.2694702148438,602.3509521484375,718.7420043945312,626.9593505859375,708,614,-48
368,-38,28,723.7868041992188,574.305908203125,747.38232421875,598.9345092773438,735,586,-28
369,-48,-9,756.8955688476562,538.783447265625,781.921142578125,565.3815307617188,769,552,-34
370,-38,9,788.2219848632812,515.7884521484375,806.9924926757812,535.0401611328125,797,525,-27
371,-37,1,816.2735595703125,490.603271484375,833.69970703125,509.07733154296875,824,499,-26
372,-33,4,840.0749975186536,466.86274306749203,861.7210941670162,489.91307797772834,850,478,-21
373,-32,0,865.517269160631,447.3662196896724,887.1633658089936,470.4165545999087,876,458,-20
374,-30,2,889.4151402582298,429.0531771637951,911.0612369065924,452.1035120740314,900,440,-18
375,-27,2,911.6614793915589,412.0057107627113,933.3075760399215,435.0560456729476,922,423,-17
376,-25,2,932.1231278066564,396.32586061853345,953.769224455019,419.37619552876976,942,407,-16
377,-23,2,950.6282245181402,382.14532455158115,972.2743211665028,405.19565946181746,961,393,-14
378,-20,3,966.9426665015336,369.6434967273504,988.5887631498962,392.6938316375867,977,381,-12
379,-17,2,980.7194913614203,359.08625593798064,1002.3655880097829,382.13659084821694,991,370,-11
380,-13,4,991.3583607811089,350.9336440457193,1013.0044574294715,373.9839789559556,1002,362,-8
381,-7,6,995.5660400390625,345.4001770019531,1022.3800048828125,371.291748046875,1008,358,-4
382,-13,-6,1014.6780395507812,346.4918518066406,1028.1497802734375,363.0311279296875,1021,354,-4
383,-11,2,1019.2897338867188,338.57586669921875,1045.586181640625,363.69830322265625,1032,351,-3
384,-9,1,1028.920166015625,334.3167419433594,1052.8157958984375,359.58062744140625,1040,346,-5
385,-11,-1,1039.8798828125,333.3593444824219,1062.8255615234375,357.95416259765625,1051,345,-1
386,-9,1,1048.9993896484375,332.3818664550781,1071.74072265625,356.5966491699219,1060,344,-1
387,-9,0,1059.7535400390625,333.0892639160156,1078.3018798828125,353.50762939453125,1069,343,-1
388,10,19,1065.1619873046875,327.8873596191406,1093.7938232421875,359.3063049316406,1079,343,0
389,6,-3,1074.2431640625,333.1144714355469,1097.102783203125,357.5487976074219,1085,345,2
390,8,1,1081.2626953125,334.5526428222656,1105.921630859375,360.2415466308594,1093,347,2
391,7,0,1089.2890625,338.04400634765625,1112.005126953125,363.038818359375,1100,350,3
392,-11,-18,1093.552490234375,327.0724182128906,1118.0333251953125,354.4455871582031,1105,340,-10
393,-10,0,1099.0167236328125,321.1496887207031,1118.1739501953125,340.1990051269531,1108,330,-10
394,-11,-1,1103.67333984375,308.9880065917969,1122.2879638671875,329.3944091796875,1112,319,-11
395,-10,0,1110.210205078125,302.3090515136719,1123.7777099609375,317.5043640136719,1116,309,-10
396,125,136,1025.498634521958,394.8594423996004,1047.1447311703207,417.9097773098367,1036,406,97
397,113,-12,953.439192641774,482.93209358649216,975.0852892901365,505.98242849672846,964,494,88
398,100,-12,889.9102307433789,560.5786025734194,911.5563273917414,583.6289374836558,900,572,78
399,83,-17,836.2628315558671,626.1476460248225,857.9089282042297,649.1979809350589,847,637,65
400,66,-17,794.8347317965631,676.7819901750831,816.4808284449257,699.8323250853196,805,688,51
401,35,-30,775.6261596679688,707.4862060546875,792.1060180664062,725.5845947265625,783,716,28
402,11,-24,783.6621145088077,704.7141067705691,805.3082111571703,727.7644416808055,794,716,0
403,10,-1,794.0490610861315,704.9305014909299,815.695157734494,727.9808364011664,804,716,0
404,10,0,803.2063889273415,705.1212791542886,824.8524855757041,728.171614064525,814,716,0
405,7,-3,810.9393473687848,705.282382455152,832.5854440171473,728.3327173653884,821,716,0
406,6,-1,816.9109653521078,705.4067911631378,838.5570620004704,728.4571260733742,827,716,0
407,4,-1,823.5952758789062,708.1047973632812,840.2708740234375,726.1476440429688,831,717,1
408,-92,-96,856.5103766244166,620.834467607807,878.1564732727792,643.8848025180434,867,632,-85
409,-84,7,889.9289882242338,542.9842928582331,911.5750848725963,566.0346277684695,900,554,-78
410,-76,8,920.1520976762484,472.57818561206255,941.798194324611,495.62852052229886,930,484,-70
411,-67,8,946.7973605138455,410.5068346835693,968.4434571622081,433.5571695938056,957,422,-62
412,-57,9,969.2981067749121,358.0903235072212,990.9442034232746,381.14065841745753,980,369,-53
413,-43,14,986.6738449258725,317.6127516782795,1008.319941574235,340.6630865885158,997,329,-40
414,-24,19,994.0983276367188,293.9976501464844,1021.324462890625,320.07525634765625,1007,307,-22
415,15,39,986.0963745117188,307.8135070800781,1002.3689575195312,325.7137145996094,994,316,9
416,13,-2,971.3209228515625,311.95355224609375,998.3383178710938,338.5484619140625,984,325,9
417,16,3,963.6253662109375,326.7226867675781,977.2974853515625,341.8018798828125,970,334,9
418,13,-3,945.2385864257812,327.24969482421875,974.4735717773438,358.2933044433594,959,342,8
419,22,9,934.5364379882812,349.7579040527344,953.6390991210938,369.3316955566406,944,359,17
420,16,-5,919.6428833007812,357.5673522949219,945.87109375,384.73828125,932,371,12
421,15,-1,914.68359375,375.6698303222656,931.7808837890625,393.9287414550781,923,384,13
422,33,18,893.4027073606143,401.20511551208864,915.0488040089768,424.25545042232494,904,412,28
423,31,-2,876.8509797777815,426.53427438884796,898.4970764261441,449.58460929908426,887,438,26
424,25,-5,862.8737777215077,447.92362905072133,884.5198743698703,470.97396396095763,873,459,21
425,19,-5,852.0801711364181,464.4411179157827,873.7262677847807,487.491452826019,862,475,16
426,11,-8,846.8963012695312,473.89947509765625,867.8236083984375,496.201904296875,857,485,10
427,24,13,836.5559692382812,497.5783996582031,855.8095092773438,517.5979614257812,846,507,22
428,24,0,817.44140625,509.24517822265625,853.1407470703125,549.3023071289062,835,529,22
429,34,9,810.7672119140625,549.1549682617188,833.314453125,573.2877197265625,822,561,32
430,31,-2,799.9026489257812,578.4069213867188,819.9069213867188,601.8499145507812,809,590,29
431,31,0,787.34619140625,609.6590576171875,807.9378662109375,630.2003784179688,797,619,29
432,40,9,771.6967163085938,645.4537963867188,795.1836547851562,670.1768798828125,783,657,38
433,24,-16,759.0918723046157,666.2402845904867,780.7379689529782,689.2906195007231,769,677,20
434,21,-2,747.5558197468837,684.5474984321048,769.2019163952463,707.5978333423412,758,696,19
435,18,-3,737.8141334652383,700.0071310094985,759.4602301136009,723.0574659197349,748,711,15
436,13,-4,730.2913167544183,711.9455140505825,751.9374134027809,734.9958489608189,741,723,12
437,8,-5,724.9183349609375,717.3359985351562,749.7611694335938,743.6202392578125,737,730,7
438,7,0,716.4788818359375,718.3010864257812,743.64599609375,748.1531982421875,730,733,3
439,8,0,712.4876708984375,728.2279052734375,733.8187866210938,749.7030639648438,723,738,5
440,9,0,705.1951904296875,733.3434448242188,724.8262939453125,753.1234130859375,715,743,5
441,11,1,696.0599365234375,740.029052734375,716.4530639648438,761.9498901367188,706,750,7
442,15,3,690.322265625,753.93701171875,711.6004028320312,775.2935180664062,700,764,14
443,14,0,680.2791137695312,763.3363037109375,708.003173828125,791.0093994140625,694,777,13
444,15,0,679.4651489257812,782.1227416992188,696.7109985351562,800.7954711914062,688,791,14
445,-48,-64,686.007080078125,730.421630859375,709.7684936523438,755.7844848632812,697,743,-48
446,-47,1,697.5932006835938,687.461181640625,714.0966796875,705.4070434570312,705,696,-47
447,-46,0,704.214599609375,639.56103515625,725.42919921875,661.7061767578125,714,650,-46
448,-52,-5,713.3776245117188,587.510986328125,734.2601318359375,608.5615234375,723,598,-52
449,-38,14,721.0805053710938,549.6262817382812,740.6605224609375,571.3693237304688,730,560,-38
450,-36,2,729.0541381835938,516.1039428710938,744.7964477539062,532.4002075195312,736,524,-36
451,-28,7,730.9034423828125,485.650634765625,753.3084106445312,508.1078796386719,742,496,-28
452,-32,-3,734.5904506422195,453.46888360007455,756.236547290582,476.51921851031085,745,464,-32
453,-27,4,737.59985565728,426.13345471327483,759.2459523056426,449.18378962351113,748,437,-27
454,-23,4,740.141165122057,403.04989374155014,761.7872617704196,426.10022865178644,750,414,-23
455,-18,4,742.1036390466188,385.22408892678095,763.7497356949814,408.27442383701725,752,396,-18
456,-9,8,745.92919921875,377.7351379394531,763.3119506835938,396.3197937011719,754,387,-9
457,-13,-3,741.4003295898438,358.5337829589844,770.0856323242188,389.606689453125,755,374,-13
458,-13,0,748.31640625,353.2795715332031,762.6420288085938,368.9837951660156,755,361,-13
459,-13,0,743.7801513671875,334.7030029296875,770.8342895507812,363.12188720703125,757,348,-13
460,-8,4,747.643310546875,331.921875,764.0219116210938,349.5574951171875,755,340,-8
461,-9,0,750.8554077148438,324.0943298339844,764.2288818359375,339.3970947265625,757,331,-9
462,-6,3,743.42529296875,311.02984619140625,770.3077392578125,339.07940673828125,756,325,-6
463,-6,0,746.378173828125,309.31243896484375,765.3532104492188,330.3923034667969,755,319,-6
464,-2,3,746.5585327148438,308.1130676269531,762.8192138671875,326.09063720703125,754,317,-2
465,-2,0,746.739990234375,307.0977478027344,761.936279296875,324.0583190917969,754,315,-2
466,-2,0,745.9636840820312,305.05291748046875,761.4650268554688,322.349609375,753,313,-2
467,-2,0,744.0281982421875,302.7012023925781,761.3329467773438,321.2323913574219,752,311,-2
468,3,5,739.6680908203125,300.94732666015625,759.8419799804688,321.38372802734375,749,311,0
469,-1,-4,737.3733520507812,299.7747802734375,758.94140625,321.4750671386719,748,310,-1
470,2,3,734.614013671875,299.27984619140625,758.2329711914062,323.6737976074219,746,311,1
471,2,0,734.033935546875,300.7122497558594,757.9698486328125,326.8542175292969,746,313,2
472,3,1,731.2694702148438,301.53326416015625,757.8029174804688,330.8804626464844,744,316,3
473,2,-1,729.1539306640625,302.8930358886719,757.795166015625,334.2288818359375,743,318,2
474,6,4,726.9494018554688,310.6099853515625,752.5896606445312,336.9563903808594,739,323,5
475,-5,-12,727.2155151367188,308.3531188964844,746.2171020507812,328.58306884765625,736,318,-5
476,-11,-5,726.6311645507812,298.3860778808594,741.8234252929688,316.4888916015625,734,307,-11
477,-15,-4,718.1645932692887,281.80476416343635,739.8106899176513,304.85509907367265,728,293,-14
478,-11,3,714.2939026628474,271.24833523677813,735.9399993112099,294.29867014701443,725,282,-11
479,-5,6,710.8213500976562,264.0879821777344,736.7789306640625,291.08642578125,723,277,-5
480,-10,-4,708.6224975585938,253.76712036132812,734.3400268554688,281.80352783203125,721,267,-10
481,-7,2,706.0623168945312,251.4953155517578,726.945556640625,271.58984375,716,261,-6
482,-5,2,705.1136474609375,247.805419921875,722.0968627929688,267.14263916015625,713,257,-4
483,-6,-1,696.6448364257812,238.76651000976562,723.324951171875,267.23272705078125,709,252,-5
484,-4,2,700.0874633789062,236.4882354736328,724.6253051757812,263.4971008300781,712,249,-3
485,13,17,686.957763671875,237.46788024902344,712.3394775390625,268.3291015625,699,252,3
486,8,-5,681.8411865234375,245.6040802001953,702.6739501953125,267.77227783203125,692,256,4
487,9,1,678.7047119140625,254.83872985839844,691.7067260742188,269.1819763183594,685,262,6
488,11,2,665.8331909179688,258.52734375,687.3343505859375,280.9574890136719,676,269,7
489,20,8,654.312042313807,275.3493608501271,675.9581389621695,298.3996957603634,665,286,17
490,18,-2,645.1371067842102,290.4436096246249,666.7832034325728,313.4939445348612,655,301,15
491,13,-4,638.0519516758187,302.09983254488185,659.6980483241813,325.15016745511815,648,313,12
492,7,-6,633.1168823242188,307.8150634765625,657.2429809570312,333.5816345214844,645,320,7
493,20,12,628.2691040039062,330.5199279785156,642.9569091796875,346.49139404296875,635,338,18
494,20,0,618.271240234375,347.50091552734375,638.1748046875,366.8068542480469,628,357,19
495,52,32,604.221150188321,396.4883009019041,625.8672468366835,419.5386358121404,615,408,51
496,48,-3,592.0517936830843,444.40514214127364,613.6978903314468,467.45547705150994,602,455,47
497,46,-2,580.7234359919642,489.01055055005935,602.3695326403267,512.0608854602957,591,500,45
498,42,-4,570.3038846758155,530.037533857394,591.9499813241781,553.0878687676304,581,541,41
499,38,-3,560.8806553795224,567.1414992115485,582.526752027885,590.191834121785,571,578,37
500,33,-4,552.5729588542088,599.853054279971,574.2190555025713,622.9033891902075,563,611,33
501,28,-5,545.5574764898815,627.4765160895096,567.2035731382441,650.526850999746,556,639,28
502,21,-7,540.1399146387816,648.808165878215,561.7860112871442,671.8585007884515,550,660,21
503,12,-9,538.1381225585938,662.2271728515625,558.3059692382812,681.9262084960938,548,672,12
504,9,-2,532.0494384765625,668.4343872070312,548.8473510742188,686.7017822265625,540,677,5
505,6,-3,524.3223876953125,668.2381591796875,544.763916015625,690.1095581054688,534,679,2
506,5,-1,517.2984008789062,667.7040405273438,543.7509155273438,697.9239501953125,530,682,3
507,13,8,511.7083740234375,682.5327758789062,528.7306518554688,701.3004760742188,520,691,9
508,19,6,499.7139661024536,696.9988799029653,521.3600627508162,720.0492148132017,510,708,17
509,17,-2,491.7228932218371,711.7971630152181,513.3689898701997,734.8474979254545,502,723,15
510,12,-4,485.5519516758187,723.2248325448818,507.1980483241813,746.2751674551182,496,734,11
511,7,-4,485.9041442871094,732.8864135742188,501.01153564453125,749.86083984375,493,741,7
512,24,16,476.0244140625,753.7510986328125,496.84112548828125,774.5291748046875,486,764,23
513,23,0,463.78546142578125,772.0822143554688,493.236328125,800.3276977539062,478,786,22
514,25,1,462.5972900390625,801.134765625,477.719970703125,818.9249267578125,470,810,24
515,41,16,445.9888000488281,836.109375,472.4100036621094,865.8013916015625,459,850,40
516,20,-21,444.4560241699219,855.9797973632812,470.3544616699219,884.5940551757812,457,870,20
517,-111,-131,486.25664145903573,755.0433750398056,507.9027381073983,778.093709950042,497,766,-104
518,-60,51,507.63153076171875,698.3618774414062,530.4080810546875,722.542236328125,519,710,-56
519,-57,2,529.9323120117188,645.63525390625,553.0962524414062,669.9273071289062,541,657,-53
520,-66,-9,560.2240600585938,587.578369140625,577.6298828125,605.8900146484375,568,596,-61
521,-48,18,581.4578857421875,544.0882568359375,596.3465576171875,560.3884887695312,588,552,-44
522,-48,0,599.4453735351562,498.5101318359375,619.073486328125,519.0831298828125,609,508,-44
523,-42,6,620.0802367102239,460.0641769032732,641.7263333585864,483.1145118135095,630,471,-37
524,-37,4,639.3905855568622,427.9638567426278,661.0366822052248,451.0141916528641,650,439,-32
525,-31,6,655.6973212891814,400.85655578500604,677.343417937544,423.90689069524234,666,412,-27
526,-24,6,668.2898623051193,379.92350058968077,689.9359589534819,402.9738354999171,679,391,-21
527,-13,11,678.96337890625,371.3446960449219,694.216064453125,388.841796875,686,380,-11
528,-18,-5,684.7332763671875,351.1965637207031,710.7396240234375,379.0560607910156,697,365,-15
529,-17,0,702.9559936523438,344.0118408203125,717.9268798828125,362.6856994628906,710,353,-12
530,-15,2,708.4490356445312,328.1221008300781,733.8908081054688,356.7023010253906,721,342,-11
531,-13,2,725.2200317382812,326.4439392089844,738.4891357421875,341.0327453613281,731,333,-9
532,-11,1,726.95361328125,313.6506042480469,756.9823608398438,341.95416259765625,741,327,-6
533,-8,3,736.5372314453125,309.83416748046875,760.884765625,335.8994140625,748,322,-5
534,-8,0,747.3366088867188,308.84893798828125,765.3794555664062,328.4712829589844,756,318,-4
535,9,17,753.8564453125,305.8738098144531,777.7386474609375,331.0509033203125,765,318,0
536,-7,-16,762.1087036132812,306.2061767578125,783.437255859375,328.76507568359375,772,317,-1
537,7,14,770.98095703125,308.2904968261719,787.877197265625,326.6917724609375,779,317,0
538,9,2,776.9796752929688,307.3970031738281,799.3639526367188,331.2466735839844,788,319,2
539,5,-4,781.5015258789062,307.30364990234375,806.3478393554688,334.5377502441406,793,320,1
540,6,1,786.1188354492188,310.3787536621094,811.0629272460938,337.7646789550781,798,324,4
541,9,3,799.3108520507812,320.34405517578125,814.1526489257812,338.54034423828125,806,329,5
542,7,-2,802.3330078125,323.7983093261719,822.2698974609375,342.594482421875,812,333,4
543,-13,-20,801.8333129882812,307.3634033203125,827.0117797851562,333.60736083984375,814,320,-13
544,-14,-1,807.0238647460938,294.28216552734375,830.6613159179688,317.9898376464844,818,306,-14
545,-21,-6,809.1162915040389,274.4349876532733,830.7623881524015,297.4853225635096,819,285,-21
546,-10,10,809.2020263671875,261.6918640136719,833.94140625,289.44775390625,821,275,-10
547,-10,0,815.045166015625,256.6318359375,832.8834838867188,275.19671630859375,823,265,-10
548,-13,-2,814.2500610351562,238.702880859375,842.3919067382812,268.4902038574219,828,253,-12
549,-9,4,820.3779296875,235.8258819580078,836.7689819335938,253.8036346435547,828,244,-9
550,-7,1,823.1839599609375,229.2198944091797,837.5846557617188,245.8011016845703,830,237,-7
551,-5,2,824.7368774414062,223.50782775878906,841.8231811523438,243.66920471191406,833,233,-4
552,5,10,821.1967163085938,225.67396545410156,835.9011840820312,243.6697540283203,828,234,1
553,11,6,805.6217651367188,225.94264221191406,829.7583618164062,251.10659790039062,817,238,4
554,15,3,795.2341918945312,236.18295288085938,812.0407104492188,254.40817260742188,803,245,7
555,14,0,779.4537963867188,242.62257385253906,806.0546264648438,268.3020935058594,792,255,10
556,18,3,770.7026977539062,259.318359375,786.0540771484375,276.34051513671875,778,267,12
557,14,-3,753.8695678710938,265.50103759765625,782.190673828125,292.1229248046875,768,278,11
558,29,14,737.1371067842102,287.80757065530383,758.7832034325728,310.85790556554014,747,299,21
559,15,-14,728.5975952148438,302.63995361328125,745.8104248046875,320.3298645019531,737,311,12
560,22,7,711.1243286132812,316.8041687011719,733.941650390625,340.597412109375,722,328,17
561,27,5,700.4708251953125,341.47442626953125,717.3986206054688,362.9092102050781,708,352,24
562,48,21,672.4290841694128,383.428027872092,694.0751808177754,406.4783627823283,683,394,42
563,43,-4,650.6108978102242,421.2963743116035,672.2569944585867,444.3467092218398,661,432,38
564,36,-7,632.1864041905907,453.27451841004785,653.8325008389533,476.32485332028415,643,464,32
565,29,-7,617.958468237518,477.9689819607831,639.6045648858806,501.0193168710194,628,489,25
566,15,-13,604.9231567382812,485.5878601074219,637.1506958007812,521.9815063476562,621,503,14
567,41,25,590.6104125976562,525.47705078125,616.0774536132812,555.3790893554688,603,540,37
568,54,13,566.07958984375,576.1573486328125,592.1701049804688,603.1780395507812,579,589,49
569,65,11,539.7333008619228,636.9479206103006,561.3793975102853,659.998255520537,550,648,59
570,36,-29,524.385498046875,668.8729858398438,547.4029541015625,694.2250366210938,535,681,33
571,345,309,778.2156372070312,898.4989013671875,807.0536499023438,927.3123779296875,792,912,231
572,-19,-364,763.0411987304688,898.1904296875,784.1668090820312,919.0005493164062,773,908,-4
573,-238,-218,561.7785027597336,769.1248504917567,583.4245994080961,792.1751854019931,572,780,-128
574,-129,109,449.24853515625,694.6607055664062,477.861328125,728.9791259765625,463,711,-69
575,20,149,437.5548095703125,711.77294921875,451.7433776855469,727.3916625976562,444,719,8
576,23,2,411.77142333984375,718.443603515625,437.0899658203125,744.9766845703125,424,731,12
577,25,2,393.0135498046875,736.1920166015625,413.0199279785156,757.17626953125,403,746,15
578,26,0,369.2298889160156,749.5103759765625,396.9185791015625,777.328857421875,383,763,17
579,33,6,345.91571044921875,773.3904418945312,372.92315673828125,799.4159545898438,359,786,23
580,32,0,321.7482604980469,794.5017700195312,349.77996826171875,821.9628295898438,335,808,22
581,50,18,293.7939610337026,836.5545223280989,315.4400576820652,859.6048572383353,304,848,40
582,27,-23,274.3579406738281,855.446044921875,302.0515441894531,885.134033203125,288,870,22
583,76,49,235.2554086393859,922.7241539376755,256.9015052877485,945.7744888479119,246,934,64
584,59,-17,202.88235993096725,972.3393698929693,224.52845657932983,995.3897048032057,213,983,49
585,32,-26,184.58908081054688,999.228515625,207.89300537109375,1022.96923828125,196,1011,28
586,42,9,159.81112670898438,1033.5889892578125,185.22227478027344,1059.5267333984375,172,1046,35
587,0,-42,159.81112670898438,1033.5889892578125,185.22227478027344,1059.5267333984375,172,1046,0
588,0,0,159.81112670898438,1033.5889892578125,185.22227478027344,1059.5267333984375,172,1046,0
589,0,0,159.81112670898438,1033.5889892578125,185.22227478027344,1059.5267333984375,172,1046,0
590,0,0,159.81112670898438,1033.5889892578125,185.22227478027344,1059.5267333984375,172,1046,0