frame,multi_ball_position,single_ball_position,clean_ball_position,complete_ball_position,centre_point,x,y,x_diff,y_diff,velocity
0,"{1: [1009, 90, 1025, 107]}","[1009, 90, 1025, 107]","[1009, 90, 1025, 107]","[1009, 90, 1025, 107]","(1017, 98)",1017,98,0,0,0.0
1,{},,,"(1009, 88, 1024, 105)","(1016, 96)",1016,96,-1,-2,2.24
2,{},,,"(1010, 87, 1025, 104)","(1017, 95)",1017,95,1,-1,1.41
3,{},,,"(1010, 87, 1025, 104)","(1017, 95)",1017,95,0,0,0.0
4,{},,,"(1010, 86, 1025, 103)","(1017, 94)",1017,94,0,-1,1.0
5,{},,,"(1010, 85, 1025, 102)","(1017, 93)",1017,93,0,-1,1.0
6,{},,,"(1011, 84, 1026, 101)","(1018, 92)",1018,92,1,-1,1.41
7,{},,,"(1011, 84, 1026, 101)","(1018, 92)",1018,92,0,0,0.0
8,{},,,"(1011, 83, 1026, 100)","(1018, 91)",1018,91,0,-1,1.0
9,{},,,"(1011, 83, 1026, 100)","(1018, 91)",1018,91,0,0,0.0
10,{},,,"(1012, 82, 1027, 99)","(1019, 90)",1019,90,1,-1,1.41
11,{},,,"(1012, 81, 1027, 98)","(1019, 89)",1019,89,0,-1,1.0
12,"{1: [1013, 82, 1027, 99]}","[1013, 82, 1027, 99]","[1013, 82, 1027, 99]","[1013, 82, 1027, 99]","(1020, 90)",1020,90,1,1,1.41
13,{},,,"(988, 100, 1007, 122)","(997, 111)",997,111,-23,21,31.14
14,{},,,"(967, 121, 986, 142)","(976, 131)",976,131,-21,20,29.0
15,{},,,"(946, 141, 965, 162)","(955, 151)",955,151,-21,20,29.0
16,{},,,"(927, 160, 946, 181)","(936, 170)",936,170,-19,19,26.87
17,{},,,"(909, 178, 928, 199)","(918, 188)",918,188,-18,18,25.46
18,{},,,"(893, 193, 912, 215)","(902, 204)",902,204,-16,16,22.63
19,"{1: [878, 204, 902, 230], 2: [1013, 231, 1027, 246]}","[878, 204, 902, 230]","[878, 204, 902, 230]","[878, 204, 902, 230]","(890, 217)",890,217,-12,13,17.69
20,"{1: [846, 236, 873, 264]}","[846, 236, 873, 264]","[846, 236, 873, 264]","[846, 236, 873, 264]","(859, 250)",859,250,-31,33,45.28
21,{},,,"(816, 276, 841, 303)","(828, 289)",828,289,-31,39,49.82
22,"{1: [794, 309, 818, 334]}","[794, 309, 818, 334]","[794, 309, 818, 334]","[794, 309, 818, 334]","(806, 321)",806,321,-22,32,38.83
23,"{1: [773, 349, 788, 367]}","[773, 349, 788, 367]","[773, 349, 788, 367]","[773, 349, 788, 367]","(780, 358)",780,358,-26,37,45.22
24,{},,,"(740, 403, 758, 422)","(749, 412)",749,412,-31,54,62.27
25,{},,,"(712, 452, 730, 472)","(721, 462)",721,462,-28,50,57.31
26,"{1: [690, 491, 711, 512]}","[690, 491, 711, 512]","[690, 491, 711, 512]","[690, 491, 711, 512]","(700, 501)",700,501,-21,39,44.29
27,{},,,"(658, 543, 682, 569)","(670, 556)",670,556,-30,55,62.65
28,"{1: [634, 585, 661, 616]}","[634, 585, 661, 616]","[634, 585, 661, 616]","[634, 585, 661, 616]","(647, 600)",647,600,-23,44,49.65
29,"{1: [614, 583, 637, 606], 2: [1016, 226, 1032, 244]}","[614, 583, 637, 606]","[614, 583, 637, 606]","[614, 583, 637, 606]","(625, 594)",625,594,-22,-6,22.8
30,"{1: [583, 575, 609, 602]}","[583, 575, 609, 602]","[583, 575, 609, 602]","[583, 575, 609, 602]","(596, 588)",596,588,-29,-6,29.61
31,"{1: [564, 573, 591, 607]}","[564, 573, 591, 607]","[564, 573, 591, 607]","[564, 573, 591, 607]","(577, 590)",577,590,-19,2,19.1
32,{},,,"(531, 573, 558, 603)","(544, 588)",544,588,-33,-2,33.06
33,"{1: [507, 574, 533, 601]}","[507, 574, 533, 601]","[507, 574, 533, 601]","[507, 574, 533, 601]","(520, 587)",520,587,-24,-1,24.02
34,"{1: [489, 581, 507, 602]}","[489, 581, 507, 602]","[489, 581, 507, 602]","[489, 581, 507, 602]","(498, 591)",498,591,-22,4,22.36
35,"{1: [462, 590, 477, 606]}","[462, 590, 477, 606]","[462, 590, 477, 606]","[462, 590, 477, 606]","(469, 598)",469,598,-29,7,29.83
36,"{1: [434, 596, 452, 617]}","[434, 596, 452, 617]","[434, 596, 452, 617]","[434, 596, 452, 617]","(443, 606)",443,606,-26,8,27.2
37,"{1: [414, 610, 428, 627]}","[414, 610, 428, 627]","[414, 610, 428, 627]","[414, 610, 428, 627]","(421, 618)",421,618,-22,12,25.06
38,{},,,"(487, 566, 505, 587)","(496, 576)",496,576,75,-42,85.96
39,{},,,"(554, 529, 572, 550)","(563, 539)",563,539,67,-37,76.54
40,"{1: [605, 500, 627, 525]}","[605, 500, 627, 525]","[605, 500, 627, 525]","[605, 500, 627, 525]","(616, 512)",616,512,53,-27,59.48
41,"{1: [649, 480, 672, 506], 2: [646, 478, 676, 509]}","[646, 478, 676, 509]","[646, 478, 676, 509]","[646, 478, 676, 509]","(661, 493)",661,493,45,-19,48.85
42,{},,,"(692, 467, 716, 492)","(704, 479)",704,479,43,-14,45.22
43,{},,,"(734, 454, 758, 480)","(746, 467)",746,467,42,-12,43.68
44,{},,,"(775, 442, 800, 467)","(787, 454)",787,454,41,-13,43.01
45,{},,,"(816, 430, 840, 455)","(828, 442)",828,442,41,-12,42.72
46,{},,,"(854, 418, 879, 444)","(866, 431)",866,431,38,-11,39.56
47,{},,,"(892, 407, 916, 433)","(904, 420)",904,420,38,-11,39.56
48,{},,,"(927, 396, 952, 422)","(939, 409)",939,409,35,-11,36.69
49,{},,,"(960, 387, 985, 412)","(972, 399)",972,399,33,-10,34.48
50,{},,,"(990, 378, 1015, 403)","(1002, 390)",1002,390,30,-9,31.32
51,"{1: [1017, 374, 1036, 394]}","[1017, 374, 1036, 394]","[1017, 374, 1036, 394]","[1017, 374, 1036, 394]","(1026, 384)",1026,384,24,-6,24.74
52,{},,,"(1042, 376, 1060, 396)","(1051, 386)",1051,386,25,2,25.08
53,"{1: [1062, 378, 1080, 398]}","[1062, 378, 1080, 398]","[1062, 378, 1080, 398]","[1062, 378, 1080, 398]","(1071, 388)",1071,388,20,2,20.1
54,{},,,"(1083, 377, 1099, 395)","(1091, 386)",1091,386,20,-2,20.1
55,{},,,"(1102, 375, 1118, 393)","(1110, 384)",1110,384,19,-2,19.1
56,{},,,"(1119, 374, 1135, 392)","(1127, 383)",1127,383,17,-1,17.03
57,"{1: [1134, 374, 1149, 390]}","[1134, 374, 1149, 390]","[1134, 374, 1149, 390]","[1134, 374, 1149, 390]","(1141, 382)",1141,382,14,-1,14.04
58,"{1: [1142, 349, 1167, 375]}","[1142, 349, 1167, 375]","[1142, 349, 1167, 375]","[1142, 349, 1167, 375]","(1154, 362)",1154,362,13,-20,23.85
59,"{1: [1154, 334, 1177, 358]}","[1154, 334, 1177, 358]","[1154, 334, 1177, 358]","[1154, 334, 1177, 358]","(1165, 346)",1165,346,11,-16,19.42
60,"{1: [1166, 319, 1189, 341]}","[1166, 319, 1189, 341]","[1166, 319, 1189, 341]","[1166, 319, 1189, 341]","(1177, 330)",1177,330,12,-16,20.0
61,"{1: [1178, 308, 1195, 328]}","[1178, 308, 1195, 328]","[1178, 308, 1195, 328]","[1178, 308, 1195, 328]","(1186, 318)",1186,318,9,-12,15.0
62,"{1: [1184, 297, 1204, 318]}","[1184, 297, 1204, 318]","[1184, 297, 1204, 318]","[1184, 297, 1204, 318]","(1194, 307)",1194,307,8,-11,13.6
63,{},,,"(1184, 292, 1202, 311)","(1193, 301)",1193,301,-1,-6,6.08
64,{},,,"(1184, 286, 1201, 306)","(1192, 296)",1192,296,-1,-5,5.1
65,{},,,"(1183, 281, 1201, 301)","(1192, 291)",1192,291,0,-5,5.0
66,{},,,"(1183, 277, 1200, 296)","(1191, 286)",1191,286,-1,-5,5.1
67,{},,,"(1182, 272, 1200, 291)","(1191, 281)",1191,281,0,-5,5.0
68,{},,,"(1182, 267, 1200, 286)","(1191, 276)",1191,276,0,-5,5.0
69,{},,,"(1182, 262, 1199, 282)","(1190, 272)",1190,272,-1,-4,4.12
70,{},,,"(1181, 258, 1199, 277)","(1190, 267)",1190,267,0,-5,5.0
71,{},,,"(1181, 253, 1198, 273)","(1189, 263)",1189,263,-1,-4,4.12
72,{},,,"(1180, 249, 1198, 269)","(1189, 259)",1189,259,0,-4,4.0
73,{},,,"(1180, 245, 1197, 265)","(1188, 255)",1188,255,-1,-4,4.12
74,{},,,"(1180, 241, 1197, 261)","(1188, 251)",1188,251,0,-4,4.0
75,{},,,"(1179, 238, 1197, 257)","(1188, 247)",1188,247,0,-4,4.0
76,{},,,"(1179, 234, 1196, 254)","(1187, 244)",1187,244,-1,-3,3.16
77,"{1: [1181, 233, 1196, 251]}","[1181, 233, 1196, 251]","[1181, 233, 1196, 251]","[1181, 233, 1196, 251]","(1188, 242)",1188,242,1,-2,2.24
78,"{1: [1178, 211, 1196, 231]}","[1178, 211, 1196, 231]","[1178, 211, 1196, 231]","[1178, 211, 1196, 231]","(1187, 221)",1187,221,-1,-21,21.02
79,"{1: [1182, 205, 1197, 222]}","[1182, 205, 1197, 222]","[1182, 205, 1197, 222]","[1182, 205, 1197, 222]","(1189, 213)",1189,213,2,-8,8.25
80,"{1: [1178, 261, 1203, 289]}","[1178, 261, 1203, 289]","[1178, 261, 1203, 289]","[1178, 261, 1203, 289]","(1190, 275)",1190,275,1,62,62.01
81,"{1: [1166, 266, 1190, 291]}","[1166, 266, 1190, 291]","[1166, 266, 1190, 291]","[1166, 266, 1190, 291]","(1178, 278)",1178,278,-12,3,12.37
82,"{1: [1158, 272, 1173, 291]}","[1158, 272, 1173, 291]","[1158, 272, 1173, 291]","[1158, 272, 1173, 291]","(1165, 281)",1165,281,-13,3,13.34
83,{},,,"(1137, 276, 1158, 298)","(1147, 287)",1147,287,-18,6,18.97
84,{},,,"(1121, 282, 1141, 305)","(1131, 293)",1131,293,-16,6,17.09
85,{},,,"(1106, 288, 1127, 310)","(1116, 299)",1116,299,-15,6,16.16
86,"{1: [1093, 291, 1119, 317]}","[1093, 291, 1119, 317]","[1093, 291, 1119, 317]","[1093, 291, 1119, 317]","(1106, 304)",1106,304,-10,5,11.18
87,"{1: [1084, 303, 1099, 319]}","[1084, 303, 1099, 319]","[1084, 303, 1099, 319]","[1084, 303, 1099, 319]","(1091, 311)",1091,311,-15,7,16.55
88,"{1: [1065, 307, 1090, 332], 2: [1064, 301, 1093, 334]}","[1065, 307, 1090, 332]","[1065, 307, 1090, 332]","[1065, 307, 1090, 332]","(1077, 319)",1077,319,-14,8,16.12
89,"{1: [1051, 317, 1071, 339]}","[1051, 317, 1071, 339]","[1051, 317, 1071, 339]","[1051, 317, 1071, 339]","(1061, 328)",1061,328,-16,9,18.36
90,"{1: [1037, 330, 1054, 348]}","[1037, 330, 1054, 348]","[1037, 330, 1054, 348]","[1037, 330, 1054, 348]","(1045, 339)",1045,339,-16,11,19.42
91,"{1: [1018, 337, 1045, 364]}","[1018, 337, 1045, 364]","[1018, 337, 1045, 364]","[1018, 337, 1045, 364]","(1031, 350)",1031,350,-14,11,17.8
92,"{1: [1007, 354, 1025, 373]}","[1007, 354, 1025, 373]","[1007, 354, 1025, 373]","[1007, 354, 1025, 373]","(1016, 363)",1016,363,-15,13,19.85
93,"{1: [992, 370, 1007, 386]}","[992, 370, 1007, 386]","[992, 370, 1007, 386]","[992, 370, 1007, 386]","(999, 378)",999,378,-17,15,22.67
94,{},,,"(971, 390, 989, 410)","(980, 400)",980,400,-19,22,29.07
95,{},,,"(953, 411, 971, 432)","(962, 421)",962,421,-18,21,27.66
96,{},,,"(936, 432, 954, 452)","(945, 442)",945,442,-17,21,27.02
97,{},,,"(920, 451, 938, 471)","(929, 461)",929,461,-16,19,24.84
98,{},,,"(905, 468, 924, 488)","(914, 478)",914,478,-15,17,22.67
99,"{1: [893, 480, 915, 505], 2: [888, 478, 916, 508]}","[893, 480, 915, 505]","[893, 480, 915, 505]","[893, 480, 915, 505]","(904, 492)",904,492,-10,14,17.2
100,"{1: [872, 504, 901, 532], 2: [874, 507, 895, 530]}","[872, 504, 901, 532]","[872, 504, 901, 532]","[872, 504, 901, 532]","(886, 518)",886,518,-18,26,31.62
101,"{1: [856, 533, 878, 556]}","[856, 533, 878, 556]","[856, 533, 878, 556]","[856, 533, 878, 556]","(867, 544)",867,544,-19,26,32.2
102,"{1: [844, 565, 858, 581]}","[844, 565, 858, 581]","[844, 565, 858, 581]","[844, 565, 858, 581]","(851, 573)",851,573,-16,29,33.12
103,"{1: [822, 594, 840, 613]}","[822, 594, 840, 613]","[822, 594, 840, 613]","[822, 594, 840, 613]","(831, 603)",831,603,-20,30,36.06
104,{},,,"(800, 628, 821, 650)","(810, 639)",810,639,-21,36,41.68
105,"{1: [783, 655, 807, 680]}","[783, 655, 807, 680]","[783, 655, 807, 680]","[783, 655, 807, 680]","(795, 667)",795,667,-15,28,31.76
106,"{1: [767, 693, 787, 714]}","[767, 693, 787, 714]","[767, 693, 787, 714]","[767, 693, 787, 714]","(777, 703)",777,703,-18,36,40.25
107,"{1: [753, 700, 780, 727], 2: [755, 702, 777, 724]}","[753, 700, 780, 727]","[753, 700, 780, 727]","[753, 700, 780, 727]","(766, 713)",766,713,-11,10,14.87
108,"{1: [741, 694, 767, 723]}","[741, 694, 767, 723]","[741, 694, 767, 723]","[741, 694, 767, 723]","(754, 708)",754,708,-12,-5,13.0
109,"{1: [731, 691, 758, 721]}","[731, 691, 758, 721]","[731, 691, 758, 721]","[731, 691, 758, 721]","(744, 706)",744,706,-10,-2,10.2
110,"{1: [722, 693, 741, 714]}","[722, 693, 741, 714]","[722, 693, 741, 714]","[722, 693, 741, 714]","(731, 703)",731,703,-13,-3,13.34
111,"{1: [709, 692, 734, 718]}","[709, 692, 734, 718]","[709, 692, 734, 718]","[709, 692, 734, 718]","(721, 705)",721,705,-10,2,10.2
112,"{1: [699, 694, 723, 719]}","[699, 694, 723, 719]","[699, 694, 723, 719]","[699, 694, 723, 719]","(711, 706)",711,706,-10,1,10.05
113,"{1: [688, 699, 711, 723], 2: [686, 694, 715, 734]}","[686, 694, 715, 734]","[686, 694, 715, 734]","[686, 694, 715, 734]","(700, 714)",700,714,-11,8,13.6
114,"{1: [681, 707, 700, 725], 2: [676, 699, 708, 733]}","[676, 699, 708, 733]","[676, 699, 708, 733]","[676, 699, 708, 733]","(692, 716)",692,716,-8,2,8.25
115,"{1: [669, 716, 688, 738]}","[669, 716, 688, 738]","[669, 716, 688, 738]","[669, 716, 688, 738]","(678, 727)",678,727,-14,11,17.8
116,"{1: [656, 722, 684, 749], 2: [658, 722, 680, 745]}","[656, 722, 684, 749]","[656, 722, 684, 749]","[656, 722, 684, 749]","(670, 735)",670,735,-8,8,11.31
117,"{1: [650, 739, 666, 756]}","[650, 739, 666, 756]","[650, 739, 666, 756]","[650, 739, 666, 756]","(658, 747)",658,747,-12,12,16.97
118,"{1: [661, 652, 688, 680]}","[661, 652, 688, 680]","[661, 652, 688, 680]","[661, 652, 688, 680]","(674, 666)",674,666,16,-81,82.57
119,"{1: [679, 593, 701, 617]}","[679, 593, 701, 617]","[679, 593, 701, 617]","[679, 593, 701, 617]","(690, 605)",690,605,16,-61,63.06
120,"{1: [697, 537, 715, 556]}","[697, 537, 715, 556]","[697, 537, 715, 556]","[697, 537, 715, 556]","(706, 546)",706,546,16,-59,61.13
121,"{1: [707, 484, 733, 510]}","[707, 484, 733, 510]","[707, 484, 733, 510]","[707, 484, 733, 510]","(720, 497)",720,497,14,-49,50.96
122,{},,,"(717, 448, 741, 473)","(729, 460)",729,460,9,-37,38.08
123,{},,,"(727, 415, 751, 440)","(739, 427)",739,427,10,-33,34.48
124,{},,,"(735, 385, 759, 410)","(747, 397)",747,397,8,-30,31.05
125,"{1: [743, 363, 765, 387]}","[743, 363, 765, 387]","[743, 363, 765, 387]","[743, 363, 765, 387]","(754, 375)",754,375,7,-22,23.09
126,"{1: [752, 345, 767, 363]}","[752, 345, 767, 363]","[752, 345, 767, 363]","[752, 345, 767, 363]","(759, 354)",759,354,5,-21,21.59
127,"{1: [753, 330, 776, 354], 2: [750, 322, 781, 357]}","[753, 330, 776, 354]","[753, 330, 776, 354]","[753, 330, 776, 354]","(764, 342)",764,342,5,-12,13.0
128,"{1: [759, 318, 781, 340]}","[759, 318, 781, 340]","[759, 318, 781, 340]","[759, 318, 781, 340]","(770, 329)",770,329,6,-13,14.32
129,"{1: [759, 308, 783, 333]}","[759, 308, 783, 333]","[759, 308, 783, 333]","[759, 308, 783, 333]","(771, 320)",771,320,1,-9,9.06
130,"{1: [765, 307, 784, 327]}","[765, 307, 784, 327]","[765, 307, 784, 327]","[765, 307, 784, 327]","(774, 317)",774,317,3,-3,4.24
131,"{1: [770, 306, 785, 323]}","[770, 306, 785, 323]","[770, 306, 785, 323]","[770, 306, 785, 323]","(777, 314)",777,314,3,-3,4.24
132,"{1: [772, 305, 786, 321]}","[772, 305, 786, 321]","[772, 305, 786, 321]","[772, 305, 786, 321]","(779, 313)",779,313,2,-1,2.24
133,"{1: [773, 305, 787, 320]}","[773, 305, 787, 320]","[773, 305, 787, 320]","[773, 305, 787, 320]","(780, 312)",780,312,1,-1,1.41
134,"{1: [772, 305, 788, 322]}","[772, 305, 788, 322]","[772, 305, 788, 322]","[772, 305, 788, 322]","(780, 313)",780,313,0,1,1.0
135,"{1: [774, 307, 791, 325]}","[774, 307, 791, 325]","[774, 307, 791, 325]","[774, 307, 791, 325]","(782, 316)",782,316,2,3,3.61
136,"{1: [773, 309, 796, 333]}","[773, 309, 796, 333]","[773, 309, 796, 333]","[773, 309, 796, 333]","(784, 321)",784,321,2,5,5.39
137,"{1: [775, 306, 794, 326]}","[775, 306, 794, 326]","[775, 306, 794, 326]","[775, 306, 794, 326]","(784, 316)",784,316,0,-5,5.0
138,{},,,"(773, 280, 796, 305)","(784, 292)",784,292,0,-24,24.0
139,"{1: [773, 261, 800, 290]}","[773, 261, 800, 290]","[773, 261, 800, 290]","[773, 261, 800, 290]","(786, 275)",786,275,2,-17,17.12
140,"{1: [778, 251, 798, 270], 2: [774, 244, 804, 276]}","[778, 251, 798, 270]","[778, 251, 798, 270]","[778, 251, 798, 270]","(788, 260)",788,260,2,-15,15.13
141,"{1: [776, 235, 799, 260], 2: [774, 227, 805, 263]}","[774, 227, 805, 263]","[774, 227, 805, 263]","[774, 227, 805, 263]","(789, 245)",789,245,1,-15,15.03
142,"{1: [778, 221, 805, 247]}","[778, 221, 805, 247]","[778, 221, 805, 247]","[778, 221, 805, 247]","(791, 234)",791,234,2,-11,11.18
143,"{1: [777, 209, 803, 235]}","[777, 209, 803, 235]","[777, 209, 803, 235]","[777, 209, 803, 235]","(790, 222)",790,222,-1,-12,12.04
144,"{1: [778, 201, 806, 229]}","[778, 201, 806, 229]","[778, 201, 806, 229]","[778, 201, 806, 229]","(792, 215)",792,215,2,-7,7.28
145,{},,,"(789, 206, 814, 231)","(801, 218)",801,218,9,3,9.49
146,{},,,"(798, 210, 824, 235)","(811, 222)",811,222,10,4,10.77
147,{},,,"(808, 214, 833, 239)","(820, 226)",820,226,9,4,9.85
148,{},,,"(816, 218, 842, 243)","(829, 230)",829,230,9,4,9.85
149,{},,,"(824, 221, 849, 246)","(836, 233)",836,233,7,3,7.62
150,"{1: [832, 226, 855, 248]}","[832, 226, 855, 248]","[832, 226, 855, 248]","[832, 226, 855, 248]","(843, 237)",843,237,7,4,8.06
151,"{1: [846, 237, 866, 260]}","[846, 237, 866, 260]","[846, 237, 866, 260]","[846, 237, 866, 260]","(856, 248)",856,248,13,11,17.03
152,"{1: [860, 253, 879, 272]}","[860, 253, 879, 272]","[860, 253, 879, 272]","[860, 253, 879, 272]","(869, 262)",869,262,13,14,19.1
153,{},,,"(874, 270, 897, 294)","(885, 282)",885,282,16,20,25.61
154,{},,,"(889, 289, 912, 312)","(900, 300)",900,300,15,18,23.43
155,"{1: [900, 301, 926, 329]}","[900, 301, 926, 329]","[900, 301, 926, 329]","[900, 301, 926, 329]","(913, 315)",913,315,13,15,19.85
156,"{1: [920, 330, 938, 348]}","[920, 330, 938, 348]","[920, 330, 938, 348]","[920, 330, 938, 348]","(929, 339)",929,339,16,24,28.84
157,"{1: [930, 348, 952, 368]}","[930, 348, 952, 368]","[930, 348, 952, 368]","[930, 348, 952, 368]","(941, 358)",941,358,12,19,22.47
158,{},,,"(949, 383, 973, 406)","(961, 394)",961,394,20,36,41.18
159,{},,,"(968, 418, 992, 442)","(980, 430)",980,430,19,36,40.71
160,{},,,"(987, 451, 1011, 475)","(999, 463)",999,463,19,33,38.08
161,{},,,"(1003, 481, 1027, 504)","(1015, 492)",1015,492,16,29,33.12
162,"{1: [1018, 506, 1045, 531], 2: [1015, 503, 1041, 530]}","[1015, 503, 1041, 530]","[1015, 503, 1041, 530]","[1015, 503, 1041, 530]","(1028, 516)",1028,516,13,24,27.29
163,"{1: [1038, 549, 1061, 573]}","[1038, 549, 1061, 573]","[1038, 549, 1061, 573]","[1038, 549, 1061, 573]","(1049, 561)",1049,561,21,45,49.66
164,"{1: [1060, 594, 1076, 611], 2: [1106, 683, 1123, 701]}","[1060, 594, 1076, 611]","[1060, 594, 1076, 611]","[1060, 594, 1076, 611]","(1068, 602)",1068,602,19,41,45.19
165,"{1: [1083, 636, 1098, 652]}","[1083, 636, 1098, 652]","[1083, 636, 1098, 652]","[1083, 636, 1098, 652]","(1090, 644)",1090,644,22,42,47.41
166,"{1: [1096, 634, 1117, 657]}","[1096, 634, 1117, 657]","[1096, 634, 1117, 657]","[1096, 634, 1117, 657]","(1106, 645)",1106,645,16,1,16.03
167,"{1: [1113, 640, 1133, 660], 2: [1107, 629, 1141, 667]}","[1113, 640, 1133, 660]","[1113, 640, 1133, 660]","[1113, 640, 1133, 660]","(1123, 650)",1123,650,17,5,17.72
168,"{1: [1131, 645, 1151, 667]}","[1131, 645, 1151, 667]","[1131, 645, 1151, 667]","[1131, 645, 1151, 667]","(1141, 656)",1141,656,18,6,18.97
169,"{1: [1153, 657, 1168, 674]}","[1153, 657, 1168, 674]","[1153, 657, 1168, 674]","[1153, 657, 1168, 674]","(1160, 665)",1160,665,19,9,21.02
170,"{1: [1167, 666, 1191, 691]}","[1167, 666, 1191, 691]","[1167, 666, 1191, 691]","[1167, 666, 1191, 691]","(1179, 678)",1179,678,19,13,23.02
171,"{1: [1190, 680, 1212, 702]}","[1190, 680, 1212, 702]","[1190, 680, 1212, 702]","[1190, 680, 1212, 702]","(1201, 691)",1201,691,22,13,25.55
172,"{1: [1206, 694, 1232, 721], 2: [1208, 697, 1237, 724]}","[1208, 697, 1237, 724]","[1208, 697, 1237, 724]","[1208, 697, 1237, 724]","(1222, 710)",1222,710,21,19,28.32
173,"{1: [1230, 718, 1252, 742]}","[1230, 718, 1252, 742]","[1230, 718, 1252, 742]","[1230, 718, 1252, 742]","(1241, 730)",1241,730,19,20,27.59
174,"{1: [1253, 741, 1272, 764]}","[1253, 741, 1272, 764]","[1253, 741, 1272, 764]","[1253, 741, 1272, 764]","(1262, 752)",1262,752,21,22,30.41
175,{},,,"(1213, 674, 1232, 696)","(1222, 685)",1222,685,-40,-67,78.03
176,{},,,"(1178, 614, 1197, 636)","(1187, 625)",1187,625,-35,-60,69.46
177,"{1: [1151, 569, 1171, 589]}","[1151, 569, 1171, 589]","[1151, 569, 1171, 589]","[1151, 569, 1171, 589]","(1161, 579)",1161,579,-26,-46,52.84
178,"{1: [1105, 500, 1126, 524]}","[1105, 500, 1126, 524]","[1105, 500, 1126, 524]","[1105, 500, 1126, 524]","(1115, 512)",1115,512,-46,-67,81.27
179,{},,,"(1074, 462, 1095, 485)","(1084, 473)",1084,473,-31,-39,49.82
180,{},,,"(1045, 426, 1066, 449)","(1055, 437)",1055,437,-29,-36,46.23
181,{},,,"(1020, 394, 1041, 417)","(1030, 405)",1030,405,-25,-32,40.61
182,"{1: [1001, 371, 1022, 392]}","[1001, 371, 1022, 392]","[1001, 371, 1022, 392]","[1001, 371, 1022, 392]","(1011, 381)",1011,381,-19,-24,30.61
183,"{1: [974, 346, 998, 370]}","[974, 346, 998, 370]","[974, 346, 998, 370]","[974, 346, 998, 370]","(986, 358)",986,358,-25,-23,33.97
184,"{1: [957, 332, 977, 354]}","[957, 332, 977, 354]","[957, 332, 977, 354]","[957, 332, 977, 354]","(967, 343)",967,343,-19,-15,24.21
185,"{1: [943, 322, 957, 338]}","[943, 322, 957, 338]","[943, 322, 957, 338]","[943, 322, 957, 338]","(950, 330)",950,330,-17,-13,21.4
186,"{1: [920, 308, 941, 331], 2: [915, 297, 949, 335]}","[920, 308, 941, 331]","[920, 308, 941, 331]","[920, 308, 941, 331]","(930, 319)",930,319,-20,-11,22.83
187,"{1: [905, 301, 926, 322]}","[905, 301, 926, 322]","[905, 301, 926, 322]","[905, 301, 926, 322]","(915, 311)",915,311,-15,-8,17.0
188,"{1: [894, 298, 908, 316]}","[894, 298, 908, 316]","[894, 298, 908, 316]","[894, 298, 908, 316]","(901, 307)",901,307,-14,-4,14.56
189,{},,,"(876, 296, 896, 317)","(886, 306)",886,306,-15,-1,15.03
190,{},,,"(862, 296, 883, 317)","(872, 306)",872,306,-14,0,14.0
191,{},,,"(850, 295, 870, 316)","(860, 305)",860,305,-12,-1,12.04
192,{},,,"(838, 295, 859, 316)","(848, 305)",848,305,-12,0,12.0
193,"{1: [827, 294, 854, 318]}","[827, 294, 854, 318]","[827, 294, 854, 318]","[827, 294, 854, 318]","(840, 306)",840,306,-8,1,8.06
194,"{1: [821, 305, 835, 320]}","[821, 305, 835, 320]","[821, 305, 835, 320]","[821, 305, 835, 320]","(828, 312)",828,312,-12,6,13.42
195,"{1: [808, 305, 830, 329]}","[808, 305, 830, 329]","[808, 305, 830, 329]","[808, 305, 830, 329]","(819, 317)",819,317,-9,5,10.3
196,"{1: [801, 305, 822, 326], 2: [797, 295, 829, 332]}","[797, 295, 829, 332]","[797, 295, 829, 332]","[797, 295, 829, 332]","(813, 313)",813,313,-6,-4,7.21
197,{},,,"(791, 278, 819, 309)","(805, 293)",805,293,-8,-20,21.54
198,{},,,"(785, 260, 813, 291)","(799, 275)",799,275,-6,-18,18.97
199,"{1: [782, 251, 806, 276]}","[782, 251, 806, 276]","[782, 251, 806, 276]","[782, 251, 806, 276]","(794, 263)",794,263,-5,-12,13.0
200,"{1: [774, 237, 798, 262]}","[774, 237, 798, 262]","[774, 237, 798, 262]","[774, 237, 798, 262]","(786, 249)",786,249,-8,-14,16.12
201,"{1: [775, 230, 788, 244]}","[775, 230, 788, 244]","[775, 230, 788, 244]","[775, 230, 788, 244]","(781, 237)",781,237,-5,-12,13.0
202,{},,,"(766, 216, 784, 236)","(775, 226)",775,226,-6,-11,12.53
203,"{1: [761, 206, 784, 232]}","[761, 206, 784, 232]","[761, 206, 784, 232]","[761, 206, 784, 232]","(772, 219)",772,219,-3,-7,7.62
204,"{1: [761, 203, 783, 226]}","[761, 203, 783, 226]","[761, 203, 783, 226]","[761, 203, 783, 226]","(772, 214)",772,214,0,-5,5.0
205,"{1: [774, 211, 789, 228]}","[774, 211, 789, 228]","[774, 211, 789, 228]","[774, 211, 789, 228]","(781, 219)",781,219,9,5,10.3
206,{},,,"(787, 224, 804, 243)","(795, 233)",795,233,14,14,19.8
207,{},,,"(802, 238, 819, 257)","(810, 247)",810,247,15,14,20.52
208,{},,,"(816, 252, 833, 271)","(824, 261)",824,261,14,14,19.8
209,{},,,"(829, 265, 846, 284)","(837, 274)",837,274,13,13,18.38
210,{},,,"(841, 277, 858, 296)","(849, 286)",849,286,12,12,16.97
211,{},,,"(852, 288, 869, 307)","(860, 297)",860,297,11,11,15.56
212,"{1: [861, 296, 880, 317]}","[861, 296, 880, 317]","[861, 296, 880, 317]","[861, 296, 880, 317]","(870, 306)",870,306,10,9,13.45
213,"{1: [872, 310, 897, 336], 2: [875, 312, 902, 339], 3: [872, 307, 902, 345]}","[872, 310, 897, 336]","[872, 310, 897, 336]","[872, 310, 897, 336]","(884, 323)",884,323,14,17,22.02
214,"{1: [890, 333, 910, 356]}","[890, 333, 910, 356]","[890, 333, 910, 356]","[890, 333, 910, 356]","(900, 344)",900,344,16,21,26.4
215,"{1: [901, 353, 926, 380]}","[901, 353, 926, 380]","[901, 353, 926, 380]","[901, 353, 926, 380]","(913, 366)",913,366,13,22,25.55
216,{},,,"(919, 391, 941, 414)","(930, 402)",930,402,17,36,39.81
217,{},,,"(936, 426, 958, 450)","(947, 438)",947,438,17,36,39.81
218,{},,,"(951, 459, 974, 483)","(962, 471)",962,471,15,33,36.25
219,{},,,"(965, 489, 988, 512)","(976, 500)",976,500,14,29,32.2
220,"{1: [978, 514, 998, 534]}","[978, 514, 998, 534]","[978, 514, 998, 534]","[978, 514, 998, 534]","(988, 524)",988,524,12,24,26.83
221,"{1: [999, 558, 1022, 581], 2: [992, 549, 1018, 577]}","[992, 549, 1018, 577]","[992, 549, 1018, 577]","[992, 549, 1018, 577]","(1005, 563)",1005,563,17,39,42.54
222,"{1: [1011, 596, 1029, 616]}","[1011, 596, 1029, 616]","[1011, 596, 1029, 616]","[1011, 596, 1029, 616]","(1020, 606)",1020,606,15,43,45.54
223,"{1: [1026, 629, 1048, 652]}","[1026, 629, 1048, 652]","[1026, 629, 1048, 652]","[1026, 629, 1048, 652]","(1037, 640)",1037,640,17,34,38.01
224,"{1: [1039, 627, 1069, 654], 2: [1041, 626, 1064, 651]}","[1039, 627, 1069, 654]","[1039, 627, 1069, 654]","[1039, 627, 1069, 654]","(1054, 640)",1054,640,17,0,17.0
225,"{1: [1062, 634, 1076, 651]}","[1062, 634, 1076, 651]","[1062, 634, 1076, 651]","[1062, 634, 1076, 651]","(1069, 642)",1069,642,15,2,15.13
226,"{1: [1072, 635, 1093, 658]}","[1072, 635, 1093, 658]","[1072, 635, 1093, 658]","[1072, 635, 1093, 658]","(1082, 646)",1082,646,13,4,13.6
227,"{1: [1088, 644, 1109, 667], 2: [1082, 633, 1117, 671]}","[1088, 644, 1109, 667]","[1088, 644, 1109, 667]","[1088, 644, 1109, 667]","(1098, 655)",1098,655,16,9,18.36
228,"{1: [1107, 652, 1123, 674], 2: [1099, 647, 1131, 684]}","[1099, 647, 1131, 684]","[1099, 647, 1131, 684]","[1099, 647, 1131, 684]","(1115, 665)",1115,665,17,10,19.72
229,"{1: [1118, 664, 1142, 690]}","[1118, 664, 1142, 690]","[1118, 664, 1142, 690]","[1118, 664, 1142, 690]","(1130, 677)",1130,677,15,12,19.21
230,"{1: [1138, 682, 1157, 700], 2: [1133, 675, 1164, 707]}","[1138, 682, 1157, 700]","[1138, 682, 1157, 700]","[1138, 682, 1157, 700]","(1147, 691)",1147,691,17,14,22.02
231,"{1: [1150, 694, 1178, 724]}","[1150, 694, 1178, 724]","[1150, 694, 1178, 724]","[1150, 694, 1178, 724]","(1164, 709)",1164,709,17,18,24.76
232,"{1: [1166, 717, 1191, 743]}","[1166, 717, 1191, 743]","[1166, 717, 1191, 743]","[1166, 717, 1191, 743]","(1178, 730)",1178,730,14,21,25.24
233,"{1: [1184, 741, 1208, 766], 2: [1183, 736, 1214, 775], 3: [1188, 744, 1215, 771]}","[1188, 744, 1215, 771]","[1188, 744, 1215, 771]","[1188, 744, 1215, 771]","(1201, 757)",1201,757,23,27,35.47
234,{},,,"(1195, 752, 1218, 776)","(1206, 764)",1206,764,5,7,8.6
235,"{1: [1203, 760, 1221, 781]}","[1203, 760, 1221, 781]","[1203, 760, 1221, 781]","[1203, 760, 1221, 781]","(1212, 770)",1212,770,6,6,8.49
236,"{1: [1016, 706, 1035, 726]}","[1016, 706, 1035, 726]",,"(1155, 676, 1173, 696)","(1164, 686)",1164,686,-48,-84,96.75
237,"{1: [1110, 596, 1131, 619]}","[1110, 596, 1131, 619]",,"(1112, 601, 1130, 621)","(1121, 611)",1121,611,-43,-75,86.45
238,"{1: [1079, 544, 1097, 563]}","[1079, 544, 1097, 563]","[1079, 544, 1097, 563]","[1079, 544, 1097, 563]","(1088, 553)",1088,553,-33,-58,66.73
239,"{1: [1046, 491, 1069, 517]}","[1046, 491, 1069, 517]","[1046, 491, 1069, 517]","[1046, 491, 1069, 517]","(1057, 504)",1057,504,-31,-49,57.98
240,{},,,"(1021, 461, 1045, 486)","(1033, 473)",1033,473,-24,-31,39.2
241,{},,,"(998, 432, 1022, 457)","(1010, 444)",1010,444,-23,-29,37.01
242,{},,,"(976, 405, 1000, 430)","(988, 417)",988,417,-22,-27,34.83
243,{},,,"(956, 379, 980, 404)","(968, 391)",968,391,-20,-26,32.8
244,{},,,"(938, 356, 962, 381)","(950, 368)",950,368,-18,-23,29.21
245,"{1: [924, 339, 949, 363]}","[924, 339, 949, 363]","[924, 339, 949, 363]","[924, 339, 949, 363]","(936, 351)",936,351,-14,-17,22.02
246,"{1: [909, 329, 928, 348]}","[909, 329, 928, 348]","[909, 329, 928, 348]","[909, 329, 928, 348]","(918, 338)",918,338,-18,-13,22.2
247,"{1: [898, 318, 917, 338], 2: [893, 314, 924, 345]}","[893, 314, 924, 345]","[893, 314, 924, 345]","[893, 314, 924, 345]","(908, 329)",908,329,-10,-9,13.45
248,"{1: [881, 309, 904, 335]}","[881, 309, 904, 335]","[881, 309, 904, 335]","[881, 309, 904, 335]","(892, 322)",892,322,-16,-7,17.46
249,"{1: [871, 307, 891, 328]}","[871, 307, 891, 328]","[871, 307, 891, 328]","[871, 307, 891, 328]","(881, 317)",881,317,-11,-5,12.08
250,"{1: [860, 306, 880, 326]}","[860, 306, 880, 326]","[860, 306, 880, 326]","[860, 306, 880, 326]","(870, 316)",870,316,-11,-1,11.05
251,"{1: [849, 304, 869, 324], 2: [844, 294, 877, 331]}","[849, 304, 869, 324]","[849, 304, 869, 324]","[849, 304, 869, 324]","(859, 314)",859,314,-11,-2,11.18
252,"{1: [842, 307, 857, 324]}","[842, 307, 857, 324]","[842, 307, 857, 324]","[842, 307, 857, 324]","(849, 315)",849,315,-10,1,10.05
253,"{1: [830, 303, 854, 329]}","[830, 303, 854, 329]","[830, 303, 854, 329]","[830, 303, 854, 329]","(842, 316)",842,316,-7,1,7.07
254,"{1: [823, 308, 843, 329]}","[823, 308, 843, 329]","[823, 308, 843, 329]","[823, 308, 843, 329]","(833, 318)",833,318,-9,2,9.22
255,"{1: [814, 309, 836, 332]}","[814, 309, 836, 332]","[814, 309, 836, 332]","[814, 309, 836, 332]","(825, 320)",825,320,-8,2,8.25
256,"{1: [805, 305, 830, 332]}","[805, 305, 830, 332]","[805, 305, 830, 332]","[805, 305, 830, 332]","(817, 318)",817,318,-8,-2,8.25
257,{},,,"(798, 286, 822, 312)","(810, 299)",810,299,-7,-19,20.25
258,{},,,"(792, 268, 816, 294)","(804, 281)",804,281,-6,-18,18.97
259,{},,,"(786, 253, 811, 279)","(798, 266)",798,266,-6,-15,16.16
260,"{1: [783, 242, 807, 267]}","[783, 242, 807, 267]","[783, 242, 807, 267]","[783, 242, 807, 267]","(795, 254)",795,254,-3,-12,12.37
261,"{1: [780, 227, 805, 255]}","[780, 227, 805, 255]","[780, 227, 805, 255]","[780, 227, 805, 255]","(792, 241)",792,241,-3,-13,13.34
262,"{1: [777, 224, 796, 243]}","[777, 224, 796, 243]","[777, 224, 796, 243]","[777, 224, 796, 243]","(786, 233)",786,233,-6,-8,10.0
263,"{1: [772, 212, 792, 234]}","[772, 212, 792, 234]","[772, 212, 792, 234]","[772, 212, 792, 234]","(782, 223)",782,223,-4,-10,10.77
264,"{1: [774, 211, 791, 230]}","[774, 211, 791, 230]","[774, 211, 791, 230]","[774, 211, 791, 230]","(782, 220)",782,220,0,-3,3.0
265,{},,,"(784, 224, 800, 241)","(792, 232)",792,232,10,12,15.62
266,{},,,"(795, 237, 810, 254)","(802, 245)",802,245,10,13,16.4
267,{},,,"(805, 249, 820, 266)","(812, 257)",812,257,10,12,15.62
268,{},,,"(814, 261, 830, 278)","(822, 269)",822,269,10,12,15.62
269,{},,,"(824, 272, 839, 289)","(831, 280)",831,280,9,11,14.21
270,{},,,"(832, 282, 848, 299)","(840, 290)",840,290,9,10,13.45
271,{},,,"(840, 292, 855, 309)","(847, 300)",847,300,7,10,12.21
272,"{1: [847, 301, 861, 316]}","[847, 301, 861, 316]","[847, 301, 861, 316]","[847, 301, 861, 316]","(854, 308)",854,308,7,8,10.63
273,"{1: [854, 315, 877, 339]}","[854, 315, 877, 339]","[854, 315, 877, 339]","[854, 315, 877, 339]","(865, 327)",865,327,11,19,21.95
274,"{1: [860, 334, 887, 364]}","[860, 334, 887, 364]","[860, 334, 887, 364]","[860, 334, 887, 364]","(873, 349)",873,349,8,22,23.41
275,"{1: [871, 358, 897, 385]}","[871, 358, 897, 385]","[871, 358, 897, 385]","[871, 358, 897, 385]","(884, 371)",884,371,11,22,24.6
276,{},,,"(885, 395, 908, 419)","(896, 407)",896,407,12,36,37.95
277,{},,,"(898, 429, 921, 453)","(909, 441)",909,441,13,34,36.4
278,{},,,"(909, 459, 932, 483)","(920, 471)",920,471,11,30,31.95
279,"{1: [920, 485, 940, 506]}","[920, 485, 940, 506]","[920, 485, 940, 506]","[920, 485, 940, 506]","(930, 495)",930,495,10,24,26.0
280,"{1: [926, 514, 949, 537]}","[926, 514, 949, 537]","[926, 514, 949, 537]","[926, 514, 949, 537]","(937, 525)",937,525,7,30,30.81
281,{},,,"(937, 545, 963, 570)","(950, 557)",950,557,13,32,34.54
282,{},,,"(949, 576, 975, 601)","(962, 588)",962,588,12,31,33.24
283,{},,,"(961, 604, 987, 629)","(974, 616)",974,616,12,28,30.46
284,"{1: [969, 625, 998, 652]}","[969, 625, 998, 652]","[969, 625, 998, 652]","[969, 625, 998, 652]","(983, 638)",983,638,9,22,23.77
285,"{1: [984, 634, 1000, 652]}","[984, 634, 1000, 652]","[984, 634, 1000, 652]","[984, 634, 1000, 652]","(992, 643)",992,643,9,5,10.3
286,"{1: [994, 637, 1014, 656], 2: [990, 628, 1020, 664]}","[994, 637, 1014, 656]","[994, 637, 1014, 656]","[994, 637, 1014, 656]","(1004, 646)",1004,646,12,3,12.37
287,"{1: [1002, 645, 1024, 669]}","[1002, 645, 1024, 669]","[1002, 645, 1024, 669]","[1002, 645, 1024, 669]","(1013, 657)",1013,657,9,11,14.21
288,"{1: [1017, 659, 1035, 676], 2: [1010, 650, 1044, 686]}","[1017, 659, 1035, 676]","[1017, 659, 1035, 676]","[1017, 659, 1035, 676]","(1026, 667)",1026,667,13,10,16.4
289,"{1: [1023, 668, 1048, 695]}","[1023, 668, 1048, 695]","[1023, 668, 1048, 695]","[1023, 668, 1048, 695]","(1035, 681)",1035,681,9,14,16.64
290,"{1: [1039, 688, 1056, 707]}","[1039, 688, 1056, 707]","[1039, 688, 1056, 707]","[1039, 688, 1056, 707]","(1047, 697)",1047,697,12,16,20.0
291,"{1: [1049, 707, 1070, 728]}","[1049, 707, 1070, 728]","[1049, 707, 1070, 728]","[1049, 707, 1070, 728]","(1059, 717)",1059,717,12,20,23.32
292,"{1: [1065, 733, 1080, 749]}","[1065, 733, 1080, 749]","[1065, 733, 1080, 749]","[1065, 733, 1080, 749]","(1072, 741)",1072,741,13,24,27.29
293,"{1: [1072, 755, 1094, 776]}","[1072, 755, 1094, 776]","[1072, 755, 1094, 776]","[1072, 755, 1094, 776]","(1083, 765)",1083,765,11,24,26.4
294,"{1: [1088, 786, 1108, 807]}","[1088, 786, 1108, 807]","[1088, 786, 1108, 807]","[1088, 786, 1108, 807]","(1098, 796)",1098,796,15,31,34.44
295,{},,,"(1099, 746, 1120, 768)","(1109, 757)",1109,757,11,-39,40.52
296,"{1: [1108, 716, 1131, 740]}","[1108, 716, 1131, 740]","[1108, 716, 1131, 740]","[1108, 716, 1131, 740]","(1119, 728)",1119,728,10,-29,30.68
297,"{1: [1115, 651, 1142, 680]}","[1115, 651, 1142, 680]","[1115, 651, 1142, 680]","[1115, 651, 1142, 680]","(1128, 665)",1128,665,9,-63,63.64
298,"{1: [1121, 590, 1143, 612]}","[1121, 590, 1143, 612]","[1121, 590, 1143, 612]","[1121, 590, 1143, 612]","(1132, 601)",1132,601,4,-64,64.12
299,"{1: [1128, 531, 1150, 555], 2: [1125, 526, 1154, 560]}","[1128, 531, 1150, 555]","[1128, 531, 1150, 555]","[1128, 531, 1150, 555]","(1139, 543)",1139,543,7,-58,58.42
300,"{1: [1135, 495, 1150, 511]}","[1135, 495, 1150, 511]","[1135, 495, 1150, 511]","[1135, 495, 1150, 511]","(1142, 503)",1142,503,3,-40,40.11
301,{},,,"(1137, 458, 1155, 476)","(1146, 467)",1146,467,4,-36,36.22
302,{},,,"(1141, 424, 1159, 442)","(1150, 433)",1150,433,4,-34,34.23
303,{},,,"(1145, 394, 1162, 412)","(1153, 403)",1153,403,3,-30,30.15
304,"{1: [1147, 370, 1167, 390]}","[1147, 370, 1167, 390]","[1147, 370, 1167, 390]","[1147, 370, 1167, 390]","(1157, 380)",1157,380,4,-23,23.35
305,"{1: [1151, 354, 1170, 373]}","[1151, 354, 1170, 373]","[1151, 354, 1170, 373]","[1151, 354, 1170, 373]","(1160, 363)",1160,363,3,-17,17.26
306,"{1: [1151, 334, 1175, 359]}","[1151, 334, 1175, 359]","[1151, 334, 1175, 359]","[1151, 334, 1175, 359]","(1163, 346)",1163,346,3,-17,17.26
307,"{1: [1156, 329, 1170, 344]}","[1156, 329, 1170, 344]","[1156, 329, 1170, 344]","[1156, 329, 1170, 344]","(1163, 336)",1163,336,0,-10,10.0
308,"{1: [1157, 313, 1179, 337], 2: [1152, 311, 1181, 341]}","[1152, 311, 1181, 341]","[1152, 311, 1181, 341]","[1152, 311, 1181, 341]","(1166, 326)",1166,326,3,-10,10.44
309,"{1: [1157, 308, 1177, 329]}","[1157, 308, 1177, 329]","[1157, 308, 1177, 329]","[1157, 308, 1177, 329]","(1167, 318)",1167,318,1,-8,8.06
310,"{1: [1159, 305, 1177, 324]}","[1159, 305, 1177, 324]","[1159, 305, 1177, 324]","[1159, 305, 1177, 324]","(1168, 314)",1168,314,1,-4,4.12
311,"{1: [1161, 301, 1182, 321], 2: [1158, 292, 1189, 328]}","[1161, 301, 1182, 321]","[1161, 301, 1182, 321]","[1161, 301, 1182, 321]","(1171, 311)",1171,311,3,-3,4.24
312,"{1: [1160, 294, 1189, 326], 2: [1162, 299, 1186, 323]}","[1162, 299, 1186, 323]","[1162, 299, 1186, 323]","[1162, 299, 1186, 323]","(1174, 311)",1174,311,3,0,3.0
313,"{1: [1161, 295, 1189, 325], 2: [1162, 299, 1186, 323]}","[1162, 299, 1186, 323]","[1162, 299, 1186, 323]","[1162, 299, 1186, 323]","(1174, 311)",1174,311,0,0,0.0
314,"{1: [1162, 297, 1189, 327]}","[1162, 297, 1189, 327]","[1162, 297, 1189, 327]","[1162, 297, 1189, 327]","(1175, 312)",1175,312,1,1,1.41
315,"{1: [1162, 300, 1189, 331]}","[1162, 300, 1189, 331]","[1162, 300, 1189, 331]","[1162, 300, 1189, 331]","(1175, 315)",1175,315,0,3,3.0
316,"{1: [1163, 305, 1190, 335]}","[1163, 305, 1190, 335]","[1163, 305, 1190, 335]","[1163, 305, 1190, 335]","(1176, 320)",1176,320,1,5,5.1
317,"{1: [1163, 313, 1189, 339], 2: [1162, 309, 1191, 349]}","[1163, 313, 1189, 339]","[1163, 313, 1189, 339]","[1163, 313, 1189, 339]","(1176, 326)",1176,326,0,6,6.0
318,"{1: [1167, 318, 1189, 340]}","[1167, 318, 1189, 340]","[1167, 318, 1189, 340]","[1167, 318, 1189, 340]","(1178, 329)",1178,329,2,3,3.61
319,"{1: [1166, 298, 1190, 324]}","[1166, 298, 1190, 324]","[1166, 298, 1190, 324]","[1166, 298, 1190, 324]","(1178, 311)",1178,311,0,-18,18.0
320,{},,,"(1166, 279, 1190, 305)","(1178, 292)",1178,292,0,-19,19.0
321,"{1: [1167, 266, 1191, 291]}","[1167, 266, 1191, 291]","[1167, 266, 1191, 291]","[1167, 266, 1191, 291]","(1179, 278)",1179,278,1,-14,14.04
322,"{1: [1167, 251, 1189, 274]}","[1167, 251, 1189, 274]","[1167, 251, 1189, 274]","[1167, 251, 1189, 274]","(1178, 262)",1178,262,-1,-16,16.03
323,"{1: [1166, 237, 1191, 267]}","[1166, 237, 1191, 267]","[1166, 237, 1191, 267]","[1166, 237, 1191, 267]","(1178, 252)",1178,252,0,-10,10.0
324,"{1: [1168, 229, 1190, 251]}","[1168, 229, 1190, 251]","[1168, 229, 1190, 251]","[1168, 229, 1190, 251]","(1179, 240)",1179,240,1,-12,12.04
325,{},,,"(1167, 218, 1190, 241)","(1178, 229)",1178,229,-1,-11,11.05
326,"{1: [1168, 210, 1191, 234]}","[1168, 210, 1191, 234]","[1168, 210, 1191, 234]","[1168, 210, 1191, 234]","(1179, 222)",1179,222,1,-7,7.07
327,"{1: [1168, 205, 1191, 228]}","[1168, 205, 1191, 228]","[1168, 205, 1191, 228]","[1168, 205, 1191, 228]","(1179, 216)",1179,216,0,-6,6.0
328,"{1: [848, 731, 866, 750]}","[848, 731, 866, 750]",,"(1157, 209, 1176, 229)","(1166, 219)",1166,219,-13,3,13.34
329,{},,,"(1146, 213, 1164, 233)","(1155, 223)",1155,223,-11,4,11.7
330,{},,,"(1135, 216, 1153, 236)","(1144, 226)",1144,226,-11,3,11.4
331,{},,,"(1125, 219, 1143, 239)","(1134, 229)",1134,229,-10,3,10.44
332,{},,,"(1115, 222, 1134, 242)","(1124, 232)",1124,232,-10,3,10.44
333,"{1: [1111, 227, 1125, 244]}","[1111, 227, 1125, 244]","[1111, 227, 1125, 244]","[1111, 227, 1125, 244]","(1118, 235)",1118,235,-6,3,6.71
334,"{1: [1091, 231, 1118, 260]}","[1091, 231, 1118, 260]","[1091, 231, 1118, 260]","[1091, 231, 1118, 260]","(1104, 245)",1104,245,-14,10,17.2
335,"{1: [1076, 250, 1095, 269]}","[1076, 250, 1095, 269]","[1076, 250, 1095, 269]","[1076, 250, 1095, 269]","(1085, 259)",1085,259,-19,14,23.6
336,"{1: [1060, 260, 1077, 279]}","[1060, 260, 1077, 279]","[1060, 260, 1077, 279]","[1060, 260, 1077, 279]","(1068, 269)",1068,269,-17,10,19.72
337,"{1: [1039, 269, 1069, 296]}","[1039, 269, 1069, 296]","[1039, 269, 1069, 296]","[1039, 269, 1069, 296]","(1054, 282)",1054,282,-14,13,19.1
338,{},,,"(1018, 291, 1044, 315)","(1031, 303)",1031,303,-23,21,31.14
339,"{1: [1004, 309, 1026, 331]}","[1004, 309, 1026, 331]","[1004, 309, 1026, 331]","[1004, 309, 1026, 331]","(1015, 320)",1015,320,-16,17,23.35
340,"{1: [989, 331, 1004, 347]}","[989, 331, 1004, 347]","[989, 331, 1004, 347]","[989, 331, 1004, 347]","(996, 339)",996,339,-19,19,26.87
341,"{1: [967, 342, 997, 370]}","[967, 342, 997, 370]","[967, 342, 997, 370]","[967, 342, 997, 370]","(982, 356)",982,356,-14,17,22.02
342,{},,,"(945, 378, 968, 401)","(956, 389)",956,389,-26,33,42.01
343,{},,,"(921, 410, 944, 433)","(932, 421)",932,421,-24,32,40.0
344,{},,,"(898, 440, 922, 463)","(910, 451)",910,451,-22,30,37.2
345,{},,,"(878, 467, 902, 490)","(890, 478)",890,478,-20,27,33.6
346,"{1: [867, 492, 884, 509]}","[867, 492, 884, 509]","[867, 492, 884, 509]","[867, 492, 884, 509]","(875, 500)",875,500,-15,22,26.63
347,"{1: [842, 524, 861, 545]}","[842, 524, 861, 545]","[842, 524, 861, 545]","[842, 524, 861, 545]","(851, 534)",851,534,-24,34,41.62
348,"{1: [822, 563, 837, 579]}","[822, 563, 837, 579]","[822, 563, 837, 579]","[822, 563, 837, 579]","(829, 571)",829,571,-22,37,43.05
349,"{1: [800, 592, 816, 609]}","[800, 592, 816, 609]","[800, 592, 816, 609]","[800, 592, 816, 609]","(808, 600)",808,600,-21,29,35.81
350,"{1: [778, 592, 801, 616], 2: [775, 585, 805, 620]}","[775, 585, 805, 620]","[775, 585, 805, 620]","[775, 585, 805, 620]","(790, 602)",790,602,-18,2,18.11
351,"{1: [758, 593, 782, 620]}","[758, 593, 782, 620]","[758, 593, 782, 620]","[758, 593, 782, 620]","(770, 606)",770,606,-20,4,20.4
352,"{1: [737, 597, 762, 624]}","[737, 597, 762, 624]","[737, 597, 762, 624]","[737, 597, 762, 624]","(749, 610)",749,610,-21,4,21.38
353,"{1: [725, 610, 739, 627]}","[725, 610, 739, 627]","[725, 610, 739, 627]","[725, 610, 739, 627]","(732, 618)",732,618,-17,8,18.79
354,{},,,"(699, 623, 714, 640)","(706, 631)",706,631,-26,13,29.07
355,"{1: [679, 634, 695, 652]}","[679, 634, 695, 652]","[679, 634, 695, 652]","[679, 634, 695, 652]","(687, 643)",687,643,-19,12,22.47
356,"{1: [655, 644, 678, 669], 2: [651, 635, 685, 673]}","[655, 644, 678, 669]","[655, 644, 678, 669]","[655, 644, 678, 669]","(666, 656)",666,656,-21,13,24.7
357,"{1: [632, 654, 661, 685], 2: [634, 660, 656, 682]}","[634, 660, 656, 682]","[634, 660, 656, 682]","[634, 660, 656, 682]","(645, 671)",645,671,-21,15,25.81
358,"{1: [609, 677, 636, 703]}","[609, 677, 636, 703]","[609, 677, 636, 703]","[609, 677, 636, 703]","(622, 690)",622,690,-23,19,29.83
359,{},,,"(586, 707, 607, 729)","(596, 718)",596,718,-26,28,38.21
360,{},,,"(562, 735, 583, 757)","(572, 746)",572,746,-24,28,36.88
361,{},,,"(540, 761, 561, 783)","(550, 772)",550,772,-22,26,34.06
362,{},,,"(520, 784, 541, 806)","(530, 795)",530,795,-20,23,30.48
363,"{1: [508, 804, 523, 822]}","[508, 804, 523, 822]","[508, 804, 523, 822]","[508, 804, 523, 822]","(515, 813)",515,813,-15,18,23.43
364,{},,,"(563, 737, 587, 763)","(575, 750)",575,750,60,-63,87.0
365,"{1: [606, 692, 633, 720], 2: [606, 685, 638, 719]}","[606, 685, 638, 719]","[606, 685, 638, 719]","[606, 685, 638, 719]","(622, 702)",622,702,47,-48,67.18
366,"{1: [649, 649, 671, 674], 2: [646, 646, 676, 678]}","[646, 646, 676, 678]","[646, 646, 676, 678]","[646, 646, 676, 678]","(661, 662)",661,662,39,-40,55.87
367,"{1: [697, 602, 718, 626]}","[697, 602, 718, 626]","[697, 602, 718, 626]","[697, 602, 718, 626]","(707, 614)",707,614,46,-48,66.48
368,"{1: [723, 574, 747, 598]}","[723, 574, 747, 598]","[723, 574, 747, 598]","[723, 574, 747, 598]","(735, 586)",735,586,28,-28,39.6
369,"{1: [756, 538, 781, 565]}","[756, 538, 781, 565]","[756, 538, 781, 565]","[756, 538, 781, 565]","(768, 551)",768,551,33,-35,48.1
370,"{1: [788, 515, 806, 535]}","[788, 515, 806, 535]","[788, 515, 806, 535]","[788, 515, 806, 535]","(797, 525)",797,525,29,-26,38.95
371,"{1: [816, 490, 833, 509]}","[816, 490, 833, 509]","[816, 490, 833, 509]","[816, 490, 833, 509]","(824, 499)",824,499,27,-26,37.48
372,{},,,"(834, 471, 856, 493)","(845, 482)",845,482,21,-17,27.02
373,{},,,"(856, 454, 878, 477)","(867, 465)",867,465,22,-17,27.8
374,{},,,"(877, 438, 899, 461)","(888, 449)",888,449,21,-16,26.4
375,{},,,"(897, 423, 919, 445)","(908, 434)",908,434,20,-15,25.0
376,{},,,"(916, 408, 938, 430)","(927, 419)",927,419,19,-15,24.21
377,{},,,"(935, 393, 957, 416)","(946, 404)",946,404,19,-15,24.21
378,{},,,"(953, 379, 975, 402)","(964, 390)",964,390,18,-14,22.8
379,{},,,"(970, 367, 992, 389)","(981, 378)",981,378,17,-12,20.81
380,{},,,"(985, 355, 1007, 378)","(996, 366)",996,366,15,-12,19.21
381,"{1: [995, 345, 1022, 371]}","[995, 345, 1022, 371]","[995, 345, 1022, 371]","[995, 345, 1022, 371]","(1008, 358)",1008,358,12,-8,14.42
382,"{1: [1014, 346, 1028, 363]}","[1014, 346, 1028, 363]","[1014, 346, 1028, 363]","[1014, 346, 1028, 363]","(1021, 354)",1021,354,13,-4,13.6
383,"{1: [1019, 338, 1045, 363]}","[1019, 338, 1045, 363]","[1019, 338, 1045, 363]","[1019, 338, 1045, 363]","(1032, 350)",1032,350,11,-4,11.7
384,"{1: [1028, 334, 1052, 359]}","[1028, 334, 1052, 359]","[1028, 334, 1052, 359]","[1028, 334, 1052, 359]","(1040, 346)",1040,346,8,-4,8.94
385,"{1: [1039, 333, 1062, 357]}","[1039, 333, 1062, 357]","[1039, 333, 1062, 357]","[1039, 333, 1062, 357]","(1050, 345)",1050,345,10,-1,10.05
386,"{1: [1048, 332, 1071, 356]}","[1048, 332, 1071, 356]","[1048, 332, 1071, 356]","[1048, 332, 1071, 356]","(1059, 344)",1059,344,9,-1,9.06
387,"{1: [1059, 333, 1078, 353]}","[1059, 333, 1078, 353]","[1059, 333, 1078, 353]","[1059, 333, 1078, 353]","(1068, 343)",1068,343,9,-1,9.06
388,"{1: [1065, 327, 1093, 359]}","[1065, 327, 1093, 359]","[1065, 327, 1093, 359]","[1065, 327, 1093, 359]","(1079, 343)",1079,343,11,0,11.0
389,"{1: [1074, 333, 1097, 357]}","[1074, 333, 1097, 357]","[1074, 333, 1097, 357]","[1074, 333, 1097, 357]","(1085, 345)",1085,345,6,2,6.32
390,"{1: [1081, 334, 1105, 360]}","[1081, 334, 1105, 360]","[1081, 334, 1105, 360]","[1081, 334, 1105, 360]","(1093, 347)",1093,347,8,2,8.25
391,"{1: [1086, 338, 1117, 366], 2: [1089, 338, 1112, 363]}","[1089, 338, 1112, 363]","[1089, 338, 1112, 363]","[1089, 338, 1112, 363]","(1100, 350)",1100,350,7,3,7.62
392,"{1: [1093, 327, 1118, 354]}","[1093, 327, 1118, 354]","[1093, 327, 1118, 354]","[1093, 327, 1118, 354]","(1105, 340)",1105,340,5,-10,11.18
393,"{1: [1099, 321, 1118, 340], 2: [703, 707, 720, 725]}","[1099, 321, 1118, 340]","[1099, 321, 1118, 340]","[1099, 321, 1118, 340]","(1108, 330)",1108,330,3,-10,10.44
394,"{1: [1103, 308, 1122, 329]}","[1103, 308, 1122, 329]","[1103, 308, 1122, 329]","[1103, 308, 1122, 329]","(1112, 318)",1112,318,4,-12,12.65
395,"{1: [1110, 302, 1123, 317]}","[1110, 302, 1123, 317]","[1110, 302, 1123, 317]","[1110, 302, 1123, 317]","(1116, 309)",1116,309,4,-9,9.85
396,{},,,"(1080, 341, 1095, 357)","(1087, 349)",1087,349,-29,40,49.41
397,{},,,"(1052, 380, 1067, 397)","(1059, 388)",1059,388,-28,39,48.01
398,{},,,"(1025, 419, 1040, 436)","(1032, 427)",1032,427,-27,39,47.43
399,{},,,"(998, 457, 1013, 474)","(1005, 465)",1005,465,-27,38,46.62
400,{},,,"(972, 495, 987, 511)","(979, 503)",979,503,-26,38,46.04
401,"{1: [775, 707, 792, 725]}","[775, 707, 792, 725]",,"(947, 531, 962, 547)","(954, 539)",954,539,-25,36,43.83
402,{},,,"(923, 566, 938, 582)","(930, 574)",930,574,-24,35,42.44
403,{},,,"(899, 599, 914, 616)","(906, 607)",906,607,-24,33,40.8
404,{},,,"(877, 631, 892, 647)","(884, 639)",884,639,-22,32,38.83
405,{},,,"(856, 661, 871, 677)","(863, 669)",863,669,-21,30,36.62
406,{},,,"(837, 688, 852, 704)","(844, 696)",844,696,-19,27,33.02
407,"{1: [1037, 228, 1051, 245], 2: [823, 708, 840, 726]}","[823, 708, 840, 726]","[823, 708, 840, 726]","[823, 708, 840, 726]","(831, 717)",831,717,-13,21,24.7
408,{},,,"(849, 636, 871, 658)","(860, 647)",860,647,29,-70,75.77
409,{},,,"(878, 569, 900, 591)","(889, 580)",889,580,29,-67,73.01
410,{},,,"(906, 504, 928, 527)","(917, 515)",917,515,28,-65,70.77
411,{},,,"(932, 443, 954, 465)","(943, 454)",943,454,26,-61,66.31
412,{},,,"(956, 386, 978, 408)","(967, 397)",967,397,24,-57,61.85
413,{},,,"(978, 334, 1000, 357)","(989, 345)",989,345,22,-52,56.46
414,"{1: [994, 293, 1021, 320]}","[994, 293, 1021, 320]","[994, 293, 1021, 320]","[994, 293, 1021, 320]","(1007, 306)",1007,306,18,-39,42.95
415,"{1: [986, 307, 1002, 325]}","[986, 307, 1002, 325]","[986, 307, 1002, 325]","[986, 307, 1002, 325]","(994, 316)",994,316,-13,10,16.4
416,"{1: [971, 311, 998, 338], 2: [970, 309, 998, 345]}","[971, 311, 998, 338]","[971, 311, 998, 338]","[971, 311, 998, 338]","(984, 324)",984,324,-10,8,12.81
417,"{1: [963, 326, 977, 341]}","[963, 326, 977, 341]","[963, 326, 977, 341]","[963, 326, 977, 341]","(970, 333)",970,333,-14,9,16.64
418,"{1: [945, 327, 974, 358]}","[945, 327, 974, 358]","[945, 327, 974, 358]","[945, 327, 974, 358]","(959, 342)",959,342,-11,9,14.21
419,"{1: [934, 349, 953, 369]}","[934, 349, 953, 369]","[934, 349, 953, 369]","[934, 349, 953, 369]","(943, 359)",943,359,-16,17,23.35
420,"{1: [919, 357, 945, 384]}","[919, 357, 945, 384]","[919, 357, 945, 384]","[919, 357, 945, 384]","(932, 370)",932,370,-11,11,15.56
421,"{1: [914, 375, 931, 393]}","[914, 375, 931, 393]","[914, 375, 931, 393]","[914, 375, 931, 393]","(922, 384)",922,384,-10,14,17.2
422,{},,,"(896, 397, 915, 417)","(905, 407)",905,407,-17,23,28.6
423,{},,,"(882, 419, 901, 440)","(891, 429)",891,429,-14,22,26.08
424,{},,,"(868, 440, 887, 460)","(877, 450)",877,450,-14,21,25.24
425,{},,,"(856, 459, 875, 479)","(865, 469)",865,469,-12,19,22.47
426,"{1: [846, 473, 867, 496]}","[846, 473, 867, 496]","[846, 473, 867, 496]","[846, 473, 867, 496]","(856, 484)",856,484,-9,15,17.49
427,"{1: [836, 497, 855, 517]}","[836, 497, 855, 517]","[836, 497, 855, 517]","[836, 497, 855, 517]","(845, 507)",845,507,-11,23,25.5
428,"{1: [824, 522, 843, 542], 2: [817, 509, 853, 549]}","[817, 509, 853, 549]","[817, 509, 853, 549]","[817, 509, 853, 549]","(835, 529)",835,529,-10,22,24.17
429,"{1: [810, 549, 833, 573]}","[810, 549, 833, 573]","[810, 549, 833, 573]","[810, 549, 833, 573]","(821, 561)",821,561,-14,32,34.93
430,"{1: [799, 578, 819, 601], 2: [792, 575, 823, 607]}","[799, 578, 819, 601]","[799, 578, 819, 601]","[799, 578, 819, 601]","(809, 589)",809,589,-12,28,30.46
431,"{1: [787, 609, 807, 630]}","[787, 609, 807, 630]","[787, 609, 807, 630]","[787, 609, 807, 630]","(797, 619)",797,619,-12,30,32.31
432,"{1: [771, 645, 795, 670]}","[771, 645, 795, 670]","[771, 645, 795, 670]","[771, 645, 795, 670]","(783, 657)",783,657,-14,38,40.5
433,{},,,"(759, 661, 784, 686)","(771, 673)",771,673,-12,16,20.0
434,{},,,"(749, 677, 773, 703)","(761, 690)",761,690,-10,17,19.72
435,{},,,"(739, 692, 763, 718)","(751, 705)",751,705,-10,15,18.03
436,{},,,"(730, 706, 755, 732)","(742, 719)",742,719,-9,14,16.64
437,"{1: [724, 717, 749, 743]}","[724, 717, 749, 743]","[724, 717, 749, 743]","[724, 717, 749, 743]","(736, 730)",736,730,-6,11,12.53
438,"{1: [716, 718, 743, 748]}","[716, 718, 743, 748]","[716, 718, 743, 748]","[716, 718, 743, 748]","(729, 733)",729,733,-7,3,7.62
439,"{1: [712, 728, 733, 749]}","[712, 728, 733, 749]","[712, 728, 733, 749]","[712, 728, 733, 749]","(722, 738)",722,738,-7,5,8.6
440,"{1: [705, 733, 724, 753]}","[705, 733, 724, 753]","[705, 733, 724, 753]","[705, 733, 724, 753]","(714, 743)",714,743,-8,5,9.43
441,"{1: [696, 740, 716, 761]}","[696, 740, 716, 761]","[696, 740, 716, 761]","[696, 740, 716, 761]","(706, 750)",706,750,-8,7,10.63
442,"{1: [690, 753, 711, 775]}","[690, 753, 711, 775]","[690, 753, 711, 775]","[690, 753, 711, 775]","(700, 764)",700,764,-6,14,15.23
443,"{1: [680, 763, 708, 791]}","[680, 763, 708, 791]","[680, 763, 708, 791]","[680, 763, 708, 791]","(694, 777)",694,777,-6,13,14.32
444,"{1: [679, 782, 696, 800]}","[679, 782, 696, 800]","[679, 782, 696, 800]","[679, 782, 696, 800]","(687, 791)",687,791,-7,14,15.65
445,"{1: [686, 730, 709, 755]}","[686, 730, 709, 755]","[686, 730, 709, 755]","[686, 730, 709, 755]","(697, 742)",697,742,10,-49,50.01
446,"{1: [697, 687, 714, 705]}","[697, 687, 714, 705]","[697, 687, 714, 705]","[697, 687, 714, 705]","(705, 696)",705,696,8,-46,46.69
447,"{1: [840, 714, 858, 734], 2: [704, 639, 725, 661]}","[704, 639, 725, 661]","[704, 639, 725, 661]","[704, 639, 725, 661]","(714, 650)",714,650,9,-46,46.87
448,"{1: [713, 587, 734, 608]}","[713, 587, 734, 608]","[713, 587, 734, 608]","[713, 587, 734, 608]","(723, 597)",723,597,9,-53,53.76
449,"{1: [721, 549, 740, 571]}","[721, 549, 740, 571]","[721, 549, 740, 571]","[721, 549, 740, 571]","(730, 560)",730,560,7,-37,37.66
450,"{1: [729, 516, 744, 532]}","[729, 516, 744, 532]","[729, 516, 744, 532]","[729, 516, 744, 532]","(736, 524)",736,524,6,-36,36.5
451,"{1: [729, 484, 756, 511], 2: [730, 485, 753, 508]}","[730, 485, 753, 508]","[730, 485, 753, 508]","[730, 485, 753, 508]","(741, 496)",741,496,5,-28,28.44
452,{},,,"(733, 459, 754, 480)","(743, 469)",743,469,2,-27,27.07
453,{},,,"(736, 435, 757, 456)","(746, 445)",746,445,3,-24,24.19
454,{},,,"(739, 412, 759, 433)","(749, 422)",749,422,3,-23,23.19
455,{},,,"(741, 391, 762, 412)","(751, 401)",751,401,2,-21,21.1
456,"{1: [745, 377, 763, 396]}","[745, 377, 763, 396]","[745, 377, 763, 396]","[745, 377, 763, 396]","(754, 386)",754,386,3,-15,15.3
457,"{1: [744, 360, 768, 386], 2: [741, 358, 770, 389]}","[741, 358, 770, 389]","[741, 358, 770, 389]","[741, 358, 770, 389]","(755, 373)",755,373,1,-13,13.04
458,"{1: [748, 353, 762, 368]}","[748, 353, 762, 368]","[748, 353, 762, 368]","[748, 353, 762, 368]","(755, 360)",755,360,0,-13,13.0
459,"{1: [743, 334, 770, 363]}","[743, 334, 770, 363]","[743, 334, 770, 363]","[743, 334, 770, 363]","(756, 348)",756,348,1,-12,12.04
460,"{1: [747, 331, 764, 349]}","[747, 331, 764, 349]","[747, 331, 764, 349]","[747, 331, 764, 349]","(755, 340)",755,340,-1,-8,8.06
461,"{1: [750, 324, 764, 339]}","[750, 324, 764, 339]","[750, 324, 764, 339]","[750, 324, 764, 339]","(757, 331)",757,331,2,-9,9.22
462,"{1: [743, 311, 770, 339]}","[743, 311, 770, 339]","[743, 311, 770, 339]","[743, 311, 770, 339]","(756, 325)",756,325,-1,-6,6.08
463,"{1: [746, 309, 765, 330]}","[746, 309, 765, 330]","[746, 309, 765, 330]","[746, 309, 765, 330]","(755, 319)",755,319,-1,-6,6.08
464,"{1: [746, 308, 762, 326]}","[746, 308, 762, 326]","[746, 308, 762, 326]","[746, 308, 762, 326]","(754, 317)",754,317,-1,-2,2.24
465,"{1: [746, 307, 761, 324]}","[746, 307, 761, 324]","[746, 307, 761, 324]","[746, 307, 761, 324]","(753, 315)",753,315,-1,-2,2.24
466,"{1: [745, 305, 761, 322]}","[745, 305, 761, 322]","[745, 305, 761, 322]","[745, 305, 761, 322]","(753, 313)",753,313,0,-2,2.0
467,"{1: [744, 302, 761, 321]}","[744, 302, 761, 321]","[744, 302, 761, 321]","[744, 302, 761, 321]","(752, 311)",752,311,-1,-2,2.24
468,"{1: [739, 300, 759, 321]}","[739, 300, 759, 321]","[739, 300, 759, 321]","[739, 300, 759, 321]","(749, 310)",749,310,-3,-1,3.16
469,"{1: [737, 299, 758, 321]}","[737, 299, 758, 321]","[737, 299, 758, 321]","[737, 299, 758, 321]","(747, 310)",747,310,-2,0,2.0
470,"{1: [734, 299, 758, 323]}","[734, 299, 758, 323]","[734, 299, 758, 323]","[734, 299, 758, 323]","(746, 311)",746,311,-1,1,1.41
471,"{1: [734, 300, 757, 326]}","[734, 300, 757, 326]","[734, 300, 757, 326]","[734, 300, 757, 326]","(745, 313)",745,313,-1,2,2.24
472,"{1: [731, 301, 757, 330]}","[731, 301, 757, 330]","[731, 301, 757, 330]","[731, 301, 757, 330]","(744, 315)",744,315,-1,2,2.24
473,"{1: [729, 302, 757, 334]}","[729, 302, 757, 334]","[729, 302, 757, 334]","[729, 302, 757, 334]","(743, 318)",743,318,-1,3,3.16
474,"{1: [726, 310, 752, 336]}","[726, 310, 752, 336]","[726, 310, 752, 336]","[726, 310, 752, 336]","(739, 323)",739,323,-4,5,6.4
475,"{1: [727, 308, 746, 328]}","[727, 308, 746, 328]","[727, 308, 746, 328]","[727, 308, 746, 328]","(736, 318)",736,318,-3,-5,5.83
476,"{1: [726, 298, 741, 316]}","[726, 298, 741, 316]","[726, 298, 741, 316]","[726, 298, 741, 316]","(733, 307)",733,307,-3,-11,11.4
477,{},,,"(718, 284, 739, 306)","(728, 295)",728,295,-5,-12,13.0
478,{},,,"(715, 273, 735, 296)","(725, 284)",725,284,-3,-11,11.4
479,"{1: [710, 264, 736, 291]}","[710, 264, 736, 291]","[710, 264, 736, 291]","[710, 264, 736, 291]","(723, 277)",723,277,-2,-7,7.28
480,"{1: [708, 253, 734, 281]}","[708, 253, 734, 281]","[708, 253, 734, 281]","[708, 253, 734, 281]","(721, 267)",721,267,-2,-10,10.2
481,"{1: [706, 251, 726, 271]}","[706, 251, 726, 271]","[706, 251, 726, 271]","[706, 251, 726, 271]","(716, 261)",716,261,-5,-6,7.81
482,"{1: [705, 247, 722, 267]}","[705, 247, 722, 267]","[705, 247, 722, 267]","[705, 247, 722, 267]","(713, 257)",713,257,-3,-4,5.0
483,"{1: [696, 238, 723, 267]}","[696, 238, 723, 267]","[696, 238, 723, 267]","[696, 238, 723, 267]","(709, 252)",709,252,-4,-5,6.4
484,"{1: [700, 236, 724, 263]}","[700, 236, 724, 263]","[700, 236, 724, 263]","[700, 236, 724, 263]","(712, 249)",712,249,3,-3,4.24
485,"{1: [686, 237, 712, 268]}","[686, 237, 712, 268]","[686, 237, 712, 268]","[686, 237, 712, 268]","(699, 252)",699,252,-13,3,13.34
486,"{1: [681, 245, 702, 267]}","[681, 245, 702, 267]","[681, 245, 702, 267]","[681, 245, 702, 267]","(691, 256)",691,256,-8,4,8.94
487,"{1: [678, 254, 691, 269]}","[678, 254, 691, 269]","[678, 254, 691, 269]","[678, 254, 691, 269]","(684, 261)",684,261,-7,5,8.6
488,"{1: [665, 258, 687, 280]}","[665, 258, 687, 280]","[665, 258, 687, 280]","[665, 258, 687, 280]","(676, 269)",676,269,-8,8,11.31
489,{},,,"(655, 271, 678, 295)","(666, 283)",666,283,-10,14,17.2
490,{},,,"(646, 285, 669, 309)","(657, 297)",657,297,-9,14,16.64
491,{},,,"(639, 298, 662, 322)","(650, 310)",650,310,-7,13,14.76
492,"{1: [633, 307, 657, 333], 2: [631, 302, 661, 335]}","[633, 307, 657, 333]","[633, 307, 657, 333]","[633, 307, 657, 333]","(645, 320)",645,320,-5,10,11.18
493,"{1: [628, 330, 642, 346]}","[628, 330, 642, 346]","[628, 330, 642, 346]","[628, 330, 642, 346]","(635, 338)",635,338,-10,18,20.59
494,"{1: [618, 347, 638, 366]}","[618, 347, 638, 366]","[618, 347, 638, 366]","[618, 347, 638, 366]","(628, 356)",628,356,-7,18,19.31
495,{},,,"(604, 383, 630, 411)","(617, 397)",617,397,-11,41,42.45
496,{},,,"(594, 423, 619, 451)","(606, 437)",606,437,-11,40,41.48
497,{},,,"(584, 462, 609, 490)","(596, 476)",596,476,-10,39,40.26
498,{},,,"(574, 500, 600, 528)","(587, 514)",587,514,-9,38,39.05
499,{},,,"(565, 537, 590, 565)","(577, 551)",577,551,-10,37,38.33
500,{},,,"(556, 571, 582, 599)","(569, 585)",569,585,-8,34,34.93
501,{},,,"(548, 604, 573, 632)","(560, 618)",560,618,-9,33,34.21
502,{},,,"(540, 633, 566, 661)","(553, 647)",553,647,-7,29,29.83
503,"{1: [538, 662, 558, 681], 2: [533, 652, 564, 689]}","[533, 652, 564, 689]","[533, 652, 564, 689]","[533, 652, 564, 689]","(548, 670)",548,670,-5,23,23.54
504,"{1: [532, 668, 548, 686]}","[532, 668, 548, 686]","[532, 668, 548, 686]","[532, 668, 548, 686]","(540, 677)",540,677,-8,7,10.63
505,"{1: [524, 668, 544, 690]}","[524, 668, 544, 690]","[524, 668, 544, 690]","[524, 668, 544, 690]","(534, 679)",534,679,-6,2,6.32
506,"{1: [517, 667, 543, 697]}","[517, 667, 543, 697]","[517, 667, 543, 697]","[517, 667, 543, 697]","(530, 682)",530,682,-4,3,5.0
507,"{1: [511, 682, 528, 701]}","[511, 682, 528, 701]","[511, 682, 528, 701]","[511, 682, 528, 701]","(519, 691)",519,691,-11,9,14.21
508,{},,,"(503, 696, 519, 714)","(511, 705)",511,705,-8,14,16.12
509,{},,,"(496, 709, 512, 727)","(504, 718)",504,718,-7,13,14.76
510,{},,,"(489, 721, 506, 739)","(497, 730)",497,730,-7,12,13.89
511,"{1: [485, 732, 501, 749]}","[485, 732, 501, 749]","[485, 732, 501, 749]","[485, 732, 501, 749]","(493, 740)",493,740,-4,10,10.77
512,"{1: [476, 753, 496, 774]}","[476, 753, 496, 774]","[476, 753, 496, 774]","[476, 753, 496, 774]","(486, 763)",486,763,-7,23,24.04
513,"{1: [466, 776, 487, 797], 2: [463, 772, 493, 800]}","[463, 772, 493, 800]","[463, 772, 493, 800]","[463, 772, 493, 800]","(478, 786)",478,786,-8,23,24.35
514,"{1: [462, 801, 477, 818]}","[462, 801, 477, 818]","[462, 801, 477, 818]","[462, 801, 477, 818]","(469, 809)",469,809,-9,23,24.7
515,"{1: [445, 836, 472, 865]}","[445, 836, 472, 865]","[445, 836, 472, 865]","[445, 836, 472, 865]","(458, 850)",458,850,-11,41,42.45
516,"{1: [444, 855, 470, 884]}","[444, 855, 470, 884]","[444, 855, 470, 884]","[444, 855, 470, 884]","(457, 869)",457,869,-1,19,19.03
517,{},,,"(479, 765, 503, 792)","(491, 778)",491,778,34,-91,97.14
518,"{1: [507, 698, 530, 722], 2: [505, 694, 532, 724]}","[507, 698, 530, 722]","[507, 698, 530, 722]","[507, 698, 530, 722]","(518, 710)",518,710,27,-68,73.16
519,"{1: [529, 645, 553, 669]}","[529, 645, 553, 669]","[529, 645, 553, 669]","[529, 645, 553, 669]","(541, 657)",541,657,23,-53,57.78
520,"{1: [560, 587, 577, 605]}","[560, 587, 577, 605]","[560, 587, 577, 605]","[560, 587, 577, 605]","(568, 596)",568,596,27,-61,66.71
521,"{1: [581, 544, 596, 560]}","[581, 544, 596, 560]","[581, 544, 596, 560]","[581, 544, 596, 560]","(588, 552)",588,552,20,-44,48.33
522,"{1: [599, 498, 619, 519]}","[599, 498, 619, 519]","[599, 498, 619, 519]","[599, 498, 619, 519]","(609, 508)",609,508,21,-44,48.75
523,{},,,"(618, 468, 636, 487)","(627, 477)",627,477,18,-31,35.85
524,{},,,"(635, 439, 653, 458)","(644, 448)",644,448,17,-29,33.62
525,{},,,"(651, 412, 669, 431)","(660, 421)",660,421,16,-27,31.38
526,{},,,"(665, 388, 683, 407)","(674, 397)",674,397,14,-24,27.78
527,"{1: [678, 371, 694, 388]}","[678, 371, 694, 388]","[678, 371, 694, 388]","[678, 371, 694, 388]","(686, 379)",686,379,12,-18,21.63
528,"{1: [684, 351, 710, 379]}","[684, 351, 710, 379]","[684, 351, 710, 379]","[684, 351, 710, 379]","(697, 365)",697,365,11,-14,17.8
529,"{1: [702, 344, 717, 362]}","[702, 344, 717, 362]","[702, 344, 717, 362]","[702, 344, 717, 362]","(709, 353)",709,353,12,-12,16.97
530,"{1: [708, 328, 733, 356]}","[708, 328, 733, 356]","[708, 328, 733, 356]","[708, 328, 733, 356]","(720, 342)",720,342,11,-11,15.56
531,"{1: [725, 326, 738, 341]}","[725, 326, 738, 341]","[725, 326, 738, 341]","[725, 326, 738, 341]","(731, 333)",731,333,11,-9,14.21
532,"{1: [729, 313, 751, 337], 2: [726, 313, 756, 341]}","[726, 313, 756, 341]","[726, 313, 756, 341]","[726, 313, 756, 341]","(741, 327)",741,327,10,-6,11.66
533,"{1: [736, 309, 760, 335]}","[736, 309, 760, 335]","[736, 309, 760, 335]","[736, 309, 760, 335]","(748, 322)",748,322,7,-5,8.6
534,"{1: [747, 308, 765, 328]}","[747, 308, 765, 328]","[747, 308, 765, 328]","[747, 308, 765, 328]","(756, 318)",756,318,8,-4,8.94
535,"{1: [753, 305, 777, 331], 2: [751, 299, 781, 333]}","[753, 305, 777, 331]","[753, 305, 777, 331]","[753, 305, 777, 331]","(765, 318)",765,318,9,0,9.0
536,"{1: [762, 306, 783, 328]}","[762, 306, 783, 328]","[762, 306, 783, 328]","[762, 306, 783, 328]","(772, 317)",772,317,7,-1,7.07
537,"{1: [770, 308, 787, 326]}","[770, 308, 787, 326]","[770, 308, 787, 326]","[770, 308, 787, 326]","(778, 317)",778,317,6,0,6.0
538,"{1: [776, 307, 799, 331], 2: [773, 298, 805, 334]}","[776, 307, 799, 331]","[776, 307, 799, 331]","[776, 307, 799, 331]","(787, 319)",787,319,9,2,9.22
539,"{1: [781, 307, 806, 334]}","[781, 307, 806, 334]","[781, 307, 806, 334]","[781, 307, 806, 334]","(793, 320)",793,320,6,1,6.08
540,"{1: [786, 310, 811, 337]}","[786, 310, 811, 337]","[786, 310, 811, 337]","[786, 310, 811, 337]","(798, 323)",798,323,5,3,5.83
541,"{1: [799, 320, 814, 338], 2: [789, 311, 823, 349]}","[799, 320, 814, 338]","[799, 320, 814, 338]","[799, 320, 814, 338]","(806, 329)",806,329,8,6,10.0
542,"{1: [802, 323, 822, 342], 2: [798, 316, 828, 349]}","[802, 323, 822, 342]","[802, 323, 822, 342]","[802, 323, 822, 342]","(812, 332)",812,332,6,3,6.71
543,"{1: [801, 307, 827, 333]}","[801, 307, 827, 333]","[801, 307, 827, 333]","[801, 307, 827, 333]","(814, 320)",814,320,2,-12,12.17
544,"{1: [807, 294, 830, 317]}","[807, 294, 830, 317]","[807, 294, 830, 317]","[807, 294, 830, 317]","(818, 305)",818,305,4,-15,15.52
545,{},,,"(807, 275, 831, 300)","(819, 287)",819,287,1,-18,18.03
546,"{1: [809, 261, 833, 289]}","[809, 261, 833, 289]","[809, 261, 833, 289]","[809, 261, 833, 289]","(821, 275)",821,275,2,-12,12.17
547,"{1: [815, 256, 832, 275]}","[815, 256, 832, 275]","[815, 256, 832, 275]","[815, 256, 832, 275]","(823, 265)",823,265,2,-10,10.2
548,"{1: [814, 238, 842, 268]}","[814, 238, 842, 268]","[814, 238, 842, 268]","[814, 238, 842, 268]","(828, 253)",828,253,5,-12,13.0
549,"{1: [820, 235, 836, 253]}","[820, 235, 836, 253]","[820, 235, 836, 253]","[820, 235, 836, 253]","(828, 244)",828,244,0,-9,9.0
550,"{1: [823, 229, 837, 245]}","[823, 229, 837, 245]","[823, 229, 837, 245]","[823, 229, 837, 245]","(830, 237)",830,237,2,-7,7.28
551,"{1: [824, 223, 841, 243]}","[824, 223, 841, 243]","[824, 223, 841, 243]","[824, 223, 841, 243]","(832, 233)",832,233,2,-4,4.47
552,"{1: [821, 225, 835, 243]}","[821, 225, 835, 243]","[821, 225, 835, 243]","[821, 225, 835, 243]","(828, 234)",828,234,-4,1,4.12
553,"{1: [805, 225, 829, 251]}","[805, 225, 829, 251]","[805, 225, 829, 251]","[805, 225, 829, 251]","(817, 238)",817,238,-11,4,11.7
554,"{1: [795, 236, 812, 254]}","[795, 236, 812, 254]","[795, 236, 812, 254]","[795, 236, 812, 254]","(803, 245)",803,245,-14,7,15.65
555,"{1: [779, 242, 806, 268]}","[779, 242, 806, 268]","[779, 242, 806, 268]","[779, 242, 806, 268]","(792, 255)",792,255,-11,10,14.87
556,"{1: [770, 259, 786, 276]}","[770, 259, 786, 276]","[770, 259, 786, 276]","[770, 259, 786, 276]","(778, 267)",778,267,-14,12,18.44
557,"{1: [753, 265, 782, 292]}","[753, 265, 782, 292]","[753, 265, 782, 292]","[753, 265, 782, 292]","(767, 278)",767,278,-11,11,15.56
558,{},,,"(737, 285, 760, 307)","(748, 296)",748,296,-19,18,26.17
559,"{1: [728, 302, 745, 320]}","[728, 302, 745, 320]","[728, 302, 745, 320]","[728, 302, 745, 320]","(736, 311)",736,311,-12,15,19.21
560,"{1: [711, 316, 733, 340]}","[711, 316, 733, 340]","[711, 316, 733, 340]","[711, 316, 733, 340]","(722, 328)",722,328,-14,17,22.02
561,"{1: [700, 341, 717, 362]}","[700, 341, 717, 362]","[700, 341, 717, 362]","[700, 341, 717, 362]","(708, 351)",708,351,-14,23,26.93
562,{},,,"(677, 376, 696, 397)","(686, 386)",686,386,-22,35,41.34
563,{},,,"(657, 411, 676, 431)","(666, 421)",666,421,-20,35,40.31
564,{},,,"(639, 443, 657, 463)","(648, 453)",648,453,-18,32,36.72
565,{},,,"(622, 472, 641, 492)","(631, 482)",631,482,-17,29,33.62
566,"{1: [609, 495, 629, 515], 2: [604, 485, 637, 521]}","[609, 495, 629, 515]","[609, 495, 629, 515]","[609, 495, 629, 515]","(619, 505)",619,505,-12,23,25.94
567,"{1: [590, 525, 616, 555]}","[590, 525, 616, 555]","[590, 525, 616, 555]","[590, 525, 616, 555]","(603, 540)",603,540,-16,35,38.48
568,"{1: [566, 576, 592, 603]}","[566, 576, 592, 603]","[566, 576, 592, 603]","[566, 576, 592, 603]","(579, 589)",579,589,-24,49,54.56
569,{},,,"(541, 627, 566, 654)","(553, 640)",553,640,-26,51,57.25
570,"{1: [524, 668, 547, 694], 2: [520, 672, 546, 699]}","[524, 668, 547, 694]","[524, 668, 547, 694]","[524, 668, 547, 694]","(535, 681)",535,681,-18,41,44.78
571,"{1: [512, 687, 529, 704], 2: [778, 898, 807, 927]}","[778, 898, 807, 927]",,"(504, 679, 522, 700)","(513, 689)",513,689,-22,8,23.41
572,"{1: [763, 898, 784, 919]}","[763, 898, 784, 919]",,"(484, 687, 502, 708)","(493, 697)",493,697,-20,8,21.54
573,{},,,"(465, 695, 483, 716)","(474, 705)",474,705,-19,8,20.62
574,"{1: [450, 697, 474, 722], 2: [449, 694, 477, 728]}","[449, 694, 477, 728]",,"(447, 702, 466, 723)","(456, 712)",456,712,-18,7,19.31
575,"{1: [437, 711, 451, 727]}","[437, 711, 451, 727]","[437, 711, 451, 727]","[437, 711, 451, 727]","(444, 719)",444,719,-12,7,13.89
576,"{1: [411, 718, 437, 744]}","[411, 718, 437, 744]","[411, 718, 437, 744]","[411, 718, 437, 744]","(424, 731)",424,731,-20,12,23.32
577,"{1: [393, 736, 413, 757], 2: [388, 725, 421, 762]}","[393, 736, 413, 757]","[393, 736, 413, 757]","[393, 736, 413, 757]","(403, 746)",403,746,-21,15,25.81
578,"{1: [369, 749, 396, 777], 2: [370, 753, 393, 774]}","[369, 749, 396, 777]","[369, 749, 396, 777]","[369, 749, 396, 777]","(382, 763)",382,763,-21,17,27.02
579,"{1: [345, 773, 372, 799]}","[345, 773, 372, 799]","[345, 773, 372, 799]","[345, 773, 372, 799]","(358, 786)",358,786,-24,23,33.24
580,"{1: [321, 794, 349, 821], 2: [322, 799, 345, 822]}","[322, 799, 345, 822]","[322, 799, 345, 822]","[322, 799, 345, 822]","(333, 810)",333,810,-25,24,34.66
581,{},,,"(294, 830, 320, 857)","(307, 843)",307,843,-26,33,42.01
582,"{1: [274, 855, 302, 885]}","[274, 855, 302, 885]","[274, 855, 302, 885]","[274, 855, 302, 885]","(288, 870)",288,870,-19,27,33.02
583,{},,,"(239, 910, 264, 937)","(251, 923)",251,923,-37,53,64.64
584,{},,,"(207, 959, 232, 985)","(219, 972)",219,972,-32,49,58.52
585,"{1: [184, 999, 207, 1022]}","[184, 999, 207, 1022]","[184, 999, 207, 1022]","[184, 999, 207, 1022]","(195, 1010)",195,1010,-24,38,44.94
586,"{1: [159, 1033, 185, 1059], 2: [161, 1030, 187, 1066]}","[159, 1033, 185, 1059]","[159, 1033, 185, 1059]","[159, 1033, 185, 1059]","(172, 1046)",172,1046,-23,36,42.72
587,{},,,"[159, 1033, 185, 1059]","(172, 1046)",172,1046,0,0,0.0
588,{},,,"[159, 1033, 185, 1059]","(172, 1046)",172,1046,0,0,0.0
589,{},,,"[159, 1033, 185, 1059]","(172, 1046)",172,1046,0,0,0.0
590,{},,,"[159, 1033, 185, 1059]","(172, 1046)",172,1046,0,0,0.0
