frame,multi_ball_position,single_ball_position,clean_ball_position,complete_ball_position,centre_point,x,y,x_diff,y_diff,velocity
0,"{1: [1009, 90, 1025, 107]}","{1: [1009, 90, 1025, 107]}","{1: [1009, 90, 1025, 107]}","{1: [1009.0, 90.0, 1025.0, 107.0]}","(1017, 98)",1017,98,0,0,0.0
1,{},{},{},"{1: [1009.0, 88.0, 1024.0, 105.0]}","(1016, 96)",1016,96,-1,-2,2.24
2,{},{},{},"{1: [1010.0, 87.0, 1025.0, 104.0]}","(1017, 95)",1017,95,1,-1,1.41
3,{},{},{},"{1: [1010.0, 87.0, 1025.0, 104.0]}","(1017, 95)",1017,95,0,0,0.0
4,{},{},{},"{1: [1010.0, 86.0, 1025.0, 103.0]}","(1017, 94)",1017,94,0,-1,1.0
5,{},{},{},"{1: [1010.0, 85.0, 1025.0, 102.0]}","(1017, 93)",1017,93,0,-1,1.0
6,{},{},{},"{1: [1011.0, 84.0, 1026.0, 101.0]}","(1018, 92)",1018,92,1,-1,1.41
7,{},{},{},"{1: [1011.0, 84.0, 1026.0, 101.0]}","(1018, 92)",1018,92,0,0,0.0
8,{},{},{},"{1: [1011.0, 83.0, 1026.0, 100.0]}","(1018, 91)",1018,91,0,-1,1.0
9,{},{},{},"{1: [1011.0, 83.0, 1026.0, 100.0]}","(1018, 91)",1018,91,0,0,0.0
10,{},{},{},"{1: [1012.0, 82.0, 1027.0, 99.0]}","(1019, 90)",1019,90,1,-1,1.41
11,{},{},{},"{1: [1012.0, 81.0, 1027.0, 98.0]}","(1019, 89)",1019,89,0,-1,1.0
12,"{1: [1013, 82, 1027, 99]}","{1: [1013, 82, 1027, 99]}","{1: [1013, 82, 1027, 99]}","{1: [1013.0, 82.0, 1027.0, 99.0]}","(1020, 90)",1020,90,1,1,1.41
13,{},{},{},"{1: [988.0, 100.0, 1007.0, 122.0]}","(997, 111)",997,111,-23,21,31.14
14,{},{},{},"{1: [1009.0, 97.0, 1029.0, 117.0]}","(976, 131)",976,131,-21,20,29.0
15,{},{},{},"{1: [946.0, 141.0, 965.0, 162.0]}","(955, 151)",955,151,-21,20,29.0
16,{},{},{},"{1: [927.0, 160.0, 946.0, 181.0]}","(936, 170)",936,170,-19,19,26.87
17,{},{},{},"{1: [909.0, 178.0, 928.0, 199.0]}","(918, 188)",918,188,-18,18,25.46
18,{},{},{},"{1: [893.0, 193.0, 912.0, 215.0]}","(902, 204)",902,204,-16,16,22.63
19,"{1: [878, 204, 902, 230], 2: [1013, 231, 1027, 246]}","{1: [878, 204, 902, 230]}","{1: [878, 204, 902, 230]}","{1: [878.0, 204.0, 902.0, 230.0]}","(890, 217)",890,217,-12,13,17.69
20,"{1: [846, 236, 873, 264]}","{1: [846, 236, 873, 264]}","{1: [846, 236, 873, 264]}","{1: [846.0, 236.0, 873.0, 264.0]}","(859, 250)",859,250,-31,33,45.28
21,{},{},{},"{1: [816.0, 276.0, 841.0, 303.0]}","(828, 289)",828,289,-31,39,49.82
22,"{1: [794, 309, 818, 334]}","{1: [794, 309, 818, 334]}","{1: [794, 309, 818, 334]}","{1: [794.0, 309.0, 818.0, 334.0]}","(806, 321)",806,321,-22,32,38.83
23,"{1: [773, 349, 788, 367]}","{1: [773, 349, 788, 367]}","{1: [773, 349, 788, 367]}","{1: [773.0, 349.0, 788.0, 367.0]}","(780, 358)",780,358,-26,37,45.22
24,{},{},{},"{1: [740.0, 403.0, 758.0, 422.0]}","(749, 412)",749,412,-31,54,62.27
25,{},{},{},"{1: [712.0, 452.0, 730.0, 472.0]}","(721, 462)",721,462,-28,50,57.31
26,"{1: [690, 491, 711, 512]}","{1: [690, 491, 711, 512]}","{1: [690, 491, 711, 512]}","{1: [690.0, 491.0, 711.0, 512.0]}","(700, 501)",700,501,-21,39,44.29
27,{},{},{},"{1: [658.0, 543.0, 682.0, 569.0]}","(670, 556)",670,556,-30,55,62.65
28,"{1: [634, 585, 661, 616]}","{1: [634, 585, 661, 616]}","{1: [634, 585, 661, 616]}","{1: [634.0, 585.0, 661.0, 616.0]}","(647, 600)",647,600,-23,44,49.65
29,"{1: [614, 583, 637, 606], 2: [1016, 226, 1032, 244]}","{1: [614, 583, 637, 606]}","{1: [614, 583, 637, 606]}","{1: [614.0, 583.0, 637.0, 606.0]}","(625, 594)",625,594,-22,-6,22.8
30,"{1: [583, 575, 609, 602]}","{1: [583, 575, 609, 602]}","{1: [583, 575, 609, 602]}","{1: [583.0, 575.0, 609.0, 602.0]}","(596, 588)",596,588,-29,-6,29.61
31,"{1: [564, 573, 591, 607]}","{1: [564, 573, 591, 607]}","{1: [564, 573, 591, 607]}","{1: [564.0, 573.0, 591.0, 607.0]}","(577, 590)",577,590,-19,2,19.1
32,{},{},{},"{1: [531.0, 573.0, 558.0, 603.0]}","(544, 588)",544,588,-33,-2,33.06
33,"{1: [507, 574, 533, 601]}","{1: [507, 574, 533, 601]}","{1: [507, 574, 533, 601]}","{1: [507.0, 574.0, 533.0, 601.0]}","(520, 587)",520,587,-24,-1,24.02
34,"{1: [489, 581, 507, 602]}","{1: [489, 581, 507, 602]}","{1: [489, 581, 507, 602]}","{1: [489.0, 581.0, 507.0, 602.0]}","(498, 591)",498,591,-22,4,22.36
35,"{1: [462, 590, 477, 606]}","{1: [462, 590, 477, 606]}","{1: [462, 590, 477, 606]}","{1: [462.0, 590.0, 477.0, 606.0]}","(469, 598)",469,598,-29,7,29.83
36,"{1: [434, 596, 452, 617]}","{1: [434, 596, 452, 617]}","{1: [434, 596, 452, 617]}","{1: [434.0, 596.0, 452.0, 617.0]}","(443, 606)",443,606,-26,8,27.2
37,"{1: [414, 610, 428, 627]}","{1: [414, 610, 428, 627]}","{1: [414, 610, 428, 627]}","{1: [414.0, 610.0, 428.0, 627.0]}","(421, 618)",421,618,-22,12,25.06
38,{},{},{},"{1: [487.0, 566.0, 505.0, 587.0]}","(496, 576)",496,576,75,-42,85.96
39,{},{},{},"{1: [554.0, 529.0, 572.0, 550.0]}","(563, 539)",563,539,67,-37,76.54
40,"{1: [605, 500, 627, 525]}","{1: [605, 500, 627, 525]}","{1: [605, 500, 627, 525]}","{1: [605.0, 500.0, 627.0, 525.0]}","(616, 512)",616,512,53,-27,59.48
41,"{1: [649, 480, 672, 506], 2: [646, 478, 676, 509]}","{1: [646, 478, 676, 509]}","{1: [646, 478, 676, 509]}","{1: [646.0, 478.0, 676.0, 509.0]}","(661, 493)",661,493,45,-19,48.85
42,{},{},{},"{1: [692.0, 467.0, 716.0, 492.0]}","(704, 479)",704,479,43,-14,45.22
43,{},{},{},"{1: [734.0, 454.0, 758.0, 480.0]}","(746, 467)",746,467,42,-12,43.68
44,{},{},{},"{1: [775.0, 442.0, 800.0, 467.0]}","(787, 454)",787,454,41,-13,43.01
45,{},{},{},"{1: [816.0, 430.0, 840.0, 455.0]}","(828, 442)",828,442,41,-12,42.72
46,{},{},{},"{1: [854.0, 418.0, 879.0, 444.0]}","(866, 431)",866,431,38,-11,39.56
47,{},{},{},"{1: [892.0, 407.0, 916.0, 433.0]}","(904, 420)",904,420,38,-11,39.56
48,{},{},{},"{1: [927.0, 396.0, 952.0, 422.0]}","(939, 409)",939,409,35,-11,36.69
49,{},{},{},"{1: [960.0, 387.0, 985.0, 412.0]}","(972, 399)",972,399,33,-10,34.48
50,{},{},{},"{1: [990.0, 378.0, 1015.0, 403.0]}","(1002, 390)",1002,390,30,-9,31.32
51,"{1: [1017, 374, 1036, 394]}","{1: [1017, 374, 1036, 394]}","{1: [1017, 374, 1036, 394]}","{1: [1017.0, 374.0, 1036.0, 394.0]}","(1026, 384)",1026,384,24,-6,24.74
52,{},{},{},"{1: [1042.0, 376.0, 1060.0, 396.0]}","(1051, 386)",1051,386,25,2,25.08
53,"{1: [1062, 378, 1080, 398]}","{1: [1062, 378, 1080, 398]}","{1: [1062, 378, 1080, 398]}","{1: [1062.0, 378.0, 1080.0, 398.0]}","(1071, 388)",1071,388,20,2,20.1
54,{},{},{},"{1: [1083.0, 377.0, 1099.0, 395.0]}","(1091, 386)",1091,386,20,-2,20.1
55,{},{},{},"{1: [1102.0, 375.0, 1118.0, 393.0]}","(1110, 384)",1110,384,19,-2,19.1
56,{},{},{},"{1: [1118.0, 391.0, 1138.0, 411.0]}","(1127, 383)",1127,383,17,-1,17.03
57,"{1: [1134, 374, 1149, 390]}","{1: [1134, 374, 1149, 390]}","{1: [1134, 374, 1149, 390]}","{1: [1134.0, 374.0, 1149.0, 390.0]}","(1141, 382)",1141,382,14,-1,14.04
58,"{1: [1142, 349, 1167, 375]}","{1: [1142, 349, 1167, 375]}","{1: [1142, 349, 1167, 375]}","{1: [1142.0, 349.0, 1167.0, 375.0]}","(1154, 362)",1154,362,13,-20,23.85
59,"{1: [1154, 334, 1177, 358]}","{1: [1154, 334, 1177, 358]}","{1: [1154, 334, 1177, 358]}","{1: [1154.0, 334.0, 1177.0, 358.0]}","(1165, 346)",1165,346,11,-16,19.42
60,"{1: [1166, 319, 1189, 341]}","{1: [1166, 319, 1189, 341]}","{1: [1166, 319, 1189, 341]}","{1: [1166.0, 319.0, 1189.0, 341.0]}","(1177, 330)",1177,330,12,-16,20.0
61,"{1: [1178, 308, 1195, 328]}","{1: [1178, 308, 1195, 328]}","{1: [1178, 308, 1195, 328]}","{1: [1178.0, 308.0, 1195.0, 328.0]}","(1186, 318)",1186,318,9,-12,15.0
62,"{1: [1184, 297, 1204, 318]}","{1: [1184, 297, 1204, 318]}","{1: [1184, 297, 1204, 318]}","{1: [1184.0, 297.0, 1204.0, 318.0]}","(1194, 307)",1194,307,8,-11,13.6
63,{},{},{},"{1: [1184.0, 292.0, 1202.0, 311.0]}","(1193, 301)",1193,301,-1,-6,6.08
64,{},{},{},"{1: [1184.0, 286.0, 1201.0, 306.0]}","(1192, 296)",1192,296,-1,-5,5.1
65,{},{},{},"{1: [1183.0, 281.0, 1201.0, 301.0]}","(1192, 291)",1192,291,0,-5,5.0
66,{},{},{},"{1: [1183.0, 277.0, 1200.0, 296.0]}","(1191, 286)",1191,286,-1,-5,5.1
67,{},{},{},"{1: [1182.0, 272.0, 1200.0, 291.0]}","(1191, 281)",1191,281,0,-5,5.0
68,{},{},{},"{1: [1182.0, 267.0, 1200.0, 286.0]}","(1191, 276)",1191,276,0,-5,5.0
69,{},{},{},"{1: [1182.0, 262.0, 1199.0, 282.0]}","(1190, 272)",1190,272,-1,-4,4.12
70,{},{},{},"{1: [1181.0, 258.0, 1199.0, 277.0]}","(1190, 267)",1190,267,0,-5,5.0
71,{},{},{},"{1: [1181.0, 253.0, 1198.0, 273.0]}","(1189, 263)",1189,263,-1,-4,4.12
72,{},{},{},"{1: [1180.0, 249.0, 1198.0, 269.0]}","(1189, 259)",1189,259,0,-4,4.0
73,{},{},{},"{1: [1180.0, 245.0, 1197.0, 265.0]}","(1188, 255)",1188,255,-1,-4,4.12
74,{},{},{},"{1: [1263.0, 270.0, 1283.0, 290.0]}","(1188, 251)",1188,251,0,-4,4.0
75,{},{},{},"{1: [1179.0, 238.0, 1197.0, 257.0]}","(1188, 247)",1188,247,0,-4,4.0
76,{},{},{},"{1: [1179.0, 234.0, 1196.0, 254.0]}","(1187, 244)",1187,244,-1,-3,3.16
77,"{1: [1181, 233, 1196, 251]}","{1: [1181, 233, 1196, 251]}","{1: [1181, 233, 1196, 251]}","{1: [1181.0, 233.0, 1196.0, 251.0]}","(1188, 242)",1188,242,1,-2,2.24
78,"{1: [1178, 211, 1196, 231]}","{1: [1178, 211, 1196, 231]}","{1: [1178, 211, 1196, 231]}","{1: [1178.0, 211.0, 1196.0, 231.0]}","(1187, 221)",1187,221,-1,-21,21.02
79,"{1: [1182, 205, 1197, 222]}","{1: [1182, 205, 1197, 222]}","{1: [1182, 205, 1197, 222]}","{1: [1182.0, 205.0, 1197.0, 222.0]}","(1189, 213)",1189,213,2,-8,8.25
80,"{1: [1178, 261, 1203, 289]}","{1: [1178, 261, 1203, 289]}","{1: [1178, 261, 1203, 289]}","{1: [1178.0, 261.0, 1203.0, 289.0]}","(1190, 275)",1190,275,1,62,62.01
81,"{1: [1166, 266, 1190, 291]}","{1: [1166, 266, 1190, 291]}","{1: [1166, 266, 1190, 291]}","{1: [1166.0, 266.0, 1190.0, 291.0]}","(1178, 278)",1178,278,-12,3,12.37
82,"{1: [1158, 272, 1173, 291]}","{1: [1158, 272, 1173, 291]}","{1: [1158, 272, 1173, 291]}","{1: [1158.0, 272.0, 1173.0, 291.0]}","(1165, 281)",1165,281,-13,3,13.34
83,{},{},{},"{1: [1137.0, 276.0, 1158.0, 298.0]}","(1147, 287)",1147,287,-18,6,18.97
84,{},{},{},"{1: [1121.0, 282.0, 1141.0, 305.0]}","(1131, 293)",1131,293,-16,6,17.09
85,{},{},{},"{1: [1106.0, 288.0, 1127.0, 310.0]}","(1116, 299)",1116,299,-15,6,16.16
86,"{1: [1093, 291, 1119, 317]}","{1: [1093, 291, 1119, 317]}","{1: [1093, 291, 1119, 317]}","{1: [1093.0, 291.0, 1119.0, 317.0]}","(1106, 304)",1106,304,-10,5,11.18
87,"{1: [1084, 303, 1099, 319]}","{1: [1084, 303, 1099, 319]}","{1: [1084, 303, 1099, 319]}","{1: [1084.0, 303.0, 1099.0, 319.0]}","(1091, 311)",1091,311,-15,7,16.55
88,"{1: [1065, 307, 1090, 332], 2: [1064, 301, 1093, 334]}","{1: [1065, 307, 1090, 332]}","{1: [1065, 307, 1090, 332]}","{1: [1065.0, 307.0, 1090.0, 332.0]}","(1077, 319)",1077,319,-14,8,16.12
89,"{1: [1051, 317, 1071, 339]}","{1: [1051, 317, 1071, 339]}","{1: [1051, 317, 1071, 339]}","{1: [1051.0, 317.0, 1071.0, 339.0]}","(1061, 328)",1061,328,-16,9,18.36
90,"{1: [1037, 330, 1054, 348]}","{1: [1037, 330, 1054, 348]}","{1: [1037, 330, 1054, 348]}","{1: [1037.0, 330.0, 1054.0, 348.0]}","(1045, 339)",1045,339,-16,11,19.42
91,"{1: [1018, 337, 1045, 364]}","{1: [1018, 337, 1045, 364]}","{1: [1018, 337, 1045, 364]}","{1: [1018.0, 337.0, 1045.0, 364.0]}","(1031, 350)",1031,350,-14,11,17.8
92,"{1: [1007, 354, 1025, 373]}","{1: [1007, 354, 1025, 373]}","{1: [1007, 354, 1025, 373]}","{1: [1007.0, 354.0, 1025.0, 373.0]}","(1016, 363)",1016,363,-15,13,19.85
93,"{1: [992, 370, 1007, 386]}","{1: [992, 370, 1007, 386]}","{1: [992, 370, 1007, 386]}","{1: [992.0, 370.0, 1007.0, 386.0]}","(999, 378)",999,378,-17,15,22.67
94,{},{},{},"{1: [971.0, 390.0, 989.0, 410.0]}","(980, 400)",980,400,-19,22,29.07
95,{},{},{},"{1: [953.0, 411.0, 971.0, 432.0]}","(962, 421)",962,421,-18,21,27.66
96,{},{},{},"{1: [936.0, 432.0, 954.0, 452.0]}","(945, 442)",945,442,-17,21,27.02
97,{},{},{},"{1: [920.0, 451.0, 938.0, 471.0]}","(929, 461)",929,461,-16,19,24.84
98,{},{},{},"{1: [905.0, 468.0, 924.0, 488.0]}","(914, 478)",914,478,-15,17,22.67
99,"{1: [893, 480, 915, 505], 2: [888, 478, 916, 508]}","{1: [893, 480, 915, 505]}","{1: [893, 480, 915, 505]}","{1: [893.0, 480.0, 915.0, 505.0]}","(904, 492)",904,492,-10,14,17.2
100,"{1: [872, 504, 901, 532], 2: [874, 507, 895, 530]}","{1: [872, 504, 901, 532]}","{1: [872, 504, 901, 532]}","{1: [872.0, 504.0, 901.0, 532.0]}","(886, 518)",886,518,-18,26,31.62
101,"{1: [856, 533, 878, 556]}","{1: [856, 533, 878, 556]}","{1: [856, 533, 878, 556]}","{1: [856.0, 533.0, 878.0, 556.0]}","(867, 544)",867,544,-19,26,32.2
102,"{1: [844, 565, 858, 581]}","{1: [844, 565, 858, 581]}","{1: [844, 565, 858, 581]}","{1: [844.0, 565.0, 858.0, 581.0]}","(851, 573)",851,573,-16,29,33.12
103,"{1: [822, 594, 840, 613]}","{1: [822, 594, 840, 613]}","{1: [822, 594, 840, 613]}","{1: [822.0, 594.0, 840.0, 613.0]}","(831, 603)",831,603,-20,30,36.06
104,{},{},{},"{1: [800.0, 628.0, 821.0, 650.0]}","(810, 639)",810,639,-21,36,41.68
105,"{1: [783, 655, 807, 680]}","{1: [783, 655, 807, 680]}","{1: [783, 655, 807, 680]}","{1: [783.0, 655.0, 807.0, 680.0]}","(795, 667)",795,667,-15,28,31.76
106,"{1: [767, 693, 787, 714]}","{1: [767, 693, 787, 714]}","{1: [767, 693, 787, 714]}","{1: [767.0, 693.0, 787.0, 714.0]}","(777, 703)",777,703,-18,36,40.25
107,"{1: [753, 700, 780, 727], 2: [755, 702, 777, 724]}","{1: [753, 700, 780, 727]}","{1: [753, 700, 780, 727]}","{1: [753.0, 700.0, 780.0, 727.0]}","(766, 713)",766,713,-11,10,14.87
108,"{1: [741, 694, 767, 723]}","{1: [741, 694, 767, 723]}","{1: [741, 694, 767, 723]}","{1: [741.0, 694.0, 767.0, 723.0]}","(754, 708)",754,708,-12,-5,13.0
109,"{1: [731, 691, 758, 721]}","{1: [731, 691, 758, 721]}","{1: [731, 691, 758, 721]}","{1: [731.0, 691.0, 758.0, 721.0]}","(744, 706)",744,706,-10,-2,10.2
110,"{1: [722, 693, 741, 714]}","{1: [722, 693, 741, 714]}","{1: [722, 693, 741, 714]}","{1: [722.0, 693.0, 741.0, 714.0]}","(731, 703)",731,703,-13,-3,13.34
111,"{1: [709, 692, 734, 718]}","{1: [709, 692, 734, 718]}","{1: [709, 692, 734, 718]}","{1: [709.0, 692.0, 734.0, 718.0]}","(721, 705)",721,705,-10,2,10.2
112,"{1: [699, 694, 723, 719]}","{1: [699, 694, 723, 719]}","{1: [699, 694, 723, 719]}","{1: [699.0, 694.0, 723.0, 719.0]}","(711, 706)",711,706,-10,1,10.05
113,"{1: [688, 699, 711, 723], 2: [686, 694, 715, 734]}","{1: [686, 694, 715, 734]}","{1: [686, 694, 715, 734]}","{1: [686.0, 694.0, 715.0, 734.0]}","(700, 714)",700,714,-11,8,13.6
114,"{1: [681, 707, 700, 725], 2: [676, 699, 708, 733]}","{1: [676, 699, 708, 733]}","{1: [676, 699, 708, 733]}","{1: [676.0, 699.0, 708.0, 733.0]}","(692, 716)",692,716,-8,2,8.25
115,"{1: [669, 716, 688, 738]}","{1: [669, 716, 688, 738]}","{1: [669, 716, 688, 738]}","{1: [669.0, 716.0, 688.0, 738.0]}","(678, 727)",678,727,-14,11,17.8
116,"{1: [656, 722, 684, 749], 2: [658, 722, 680, 745]}","{1: [656, 722, 684, 749]}","{1: [656, 722, 684, 749]}","{1: [656.0, 722.0, 684.0, 749.0]}","(670, 735)",670,735,-8,8,11.31
117,"{1: [650, 739, 666, 756]}","{1: [650, 739, 666, 756]}","{1: [650, 739, 666, 756]}","{1: [650.0, 739.0, 666.0, 756.0]}","(658, 747)",658,747,-12,12,16.97
118,"{1: [661, 652, 688, 680]}","{1: [661, 652, 688, 680]}","{1: [661, 652, 688, 680]}","{1: [661.0, 652.0, 688.0, 680.0]}","(674, 666)",674,666,16,-81,82.57
119,"{1: [679, 593, 701, 617]}","{1: [679, 593, 701, 617]}","{1: [679, 593, 701, 617]}","{1: [679.0, 593.0, 701.0, 617.0]}","(690, 605)",690,605,16,-61,63.06
120,"{1: [697, 537, 715, 556]}","{1: [697, 537, 715, 556]}","{1: [697, 537, 715, 556]}","{1: [697.0, 537.0, 715.0, 556.0]}","(706, 546)",706,546,16,-59,61.13
121,"{1: [707, 484, 733, 510]}","{1: [707, 484, 733, 510]}","{1: [707, 484, 733, 510]}","{1: [707.0, 484.0, 733.0, 510.0]}","(720, 497)",720,497,14,-49,50.96
122,{},{},{},"{1: [717.0, 448.0, 741.0, 473.0]}","(729, 460)",729,460,9,-37,38.08
123,{},{},{},"{1: [727.0, 415.0, 751.0, 440.0]}","(739, 427)",739,427,10,-33,34.48
124,{},{},{},"{1: [735.0, 385.0, 759.0, 410.0]}","(747, 397)",747,397,8,-30,31.05
125,"{1: [743, 363, 765, 387]}","{1: [743, 363, 765, 387]}","{1: [743, 363, 765, 387]}","{1: [743.0, 363.0, 765.0, 387.0]}","(754, 375)",754,375,7,-22,23.09
126,"{1: [752, 345, 767, 363]}","{1: [752, 345, 767, 363]}","{1: [752, 345, 767, 363]}","{1: [752.0, 345.0, 767.0, 363.0]}","(759, 354)",759,354,5,-21,21.59
127,"{1: [753, 330, 776, 354], 2: [750, 322, 781, 357]}","{1: [753, 330, 776, 354]}","{1: [753, 330, 776, 354]}","{1: [753.0, 330.0, 776.0, 354.0]}","(764, 342)",764,342,5,-12,13.0
128,"{1: [759, 318, 781, 340]}","{1: [759, 318, 781, 340]}","{1: [759, 318, 781, 340]}","{1: [759.0, 318.0, 781.0, 340.0]}","(770, 329)",770,329,6,-13,14.32
129,"{1: [759, 308, 783, 333]}","{1: [759, 308, 783, 333]}","{1: [759, 308, 783, 333]}","{1: [759.0, 308.0, 783.0, 333.0]}","(771, 320)",771,320,1,-9,9.06
130,"{1: [765, 307, 784, 327]}","{1: [765, 307, 784, 327]}","{1: [765, 307, 784, 327]}","{1: [765.0, 307.0, 784.0, 327.0]}","(774, 317)",774,317,3,-3,4.24
131,"{1: [770, 306, 785, 323]}","{1: [770, 306, 785, 323]}","{1: [770, 306, 785, 323]}","{1: [770.0, 306.0, 785.0, 323.0]}","(777, 314)",777,314,3,-3,4.24
132,"{1: [772, 305, 786, 321]}","{1: [772, 305, 786, 321]}","{1: [772, 305, 786, 321]}","{1: [772.0, 305.0, 786.0, 321.0]}","(779, 313)",779,313,2,-1,2.24
133,"{1: [773, 305, 787, 320]}","{1: [773, 305, 787, 320]}","{1: [773, 305, 787, 320]}","{1: [773.0, 305.0, 787.0, 320.0]}","(780, 312)",780,312,1,-1,1.41
134,"{1: [772, 305, 788, 322]}","{1: [772, 305, 788, 322]}","{1: [772, 305, 788, 322]}","{1: [772.0, 305.0, 788.0, 322.0]}","(780, 313)",780,313,0,1,1.0
135,"{1: [774, 307, 791, 325]}","{1: [774, 307, 791, 325]}","{1: [774, 307, 791, 325]}","{1: [774.0, 307.0, 791.0, 325.0]}","(782, 316)",782,316,2,3,3.61
136,"{1: [773, 309, 796, 333]}","{1: [773, 309, 796, 333]}","{1: [773, 309, 796, 333]}","{1: [773.0, 309.0, 796.0, 333.0]}","(784, 321)",784,321,2,5,5.39
137,"{1: [775, 306, 794, 326]}","{1: [775, 306, 794, 326]}","{1: [775, 306, 794, 326]}","{1: [775.0, 306.0, 794.0, 326.0]}","(784, 316)",784,316,0,-5,5.0
138,{},{},{},"{1: [773.0, 280.0, 796.0, 305.0]}","(784, 292)",784,292,0,-24,24.0
139,"{1: [773, 261, 800, 290]}","{1: [773, 261, 800, 290]}","{1: [773, 261, 800, 290]}","{1: [773.0, 261.0, 800.0, 290.0]}","(786, 275)",786,275,2,-17,17.12
140,"{1: [778, 251, 798, 270], 2: [774, 244, 804, 276]}","{1: [778, 251, 798, 270]}","{1: [778, 251, 798, 270]}","{1: [778.0, 251.0, 798.0, 270.0]}","(788, 260)",788,260,2,-15,15.13
141,"{1: [776, 235, 799, 260], 2: [774, 227, 805, 263]}","{1: [774, 227, 805, 263]}","{1: [774, 227, 805, 263]}","{1: [774.0, 227.0, 805.0, 263.0]}","(789, 245)",789,245,1,-15,15.03
142,"{1: [778, 221, 805, 247]}","{1: [778, 221, 805, 247]}","{1: [778, 221, 805, 247]}","{1: [778.0, 221.0, 805.0, 247.0]}","(791, 234)",791,234,2,-11,11.18
143,"{1: [777, 209, 803, 235]}","{1: [777, 209, 803, 235]}","{1: [777, 209, 803, 235]}","{1: [777.0, 209.0, 803.0, 235.0]}","(790, 222)",790,222,-1,-12,12.04
144,"{1: [778, 201, 806, 229]}","{1: [778, 201, 806, 229]}","{1: [778, 201, 806, 229]}","{1: [778.0, 201.0, 806.0, 229.0]}","(792, 215)",792,215,2,-7,7.28
145,{},{},{},"{1: [789.0, 206.0, 814.0, 231.0]}","(801, 218)",801,218,9,3,9.49
146,{},{},{},"{1: [798.0, 210.0, 824.0, 235.0]}","(811, 222)",811,222,10,4,10.77
147,{},{},{},"{1: [808.0, 214.0, 833.0, 239.0]}","(820, 226)",820,226,9,4,9.85
148,{},{},{},"{1: [816.0, 218.0, 842.0, 243.0]}","(829, 230)",829,230,9,4,9.85
149,{},{},{},"{1: [824.0, 221.0, 849.0, 246.0]}","(836, 233)",836,233,7,3,7.62
150,"{1: [832, 226, 855, 248]}","{1: [832, 226, 855, 248]}","{1: [832, 226, 855, 248]}","{1: [832.0, 226.0, 855.0, 248.0]}","(843, 237)",843,237,7,4,8.06
151,"{1: [846, 237, 866, 260]}","{1: [846, 237, 866, 260]}","{1: [846, 237, 866, 260]}","{1: [846.0, 237.0, 866.0, 260.0]}","(856, 248)",856,248,13,11,17.03
152,"{1: [860, 253, 879, 272]}","{1: [860, 253, 879, 272]}","{1: [860, 253, 879, 272]}","{1: [860.0, 253.0, 879.0, 272.0]}","(869, 262)",869,262,13,14,19.1
153,{},{},{},"{1: [874.0, 270.0, 897.0, 294.0]}","(885, 282)",885,282,16,20,25.61
154,{},{},{},"{1: [889.0, 289.0, 912.0, 312.0]}","(900, 300)",900,300,15,18,23.43
155,"{1: [900, 301, 926, 329]}","{1: [900, 301, 926, 329]}","{1: [900, 301, 926, 329]}","{1: [900.0, 301.0, 926.0, 329.0]}","(913, 315)",913,315,13,15,19.85
156,"{1: [920, 330, 938, 348]}","{1: [920, 330, 938, 348]}","{1: [920, 330, 938, 348]}","{1: [920.0, 330.0, 938.0, 348.0]}","(929, 339)",929,339,16,24,28.84
157,"{1: [930, 348, 952, 368]}","{1: [930, 348, 952, 368]}","{1: [930, 348, 952, 368]}","{1: [930.0, 348.0, 952.0, 368.0]}","(941, 358)",941,358,12,19,22.47
158,{},{},{},"{1: [949.0, 383.0, 973.0, 406.0]}","(961, 394)",961,394,20,36,41.18
159,{},{},{},"{1: [968.0, 418.0, 992.0, 442.0]}","(980, 430)",980,430,19,36,40.71
160,{},{},{},"{1: [987.0, 451.0, 1011.0, 475.0]}","(999, 463)",999,463,19,33,38.08
161,{},{},{},"{1: [1003.0, 481.0, 1027.0, 504.0]}","(1015, 492)",1015,492,16,29,33.12
162,"{1: [1018, 506, 1045, 531], 2: [1015, 503, 1041, 530]}","{1: [1015, 503, 1041, 530]}","{1: [1015, 503, 1041, 530]}","{1: [1015.0, 503.0, 1041.0, 530.0]}","(1028, 516)",1028,516,13,24,27.29
163,"{1: [1038, 549, 1061, 573]}","{1: [1038, 549, 1061, 573]}","{1: [1038, 549, 1061, 573]}","{1: [1038.0, 549.0, 1061.0, 573.0]}","(1049, 561)",1049,561,21,45,49.66
164,"{1: [1060, 594, 1076, 611], 2: [1106, 683, 1123, 701]}","{1: [1060, 594, 1076, 611]}","{1: [1060, 594, 1076, 611]}","{1: [1060.0, 594.0, 1076.0, 611.0]}","(1068, 602)",1068,602,19,41,45.19
165,"{1: [1083, 636, 1098, 652]}","{1: [1083, 636, 1098, 652]}","{1: [1083, 636, 1098, 652]}","{1: [1083.0, 636.0, 1098.0, 652.0]}","(1090, 644)",1090,644,22,42,47.41
166,"{1: [1096, 634, 1117, 657]}","{1: [1096, 634, 1117, 657]}","{1: [1096, 634, 1117, 657]}","{1: [1096.0, 634.0, 1117.0, 657.0]}","(1106, 645)",1106,645,16,1,16.03
167,"{1: [1113, 640, 1133, 660], 2: [1107, 629, 1141, 667]}","{1: [1113, 640, 1133, 660]}","{1: [1113, 640, 1133, 660]}","{1: [1113.0, 640.0, 1133.0, 660.0]}","(1123, 650)",1123,650,17,5,17.72
168,"{1: [1131, 645, 1151, 667]}","{1: [1131, 645, 1151, 667]}","{1: [1131, 645, 1151, 667]}","{1: [1131.0, 645.0, 1151.0, 667.0]}","(1141, 656)",1141,656,18,6,18.97
169,"{1: [1153, 657, 1168, 674]}","{1: [1153, 657, 1168, 674]}","{1: [1153, 657, 1168, 674]}","{1: [1153.0, 657.0, 1168.0, 674.0]}","(1160, 665)",1160,665,19,9,21.02
170,"{1: [1167, 666, 1191, 691]}","{1: [1167, 666, 1191, 691]}","{1: [1167, 666, 1191, 691]}","{1: [1167.0, 666.0, 1191.0, 691.0]}","(1179, 678)",1179,678,19,13,23.02
171,"{1: [1190, 680, 1212, 702]}","{1: [1190, 680, 1212, 702]}","{1: [1190, 680, 1212, 702]}","{1: [1190.0, 680.0, 1212.0, 702.0]}","(1201, 691)",1201,691,22,13,25.55
172,"{1: [1206, 694, 1232, 721], 2: [1208, 697, 1237, 724]}","{1: [1208, 697, 1237, 724]}","{1: [1208, 697, 1237, 724]}","{1: [1208.0, 697.0, 1237.0, 724.0]}","(1222, 710)",1222,710,21,19,28.32
173,"{1: [1230, 718, 1252, 742]}","{1: [1230, 718, 1252, 742]}","{1: [1230, 718, 1252, 742]}","{1: [1230.0, 718.0, 1252.0, 742.0]}","(1241, 730)",1241,730,19,20,27.59
174,"{1: [1253, 741, 1272, 764]}","{1: [1253, 741, 1272, 764]}","{1: [1253, 741, 1272, 764]}","{1: [1253.0, 741.0, 1272.0, 764.0]}","(1262, 752)",1262,752,21,22,30.41
175,{},{},{},"{1: [1213.0, 674.0, 1232.0, 696.0]}","(1222, 685)",1222,685,-40,-67,78.03
176,{},{},{},"{1: [1178.0, 614.0, 1197.0, 636.0]}","(1187, 625)",1187,625,-35,-60,69.46
177,"{1: [1151, 569, 1171, 589]}","{1: [1151, 569, 1171, 589]}","{1: [1151, 569, 1171, 589]}","{1: [1151.0, 569.0, 1171.0, 589.0]}","(1161, 579)",1161,579,-26,-46,52.84
178,"{1: [1105, 500, 1126, 524]}","{1: [1105, 500, 1126, 524]}","{1: [1105, 500, 1126, 524]}","{1: [1105.0, 500.0, 1126.0, 524.0]}","(1115, 512)",1115,512,-46,-67,81.27
179,{},{},{},"{1: [1074.0, 462.0, 1095.0, 485.0]}","(1084, 473)",1084,473,-31,-39,49.82
180,{},{},{},"{1: [1045.0, 426.0, 1066.0, 449.0]}","(1055, 437)",1055,437,-29,-36,46.23
181,{},{},{},"{1: [1020.0, 394.0, 1041.0, 417.0]}","(1030, 405)",1030,405,-25,-32,40.61
182,"{1: [1001, 371, 1022, 392]}","{1: [1001, 371, 1022, 392]}","{1: [1001, 371, 1022, 392]}","{1: [1001.0, 371.0, 1022.0, 392.0]}","(1011, 381)",1011,381,-19,-24,30.61
183,"{1: [974, 346, 998, 370]}","{1: [974, 346, 998, 370]}","{1: [974, 346, 998, 370]}","{1: [974.0, 346.0, 998.0, 370.0]}","(986, 358)",986,358,-25,-23,33.97
184,"{1: [957, 332, 977, 354]}","{1: [957, 332, 977, 354]}","{1: [957, 332, 977, 354]}","{1: [957.0, 332.0, 977.0, 354.0]}","(967, 343)",967,343,-19,-15,24.21
185,"{1: [943, 322, 957, 338]}","{1: [943, 322, 957, 338]}","{1: [943, 322, 957, 338]}","{1: [943.0, 322.0, 957.0, 338.0]}","(950, 330)",950,330,-17,-13,21.4
186,"{1: [920, 308, 941, 331], 2: [915, 297, 949, 335]}","{1: [920, 308, 941, 331]}","{1: [920, 308, 941, 331]}","{1: [920.0, 308.0, 941.0, 331.0]}","(930, 319)",930,319,-20,-11,22.83
187,"{1: [905, 301, 926, 322]}","{1: [905, 301, 926, 322]}","{1: [905, 301, 926, 322]}","{1: [905.0, 301.0, 926.0, 322.0]}","(915, 311)",915,311,-15,-8,17.0
188,"{1: [894, 298, 908, 316]}","{1: [894, 298, 908, 316]}","{1: [894, 298, 908, 316]}","{1: [894.0, 298.0, 908.0, 316.0]}","(901, 307)",901,307,-14,-4,14.56
189,{},{},{},"{1: [876.0, 296.0, 896.0, 317.0]}","(886, 306)",886,306,-15,-1,15.03
190,{},{},{},"{1: [862.0, 296.0, 883.0, 317.0]}","(872, 306)",872,306,-14,0,14.0
191,{},{},{},"{1: [850.0, 295.0, 870.0, 316.0]}","(860, 305)",860,305,-12,-1,12.04
192,{},{},{},"{1: [838.0, 295.0, 859.0, 316.0]}","(848, 305)",848,305,-12,0,12.0
193,"{1: [827, 294, 854, 318]}","{1: [827, 294, 854, 318]}","{1: [827, 294, 854, 318]}","{1: [827.0, 294.0, 854.0, 318.0]}","(840, 306)",840,306,-8,1,8.06
194,"{1: [821, 305, 835, 320]}","{1: [821, 305, 835, 320]}","{1: [821, 305, 835, 320]}","{1: [821.0, 305.0, 835.0, 320.0]}","(828, 312)",828,312,-12,6,13.42
195,"{1: [808, 305, 830, 329]}","{1: [808, 305, 830, 329]}","{1: [808, 305, 830, 329]}","{1: [808.0, 305.0, 830.0, 329.0]}","(819, 317)",819,317,-9,5,10.3
196,"{1: [801, 305, 822, 326], 2: [797, 295, 829, 332]}","{1: [797, 295, 829, 332]}","{1: [797, 295, 829, 332]}","{1: [797.0, 295.0, 829.0, 332.0]}","(813, 313)",813,313,-6,-4,7.21
197,{},{},{},"{1: [791.0, 278.0, 819.0, 309.0]}","(805, 293)",805,293,-8,-20,21.54
198,{},{},{},"{1: [785.0, 260.0, 813.0, 291.0]}","(799, 275)",799,275,-6,-18,18.97
199,"{1: [782, 251, 806, 276]}","{1: [782, 251, 806, 276]}","{1: [782, 251, 806, 276]}","{1: [782.0, 251.0, 806.0, 276.0]}","(794, 263)",794,263,-5,-12,13.0
200,"{1: [774, 237, 798, 262]}","{1: [774, 237, 798, 262]}","{1: [774, 237, 798, 262]}","{1: [774.0, 237.0, 798.0, 262.0]}","(786, 249)",786,249,-8,-14,16.12
201,"{1: [775, 230, 788, 244]}","{1: [775, 230, 788, 244]}","{1: [775, 230, 788, 244]}","{1: [775.0, 230.0, 788.0, 244.0]}","(781, 237)",781,237,-5,-12,13.0
202,{},{},{},"{1: [766.0, 216.0, 784.0, 236.0]}","(775, 226)",775,226,-6,-11,12.53
203,"{1: [761, 206, 784, 232]}","{1: [761, 206, 784, 232]}","{1: [761, 206, 784, 232]}","{1: [761.0, 206.0, 784.0, 232.0]}","(772, 219)",772,219,-3,-7,7.62
204,"{1: [761, 203, 783, 226]}","{1: [761, 203, 783, 226]}","{1: [761, 203, 783, 226]}","{1: [761.0, 203.0, 783.0, 226.0]}","(772, 214)",772,214,0,-5,5.0
205,"{1: [774, 211, 789, 228]}","{1: [774, 211, 789, 228]}","{1: [774, 211, 789, 228]}","{1: [774.0, 211.0, 789.0, 228.0]}","(781, 219)",781,219,9,5,10.3
206,{},{},{},"{1: [787.0, 224.0, 804.0, 243.0]}","(795, 233)",795,233,14,14,19.8
207,{},{},{},"{1: [802.0, 238.0, 819.0, 257.0]}","(810, 247)",810,247,15,14,20.52
208,{},{},{},"{1: [816.0, 252.0, 833.0, 271.0]}","(824, 261)",824,261,14,14,19.8
209,{},{},{},"{1: [829.0, 265.0, 846.0, 284.0]}","(837, 274)",837,274,13,13,18.38
210,{},{},{},"{1: [841.0, 277.0, 858.0, 296.0]}","(849, 286)",849,286,12,12,16.97
211,{},{},{},"{1: [852.0, 288.0, 869.0, 307.0]}","(860, 297)",860,297,11,11,15.56
212,"{1: [861, 296, 880, 317]}","{1: [861, 296, 880, 317]}","{1: [861, 296, 880, 317]}","{1: [861.0, 296.0, 880.0, 317.0]}","(870, 306)",870,306,10,9,13.45
213,"{1: [872, 310, 897, 336], 2: [875, 312, 902, 339], 3: [872, 307, 902, 345]}","{1: [872, 310, 897, 336]}","{1: [872, 310, 897, 336]}","{1: [872.0, 310.0, 897.0, 336.0]}","(884, 323)",884,323,14,17,22.02
214,"{1: [890, 333, 910, 356]}","{1: [890, 333, 910, 356]}","{1: [890, 333, 910, 356]}","{1: [890.0, 333.0, 910.0, 356.0]}","(900, 344)",900,344,16,21,26.4
215,"{1: [901, 353, 926, 380]}","{1: [901, 353, 926, 380]}","{1: [901, 353, 926, 380]}","{1: [901.0, 353.0, 926.0, 380.0]}","(913, 366)",913,366,13,22,25.55
216,{},{},{},"{1: [919.0, 391.0, 941.0, 414.0]}","(930, 402)",930,402,17,36,39.81
217,{},{},{},"{1: [936.0, 426.0, 958.0, 450.0]}","(947, 438)",947,438,17,36,39.81
218,{},{},{},"{1: [951.0, 459.0, 974.0, 483.0]}","(962, 471)",962,471,15,33,36.25
219,{},{},{},"{1: [965.0, 489.0, 988.0, 512.0]}","(976, 500)",976,500,14,29,32.2
220,"{1: [978, 514, 998, 534]}","{1: [978, 514, 998, 534]}","{1: [978, 514, 998, 534]}","{1: [978.0, 514.0, 998.0, 534.0]}","(988, 524)",988,524,12,24,26.83
221,"{1: [999, 558, 1022, 581], 2: [992, 549, 1018, 577]}","{1: [992, 549, 1018, 577]}","{1: [992, 549, 1018, 577]}","{1: [992.0, 549.0, 1018.0, 577.0]}","(1005, 563)",1005,563,17,39,42.54
222,"{1: [1011, 596, 1029, 616]}","{1: [1011, 596, 1029, 616]}","{1: [1011, 596, 1029, 616]}","{1: [1011.0, 596.0, 1029.0, 616.0]}","(1020, 606)",1020,606,15,43,45.54
223,"{1: [1026, 629, 1048, 652]}","{1: [1026, 629, 1048, 652]}","{1: [1026, 629, 1048, 652]}","{1: [1026.0, 629.0, 1048.0, 652.0]}","(1037, 640)",1037,640,17,34,38.01
224,"{1: [1039, 627, 1069, 654], 2: [1041, 626, 1064, 651]}","{1: [1039, 627, 1069, 654]}","{1: [1039, 627, 1069, 654]}","{1: [1039.0, 627.0, 1069.0, 654.0]}","(1054, 640)",1054,640,17,0,17.0
225,"{1: [1062, 634, 1076, 651]}","{1: [1062, 634, 1076, 651]}","{1: [1062, 634, 1076, 651]}","{1: [1062.0, 634.0, 1076.0, 651.0]}","(1069, 642)",1069,642,15,2,15.13
226,"{1: [1072, 635, 1093, 658]}","{1: [1072, 635, 1093, 658]}","{1: [1072, 635, 1093, 658]}","{1: [1072.0, 635.0, 1093.0, 658.0]}","(1082, 646)",1082,646,13,4,13.6
227,"{1: [1088, 644, 1109, 667], 2: [1082, 633, 1117, 671]}","{1: [1088, 644, 1109, 667]}","{1: [1088, 644, 1109, 667]}","{1: [1088.0, 644.0, 1109.0, 667.0]}","(1098, 655)",1098,655,16,9,18.36
228,"{1: [1107, 652, 1123, 674], 2: [1099, 647, 1131, 684]}","{1: [1099, 647, 1131, 684]}","{1: [1099, 647, 1131, 684]}","{1: [1099.0, 647.0, 1131.0, 684.0]}","(1115, 665)",1115,665,17,10,19.72
229,"{1: [1118, 664, 1142, 690]}","{1: [1118, 664, 1142, 690]}","{1: [1118, 664, 1142, 690]}","{1: [1118.0, 664.0, 1142.0, 690.0]}","(1130, 677)",1130,677,15,12,19.21
230,"{1: [1138, 682, 1157, 700], 2: [1133, 675, 1164, 707]}","{1: [1138, 682, 1157, 700]}","{1: [1138, 682, 1157, 700]}","{1: [1138.0, 682.0, 1157.0, 700.0]}","(1147, 691)",1147,691,17,14,22.02
231,"{1: [1150, 694, 1178, 724]}","{1: [1150, 694, 1178, 724]}","{1: [1150, 694, 1178, 724]}","{1: [1150.0, 694.0, 1178.0, 724.0]}","(1164, 709)",1164,709,17,18,24.76
232,"{1: [1166, 717, 1191, 743]}","{1: [1166, 717, 1191, 743]}","{1: [1166, 717, 1191, 743]}","{1: [1166.0, 717.0, 1191.0, 743.0]}","(1178, 730)",1178,730,14,21,25.24
233,"{1: [1184, 741, 1208, 766], 2: [1183, 736, 1214, 775], 3: [1188, 744, 1215, 771]}","{1: [1188, 744, 1215, 771]}","{1: [1188, 744, 1215, 771]}","{1: [1188.0, 744.0, 1215.0, 771.0]}","(1201, 757)",1201,757,23,27,35.47
234,{},{},{},"{1: [1195.0, 752.0, 1218.0, 776.0]}","(1206, 764)",1206,764,5,7,8.6
235,"{1: [1203, 760, 1221, 781]}","{1: [1203, 760, 1221, 781]}","{1: [1203, 760, 1221, 781]}","{1: [1203.0, 760.0, 1221.0, 781.0]}","(1212, 770)",1212,770,6,6,8.49
236,"{1: [1016, 706, 1035, 726]}","{1: [1016, 706, 1035, 726]}",{},"{1: [1155.0, 676.0, 1173.0, 696.0]}","(1164, 686)",1164,686,-48,-84,96.75
237,"{1: [1110, 596, 1131, 619]}","{1: [1110, 596, 1131, 619]}",{},"{1: [1112.0, 601.0, 1130.0, 621.0]}","(1121, 611)",1121,611,-43,-75,86.45
238,"{1: [1079, 544, 1097, 563]}","{1: [1079, 544, 1097, 563]}","{1: [1079, 544, 1097, 563]}","{1: [1079.0, 544.0, 1097.0, 563.0]}","(1088, 553)",1088,553,-33,-58,66.73
239,"{1: [1046, 491, 1069, 517]}","{1: [1046, 491, 1069, 517]}","{1: [1046, 491, 1069, 517]}","{1: [1046.0, 491.0, 1069.0, 517.0]}","(1057, 504)",1057,504,-31,-49,57.98
240,{},{},{},"{1: [1021.0, 461.0, 1045.0, 486.0]}","(1033, 473)",1033,473,-24,-31,39.2
241,{},{},{},"{1: [998.0, 432.0, 1022.0, 457.0]}","(1010, 444)",1010,444,-23,-29,37.01
242,{},{},{},"{1: [976.0, 405.0, 1000.0, 430.0]}","(988, 417)",988,417,-22,-27,34.83
243,{},{},{},"{1: [956.0, 379.0, 980.0, 404.0]}","(968, 391)",968,391,-20,-26,32.8
244,{},{},{},"{1: [938.0, 356.0, 962.0, 381.0]}","(950, 368)",950,368,-18,-23,29.21
245,"{1: [924, 339, 949, 363]}","{1: [924, 339, 949, 363]}","{1: [924, 339, 949, 363]}","{1: [924.0, 339.0, 949.0, 363.0]}","(936, 351)",936,351,-14,-17,22.02
246,"{1: [909, 329, 928, 348]}","{1: [909, 329, 928, 348]}","{1: [909, 329, 928, 348]}","{1: [909.0, 329.0, 928.0, 348.0]}","(918, 338)",918,338,-18,-13,22.2
247,"{1: [898, 318, 917, 338], 2: [893, 314, 924, 345]}","{1: [893, 314, 924, 345]}","{1: [893, 314, 924, 345]}","{1: [893.0, 314.0, 924.0, 345.0]}","(908, 329)",908,329,-10,-9,13.45
248,"{1: [881, 309, 904, 335]}","{1: [881, 309, 904, 335]}","{1: [881, 309, 904, 335]}","{1: [881.0, 309.0, 904.0, 335.0]}","(892, 322)",892,322,-16,-7,17.46
249,"{1: [871, 307, 891, 328]}","{1: [871, 307, 891, 328]}","{1: [871, 307, 891, 328]}","{1: [871.0, 307.0, 891.0, 328.0]}","(881, 317)",881,317,-11,-5,12.08
250,"{1: [860, 306, 880, 326]}","{1: [860, 306, 880, 326]}","{1: [860, 306, 880, 326]}","{1: [860.0, 306.0, 880.0, 326.0]}","(870, 316)",870,316,-11,-1,11.05
251,"{1: [849, 304, 869, 324], 2: [844, 294, 877, 331]}","{1: [849, 304, 869, 324]}","{1: [849, 304, 869, 324]}","{1: [849.0, 304.0, 869.0, 324.0]}","(859, 314)",859,314,-11,-2,11.18
252,"{1: [842, 307, 857, 324]}","{1: [842, 307, 857, 324]}","{1: [842, 307, 857, 324]}","{1: [842.0, 307.0, 857.0, 324.0]}","(849, 315)",849,315,-10,1,10.05
253,"{1: [830, 303, 854, 329]}","{1: [830, 303, 854, 329]}","{1: [830, 303, 854, 329]}","{1: [830.0, 303.0, 854.0, 329.0]}","(842, 316)",842,316,-7,1,7.07
254,"{1: [823, 308, 843, 329]}","{1: [823, 308, 843, 329]}","{1: [823, 308, 843, 329]}","{1: [823.0, 308.0, 843.0, 329.0]}","(833, 318)",833,318,-9,2,9.22
255,"{1: [814, 309, 836, 332]}","{1: [814, 309, 836, 332]}","{1: [814, 309, 836, 332]}","{1: [814.0, 309.0, 836.0, 332.0]}","(825, 320)",825,320,-8,2,8.25
256,"{1: [805, 305, 830, 332]}","{1: [805, 305, 830, 332]}","{1: [805, 305, 830, 332]}","{1: [805.0, 305.0, 830.0, 332.0]}","(817, 318)",817,318,-8,-2,8.25
257,{},{},{},"{1: [798.0, 286.0, 822.0, 312.0]}","(810, 299)",810,299,-7,-19,20.25
258,{},{},{},"{1: [792.0, 268.0, 816.0, 294.0]}","(804, 281)",804,281,-6,-18,18.97
259,{},{},{},"{1: [786.0, 253.0, 811.0, 279.0]}","(798, 266)",798,266,-6,-15,16.16
260,"{1: [783, 242, 807, 267]}","{1: [783, 242, 807, 267]}","{1: [783, 242, 807, 267]}","{1: [783.0, 242.0, 807.0, 267.0]}","(795, 254)",795,254,-3,-12,12.37
261,"{1: [780, 227, 805, 255]}","{1: [780, 227, 805, 255]}","{1: [780, 227, 805, 255]}","{1: [780.0, 227.0, 805.0, 255.0]}","(792, 241)",792,241,-3,-13,13.34
262,"{1: [777, 224, 796, 243]}","{1: [777, 224, 796, 243]}","{1: [777, 224, 796, 243]}","{1: [777.0, 224.0, 796.0, 243.0]}","(786, 233)",786,233,-6,-8,10.0
263,"{1: [772, 212, 792, 234]}","{1: [772, 212, 792, 234]}","{1: [772, 212, 792, 234]}","{1: [772.0, 212.0, 792.0, 234.0]}","(782, 223)",782,223,-4,-10,10.77
264,"{1: [774, 211, 791, 230]}","{1: [774, 211, 791, 230]}","{1: [774, 211, 791, 230]}","{1: [774.0, 211.0, 791.0, 230.0]}","(782, 220)",782,220,0,-3,3.0
265,{},{},{},"{1: [784.0, 224.0, 800.0, 241.0]}","(792, 232)",792,232,10,12,15.62
266,{},{},{},"{1: [795.0, 237.0, 810.0, 254.0]}","(802, 245)",802,245,10,13,16.4
267,{},{},{},"{1: [805.0, 249.0, 820.0, 266.0]}","(812, 257)",812,257,10,12,15.62
268,{},{},{},"{1: [814.0, 261.0, 830.0, 278.0]}","(822, 269)",822,269,10,12,15.62
269,{},{},{},"{1: [824.0, 272.0, 839.0, 289.0]}","(831, 280)",831,280,9,11,14.21
270,{},{},{},"{1: [832.0, 282.0, 848.0, 299.0]}","(840, 290)",840,290,9,10,13.45
271,{},{},{},"{1: [840.0, 292.0, 855.0, 309.0]}","(847, 300)",847,300,7,10,12.21
272,"{1: [847, 301, 861, 316]}","{1: [847, 301, 861, 316]}","{1: [847, 301, 861, 316]}","{1: [847.0, 301.0, 861.0, 316.0]}","(854, 308)",854,308,7,8,10.63
273,"{1: [854, 315, 877, 339]}","{1: [854, 315, 877, 339]}","{1: [854, 315, 877, 339]}","{1: [854.0, 315.0, 877.0, 339.0]}","(865, 327)",865,327,11,19,21.95
274,"{1: [860, 334, 887, 364]}","{1: [860, 334, 887, 364]}","{1: [860, 334, 887, 364]}","{1: [860.0, 334.0, 887.0, 364.0]}","(873, 349)",873,349,8,22,23.41
275,"{1: [871, 358, 897, 385]}","{1: [871, 358, 897, 385]}","{1: [871, 358, 897, 385]}","{1: [871.0, 358.0, 897.0, 385.0]}","(884, 371)",884,371,11,22,24.6
276,{},{},{},"{1: [885.0, 395.0, 908.0, 419.0]}","(896, 407)",896,407,12,36,37.95
277,{},{},{},"{1: [898.0, 429.0, 921.0, 453.0]}","(909, 441)",909,441,13,34,36.4
278,{},{},{},"{1: [909.0, 459.0, 932.0, 483.0]}","(920, 471)",920,471,11,30,31.95
279,"{1: [920, 485, 940, 506]}","{1: [920, 485, 940, 506]}","{1: [920, 485, 940, 506]}","{1: [920.0, 485.0, 940.0, 506.0]}","(930, 495)",930,495,10,24,26.0
280,"{1: [926, 514, 949, 537]}","{1: [926, 514, 949, 537]}","{1: [926, 514, 949, 537]}","{1: [926.0, 514.0, 949.0, 537.0]}","(937, 525)",937,525,7,30,30.81
281,{},{},{},"{1: [937.0, 545.0, 963.0, 570.0]}","(950, 557)",950,557,13,32,34.54
282,{},{},{},"{1: [949.0, 576.0, 975.0, 601.0]}","(962, 588)",962,588,12,31,33.24
283,{},{},{},"{1: [963.0, 629.0, 983.0, 649.0]}","(974, 616)",974,616,12,28,30.46
284,"{1: [969, 625, 998, 652]}","{1: [969, 625, 998, 652]}","{1: [969, 625, 998, 652]}","{1: [969.0, 625.0, 998.0, 652.0]}","(983, 638)",983,638,9,22,23.77
285,"{1: [984, 634, 1000, 652]}","{1: [984, 634, 1000, 652]}","{1: [984, 634, 1000, 652]}","{1: [984.0, 634.0, 1000.0, 652.0]}","(992, 643)",992,643,9,5,10.3
286,"{1: [994, 637, 1014, 656], 2: [990, 628, 1020, 664]}","{1: [994, 637, 1014, 656]}","{1: [994, 637, 1014, 656]}","{1: [994.0, 637.0, 1014.0, 656.0]}","(1004, 646)",1004,646,12,3,12.37
287,"{1: [1002, 645, 1024, 669]}","{1: [1002, 645, 1024, 669]}","{1: [1002, 645, 1024, 669]}","{1: [1002.0, 645.0, 1024.0, 669.0]}","(1013, 657)",1013,657,9,11,14.21
288,"{1: [1017, 659, 1035, 676], 2: [1010, 650, 1044, 686]}","{1: [1017, 659, 1035, 676]}","{1: [1017, 659, 1035, 676]}","{1: [1017.0, 659.0, 1035.0, 676.0]}","(1026, 667)",1026,667,13,10,16.4
289,"{1: [1023, 668, 1048, 695]}","{1: [1023, 668, 1048, 695]}","{1: [1023, 668, 1048, 695]}","{1: [1023.0, 668.0, 1048.0, 695.0]}","(1035, 681)",1035,681,9,14,16.64
290,"{1: [1039, 688, 1056, 707]}","{1: [1039, 688, 1056, 707]}","{1: [1039, 688, 1056, 707]}","{1: [1039.0, 688.0, 1056.0, 707.0]}","(1047, 697)",1047,697,12,16,20.0
291,"{1: [1049, 707, 1070, 728]}","{1: [1049, 707, 1070, 728]}","{1: [1049, 707, 1070, 728]}","{1: [1049.0, 707.0, 1070.0, 728.0]}","(1059, 717)",1059,717,12,20,23.32
292,"{1: [1065, 733, 1080, 749]}","{1: [1065, 733, 1080, 749]}","{1: [1065, 733, 1080, 749]}","{1: [1065.0, 733.0, 1080.0, 749.0]}","(1072, 741)",1072,741,13,24,27.29
293,"{1: [1072, 755, 1094, 776]}","{1: [1072, 755, 1094, 776]}","{1: [1072, 755, 1094, 776]}","{1: [1072.0, 755.0, 1094.0, 776.0]}","(1083, 765)",1083,765,11,24,26.4
294,"{1: [1088, 786, 1108, 807]}","{1: [1088, 786, 1108, 807]}","{1: [1088, 786, 1108, 807]}","{1: [1088.0, 786.0, 1108.0, 807.0]}","(1098, 796)",1098,796,15,31,34.44
295,{},{},{},"{1: [1101.0, 818.0, 1121.0, 838.0]}","(1109, 757)",1109,757,11,-39,40.52
296,"{1: [1108, 716, 1131, 740]}","{1: [1108, 716, 1131, 740]}","{1: [1108, 716, 1131, 740]}","{1: [1108.0, 716.0, 1131.0, 740.0]}","(1119, 728)",1119,728,10,-29,30.68
297,"{1: [1115, 651, 1142, 680]}","{1: [1115, 651, 1142, 680]}","{1: [1115, 651, 1142, 680]}","{1: [1115.0, 651.0, 1142.0, 680.0]}","(1128, 665)",1128,665,9,-63,63.64
298,"{1: [1121, 590, 1143, 612]}","{1: [1121, 590, 1143, 612]}","{1: [1121, 590, 1143, 612]}","{1: [1121.0, 590.0, 1143.0, 612.0]}","(1132, 601)",1132,601,4,-64,64.12
299,"{1: [1128, 531, 1150, 555], 2: [1125, 526, 1154, 560]}","{1: [1128, 531, 1150, 555]}","{1: [1128, 531, 1150, 555]}","{1: [1128.0, 531.0, 1150.0, 555.0]}","(1139, 543)",1139,543,7,-58,58.42
300,"{1: [1135, 495, 1150, 511]}","{1: [1135, 495, 1150, 511]}","{1: [1135, 495, 1150, 511]}","{1: [1135.0, 495.0, 1150.0, 511.0]}","(1142, 503)",1142,503,3,-40,40.11
301,{},{},{},"{1: [1137.0, 458.0, 1155.0, 476.0]}","(1146, 467)",1146,467,4,-36,36.22
302,{},{},{},"{1: [1141.0, 424.0, 1159.0, 442.0]}","(1150, 433)",1150,433,4,-34,34.23
303,{},{},{},"{1: [1145.0, 394.0, 1162.0, 412.0]}","(1153, 403)",1153,403,3,-30,30.15
304,"{1: [1147, 370, 1167, 390]}","{1: [1147, 370, 1167, 390]}","{1: [1147, 370, 1167, 390]}","{1: [1147.0, 370.0, 1167.0, 390.0]}","(1157, 380)",1157,380,4,-23,23.35
305,"{1: [1151, 354, 1170, 373]}","{1: [1151, 354, 1170, 373]}","{1: [1151, 354, 1170, 373]}","{1: [1151.0, 354.0, 1170.0, 373.0]}","(1160, 363)",1160,363,3,-17,17.26
306,"{1: [1151, 334, 1175, 359]}","{1: [1151, 334, 1175, 359]}","{1: [1151, 334, 1175, 359]}","{1: [1151.0, 334.0, 1175.0, 359.0]}","(1163, 346)",1163,346,3,-17,17.26
307,"{1: [1156, 329, 1170, 344]}","{1: [1156, 329, 1170, 344]}","{1: [1156, 329, 1170, 344]}","{1: [1156.0, 329.0, 1170.0, 344.0]}","(1163, 336)",1163,336,0,-10,10.0
308,"{1: [1157, 313, 1179, 337], 2: [1152, 311, 1181, 341]}","{1: [1152, 311, 1181, 341]}","{1: [1152, 311, 1181, 341]}","{1: [1152.0, 311.0, 1181.0, 341.0]}","(1166, 326)",1166,326,3,-10,10.44
309,"{1: [1157, 308, 1177, 329]}","{1: [1157, 308, 1177, 329]}","{1: [1157, 308, 1177, 329]}","{1: [1157.0, 308.0, 1177.0, 329.0]}","(1167, 318)",1167,318,1,-8,8.06
310,"{1: [1159, 305, 1177, 324]}","{1: [1159, 305, 1177, 324]}","{1: [1159, 305, 1177, 324]}","{1: [1159.0, 305.0, 1177.0, 324.0]}","(1168, 314)",1168,314,1,-4,4.12
311,"{1: [1161, 301, 1182, 321], 2: [1158, 292, 1189, 328]}","{1: [1161, 301, 1182, 321]}","{1: [1161, 301, 1182, 321]}","{1: [1161.0, 301.0, 1182.0, 321.0]}","(1171, 311)",1171,311,3,-3,4.24
312,"{1: [1160, 294, 1189, 326], 2: [1162, 299, 1186, 323]}","{1: [1162, 299, 1186, 323]}","{1: [1162, 299, 1186, 323]}","{1: [1162.0, 299.0, 1186.0, 323.0]}","(1174, 311)",1174,311,3,0,3.0
313,"{1: [1161, 295, 1189, 325], 2: [1162, 299, 1186, 323]}","{1: [1162, 299, 1186, 323]}","{1: [1162, 299, 1186, 323]}","{1: [1162.0, 299.0, 1186.0, 323.0]}","(1174, 311)",1174,311,0,0,0.0
314,"{1: [1162, 297, 1189, 327]}","{1: [1162, 297, 1189, 327]}","{1: [1162, 297, 1189, 327]}","{1: [1162.0, 297.0, 1189.0, 327.0]}","(1175, 312)",1175,312,1,1,1.41
315,"{1: [1162, 300, 1189, 331]}","{1: [1162, 300, 1189, 331]}","{1: [1162, 300, 1189, 331]}","{1: [1162.0, 300.0, 1189.0, 331.0]}","(1175, 315)",1175,315,0,3,3.0
316,"{1: [1163, 305, 1190, 335]}","{1: [1163, 305, 1190, 335]}","{1: [1163, 305, 1190, 335]}","{1: [1163.0, 305.0, 1190.0, 335.0]}","(1176, 320)",1176,320,1,5,5.1
317,"{1: [1163, 313, 1189, 339], 2: [1162, 309, 1191, 349]}","{1: [1163, 313, 1189, 339]}","{1: [1163, 313, 1189, 339]}","{1: [1163.0, 313.0, 1189.0, 339.0]}","(1176, 326)",1176,326,0,6,6.0
318,"{1: [1167, 318, 1189, 340]}","{1: [1167, 318, 1189, 340]}","{1: [1167, 318, 1189, 340]}","{1: [1167.0, 318.0, 1189.0, 340.0]}","(1178, 329)",1178,329,2,3,3.61
319,"{1: [1166, 298, 1190, 324]}","{1: [1166, 298, 1190, 324]}","{1: [1166, 298, 1190, 324]}","{1: [1166.0, 298.0, 1190.0, 324.0]}","(1178, 311)",1178,311,0,-18,18.0
320,{},{},{},"{1: [1166.0, 279.0, 1190.0, 305.0]}","(1178, 292)",1178,292,0,-19,19.0
321,"{1: [1167, 266, 1191, 291]}","{1: [1167, 266, 1191, 291]}","{1: [1167, 266, 1191, 291]}","{1: [1167.0, 266.0, 1191.0, 291.0]}","(1179, 278)",1179,278,1,-14,14.04
322,"{1: [1167, 251, 1189, 274]}","{1: [1167, 251, 1189, 274]}","{1: [1167, 251, 1189, 274]}","{1: [1167.0, 251.0, 1189.0, 274.0]}","(1178, 262)",1178,262,-1,-16,16.03
323,"{1: [1166, 237, 1191, 267]}","{1: [1166, 237, 1191, 267]}","{1: [1166, 237, 1191, 267]}","{1: [1166.0, 237.0, 1191.0, 267.0]}","(1178, 252)",1178,252,0,-10,10.0
324,"{1: [1168, 229, 1190, 251]}","{1: [1168, 229, 1190, 251]}","{1: [1168, 229, 1190, 251]}","{1: [1168.0, 229.0, 1190.0, 251.0]}","(1179, 240)",1179,240,1,-12,12.04
325,{},{},{},"{1: [1167.0, 218.0, 1190.0, 241.0]}","(1178, 229)",1178,229,-1,-11,11.05
326,"{1: [1168, 210, 1191, 234]}","{1: [1168, 210, 1191, 234]}","{1: [1168, 210, 1191, 234]}","{1: [1168.0, 210.0, 1191.0, 234.0]}","(1179, 222)",1179,222,1,-7,7.07
327,"{1: [1168, 205, 1191, 228]}","{1: [1168, 205, 1191, 228]}","{1: [1168, 205, 1191, 228]}","{1: [1168.0, 205.0, 1191.0, 228.0]}","(1179, 216)",1179,216,0,-6,6.0
328,"{1: [848, 731, 866, 750]}","{1: [848, 731, 866, 750]}",{},"{1: [1157.0, 209.0, 1176.0, 229.0]}","(1166, 219)",1166,219,-13,3,13.34
329,{},{},{},"{1: [1168.0, 209.0, 1188.0, 229.0]}","(1155, 223)",1155,223,-11,4,11.7
330,{},{},{},"{1: [1135.0, 216.0, 1153.0, 236.0]}","(1144, 226)",1144,226,-11,3,11.4
331,{},{},{},"{1: [1125.0, 219.0, 1143.0, 239.0]}","(1134, 229)",1134,229,-10,3,10.44
332,{},{},{},"{1: [1115.0, 222.0, 1134.0, 242.0]}","(1124, 232)",1124,232,-10,3,10.44
333,"{1: [1111, 227, 1125, 244]}","{1: [1111, 227, 1125, 244]}","{1: [1111, 227, 1125, 244]}","{1: [1111.0, 227.0, 1125.0, 244.0]}","(1118, 235)",1118,235,-6,3,6.71
334,"{1: [1091, 231, 1118, 260]}","{1: [1091, 231, 1118, 260]}","{1: [1091, 231, 1118, 260]}","{1: [1091.0, 231.0, 1118.0, 260.0]}","(1104, 245)",1104,245,-14,10,17.2
335,"{1: [1076, 250, 1095, 269]}","{1: [1076, 250, 1095, 269]}","{1: [1076, 250, 1095, 269]}","{1: [1076.0, 250.0, 1095.0, 269.0]}","(1085, 259)",1085,259,-19,14,23.6
336,"{1: [1060, 260, 1077, 279]}","{1: [1060, 260, 1077, 279]}","{1: [1060, 260, 1077, 279]}","{1: [1060.0, 260.0, 1077.0, 279.0]}","(1068, 269)",1068,269,-17,10,19.72
337,"{1: [1039, 269, 1069, 296]}","{1: [1039, 269, 1069, 296]}","{1: [1039, 269, 1069, 296]}","{1: [1039.0, 269.0, 1069.0, 296.0]}","(1054, 282)",1054,282,-14,13,19.1
338,{},{},{},"{1: [1018.0, 291.0, 1044.0, 315.0]}","(1031, 303)",1031,303,-23,21,31.14
339,"{1: [1004, 309, 1026, 331]}","{1: [1004, 309, 1026, 331]}","{1: [1004, 309, 1026, 331]}","{1: [1004.0, 309.0, 1026.0, 331.0]}","(1015, 320)",1015,320,-16,17,23.35
340,"{1: [989, 331, 1004, 347]}","{1: [989, 331, 1004, 347]}","{1: [989, 331, 1004, 347]}","{1: [989.0, 331.0, 1004.0, 347.0]}","(996, 339)",996,339,-19,19,26.87
341,"{1: [967, 342, 997, 370]}","{1: [967, 342, 997, 370]}","{1: [967, 342, 997, 370]}","{1: [967.0, 342.0, 997.0, 370.0]}","(982, 356)",982,356,-14,17,22.02
342,{},{},{},"{1: [945.0, 378.0, 968.0, 401.0]}","(956, 389)",956,389,-26,33,42.01
343,{},{},{},"{1: [921.0, 410.0, 944.0, 433.0]}","(932, 421)",932,421,-24,32,40.0
344,{},{},{},"{1: [898.0, 440.0, 922.0, 463.0]}","(910, 451)",910,451,-22,30,37.2
345,{},{},{},"{1: [878.0, 467.0, 902.0, 490.0]}","(890, 478)",890,478,-20,27,33.6
346,"{1: [867, 492, 884, 509]}","{1: [867, 492, 884, 509]}","{1: [867, 492, 884, 509]}","{1: [867.0, 492.0, 884.0, 509.0]}","(875, 500)",875,500,-15,22,26.63
347,"{1: [842, 524, 861, 545]}","{1: [842, 524, 861, 545]}","{1: [842, 524, 861, 545]}","{1: [842.0, 524.0, 861.0, 545.0]}","(851, 534)",851,534,-24,34,41.62
348,"{1: [822, 563, 837, 579]}","{1: [822, 563, 837, 579]}","{1: [822, 563, 837, 579]}","{1: [822.0, 563.0, 837.0, 579.0]}","(829, 571)",829,571,-22,37,43.05
349,"{1: [800, 592, 816, 609]}","{1: [800, 592, 816, 609]}","{1: [800, 592, 816, 609]}","{1: [800.0, 592.0, 816.0, 609.0]}","(808, 600)",808,600,-21,29,35.81
350,"{1: [778, 592, 801, 616], 2: [775, 585, 805, 620]}","{1: [775, 585, 805, 620]}","{1: [775, 585, 805, 620]}","{1: [775.0, 585.0, 805.0, 620.0]}","(790, 602)",790,602,-18,2,18.11
351,"{1: [758, 593, 782, 620]}","{1: [758, 593, 782, 620]}","{1: [758, 593, 782, 620]}","{1: [758.0, 593.0, 782.0, 620.0]}","(770, 606)",770,606,-20,4,20.4
352,"{1: [737, 597, 762, 624]}","{1: [737, 597, 762, 624]}","{1: [737, 597, 762, 624]}","{1: [737.0, 597.0, 762.0, 624.0]}","(749, 610)",749,610,-21,4,21.38
353,"{1: [725, 610, 739, 627]}","{1: [725, 610, 739, 627]}","{1: [725, 610, 739, 627]}","{1: [725.0, 610.0, 739.0, 627.0]}","(732, 618)",732,618,-17,8,18.79
354,{},{},{},"{1: [699.0, 623.0, 714.0, 640.0]}","(706, 631)",706,631,-26,13,29.07
355,"{1: [679, 634, 695, 652]}","{1: [679, 634, 695, 652]}","{1: [679, 634, 695, 652]}","{1: [679.0, 634.0, 695.0, 652.0]}","(687, 643)",687,643,-19,12,22.47
356,"{1: [655, 644, 678, 669], 2: [651, 635, 685, 673]}","{1: [655, 644, 678, 669]}","{1: [655, 644, 678, 669]}","{1: [655.0, 644.0, 678.0, 669.0]}","(666, 656)",666,656,-21,13,24.7
357,"{1: [632, 654, 661, 685], 2: [634, 660, 656, 682]}","{1: [634, 660, 656, 682]}","{1: [634, 660, 656, 682]}","{1: [634.0, 660.0, 656.0, 682.0]}","(645, 671)",645,671,-21,15,25.81
358,"{1: [609, 677, 636, 703]}","{1: [609, 677, 636, 703]}","{1: [609, 677, 636, 703]}","{1: [609.0, 677.0, 636.0, 703.0]}","(622, 690)",622,690,-23,19,29.83
359,{},{},{},"{1: [586.0, 707.0, 607.0, 729.0]}","(596, 718)",596,718,-26,28,38.21
360,{},{},{},"{1: [562.0, 735.0, 583.0, 757.0]}","(572, 746)",572,746,-24,28,36.88
361,{},{},{},"{1: [540.0, 761.0, 561.0, 783.0]}","(550, 772)",550,772,-22,26,34.06
362,{},{},{},"{1: [520.0, 784.0, 541.0, 806.0]}","(530, 795)",530,795,-20,23,30.48
363,"{1: [508, 804, 523, 822]}","{1: [508, 804, 523, 822]}","{1: [508, 804, 523, 822]}","{1: [508.0, 804.0, 523.0, 822.0]}","(515, 813)",515,813,-15,18,23.43
364,{},{},{},"{1: [563.0, 737.0, 587.0, 763.0]}","(575, 750)",575,750,60,-63,87.0
365,"{1: [606, 692, 633, 720], 2: [606, 685, 638, 719]}","{1: [606, 685, 638, 719]}","{1: [606, 685, 638, 719]}","{1: [606.0, 685.0, 638.0, 719.0]}","(622, 702)",622,702,47,-48,67.18
366,"{1: [649, 649, 671, 674], 2: [646, 646, 676, 678]}","{1: [646, 646, 676, 678]}","{1: [646, 646, 676, 678]}","{1: [646.0, 646.0, 676.0, 678.0]}","(661, 662)",661,662,39,-40,55.87
367,"{1: [697, 602, 718, 626]}","{1: [697, 602, 718, 626]}","{1: [697, 602, 718, 626]}","{1: [697.0, 602.0, 718.0, 626.0]}","(707, 614)",707,614,46,-48,66.48
368,"{1: [723, 574, 747, 598]}","{1: [723, 574, 747, 598]}","{1: [723, 574, 747, 598]}","{1: [723.0, 574.0, 747.0, 598.0]}","(735, 586)",735,586,28,-28,39.6
369,"{1: [756, 538, 781, 565]}","{1: [756, 538, 781, 565]}","{1: [756, 538, 781, 565]}","{1: [756.0, 538.0, 781.0, 565.0]}","(768, 551)",768,551,33,-35,48.1
370,"{1: [788, 515, 806, 535]}","{1: [788, 515, 806, 535]}","{1: [788, 515, 806, 535]}","{1: [788.0, 515.0, 806.0, 535.0]}","(797, 525)",797,525,29,-26,38.95
371,"{1: [816, 490, 833, 509]}","{1: [816, 490, 833, 509]}","{1: [816, 490, 833, 509]}","{1: [816.0, 490.0, 833.0, 509.0]}","(824, 499)",824,499,27,-26,37.48
372,{},{},{},"{1: [834.0, 471.0, 856.0, 493.0]}","(845, 482)",845,482,21,-17,27.02
373,{},{},{},"{1: [856.0, 454.0, 878.0, 477.0]}","(867, 465)",867,465,22,-17,27.8
374,{},{},{},"{1: [877.0, 438.0, 899.0, 461.0]}","(888, 449)",888,449,21,-16,26.4
375,{},{},{},"{1: [897.0, 423.0, 919.0, 445.0]}","(908, 434)",908,434,20,-15,25.0
376,{},{},{},"{1: [916.0, 408.0, 938.0, 430.0]}","(927, 419)",927,419,19,-15,24.21
377,{},{},{},"{1: [935.0, 393.0, 957.0, 416.0]}","(946, 404)",946,404,19,-15,24.21
378,{},{},{},"{1: [953.0, 379.0, 975.0, 402.0]}","(964, 390)",964,390,18,-14,22.8
379,{},{},{},"{1: [970.0, 367.0, 992.0, 389.0]}","(981, 378)",981,378,17,-12,20.81
380,{},{},{},"{1: [985.0, 355.0, 1007.0, 378.0]}","(996, 366)",996,366,15,-12,19.21
381,"{1: [995, 345, 1022, 371]}","{1: [995, 345, 1022, 371]}","{1: [995, 345, 1022, 371]}","{1: [995.0, 345.0, 1022.0, 371.0]}","(1008, 358)",1008,358,12,-8,14.42
382,"{1: [1014, 346, 1028, 363]}","{1: [1014, 346, 1028, 363]}","{1: [1014, 346, 1028, 363]}","{1: [1014.0, 346.0, 1028.0, 363.0]}","(1021, 354)",1021,354,13,-4,13.6
383,"{1: [1019, 338, 1045, 363]}","{1: [1019, 338, 1045, 363]}","{1: [1019, 338, 1045, 363]}","{1: [1019.0, 338.0, 1045.0, 363.0]}","(1032, 350)",1032,350,11,-4,11.7
384,"{1: [1028, 334, 1052, 359]}","{1: [1028, 334, 1052, 359]}","{1: [1028, 334, 1052, 359]}","{1: [1028.0, 334.0, 1052.0, 359.0]}","(1040, 346)",1040,346,8,-4,8.94
385,"{1: [1039, 333, 1062, 357]}","{1: [1039, 333, 1062, 357]}","{1: [1039, 333, 1062, 357]}","{1: [1039.0, 333.0, 1062.0, 357.0]}","(1050, 345)",1050,345,10,-1,10.05
386,"{1: [1048, 332, 1071, 356]}","{1: [1048, 332, 1071, 356]}","{1: [1048, 332, 1071, 356]}","{1: [1048.0, 332.0, 1071.0, 356.0]}","(1059, 344)",1059,344,9,-1,9.06
387,"{1: [1059, 333, 1078, 353]}","{1: [1059, 333, 1078, 353]}","{1: [1059, 333, 1078, 353]}","{1: [1059.0, 333.0, 1078.0, 353.0]}","(1068, 343)",1068,343,9,-1,9.06
388,"{1: [1065, 327, 1093, 359]}","{1: [1065, 327, 1093, 359]}","{1: [1065, 327, 1093, 359]}","{1: [1065.0, 327.0, 1093.0, 359.0]}","(1079, 343)",1079,343,11,0,11.0
389,"{1: [1074, 333, 1097, 357]}","{1: [1074, 333, 1097, 357]}","{1: [1074, 333, 1097, 357]}","{1: [1074.0, 333.0, 1097.0, 357.0]}","(1085, 345)",1085,345,6,2,6.32
390,"{1: [1081, 334, 1105, 360]}","{1: [1081, 334, 1105, 360]}","{1: [1081, 334, 1105, 360]}","{1: [1081.0, 334.0, 1105.0, 360.0]}","(1093, 347)",1093,347,8,2,8.25
391,"{1: [1086, 338, 1117, 366], 2: [1089, 338, 1112, 363]}","{1: [1089, 338, 1112, 363]}","{1: [1089, 338, 1112, 363]}","{1: [1089.0, 338.0, 1112.0, 363.0]}","(1100, 350)",1100,350,7,3,7.62
392,"{1: [1093, 327, 1118, 354]}","{1: [1093, 327, 1118, 354]}","{1: [1093, 327, 1118, 354]}","{1: [1093.0, 327.0, 1118.0, 354.0]}","(1105, 340)",1105,340,5,-10,11.18
393,"{1: [1099, 321, 1118, 340], 2: [703, 707, 720, 725]}","{1: [1099, 321, 1118, 340]}","{1: [1099, 321, 1118, 340]}","{1: [1099.0, 321.0, 1118.0, 340.0]}","(1108, 330)",1108,330,3,-10,10.44
394,"{1: [1103, 308, 1122, 329]}","{1: [1103, 308, 1122, 329]}","{1: [1103, 308, 1122, 329]}","{1: [1103.0, 308.0, 1122.0, 329.0]}","(1112, 318)",1112,318,4,-12,12.65
395,"{1: [1110, 302, 1123, 317]}","{1: [1110, 302, 1123, 317]}","{1: [1110, 302, 1123, 317]}","{1: [1110.0, 302.0, 1123.0, 317.0]}","(1116, 309)",1116,309,4,-9,9.85
396,{},{},{},"{1: [1080.0, 341.0, 1095.0, 357.0]}","(1087, 349)",1087,349,-29,40,49.41
397,{},{},{},"{1: [1052.0, 380.0, 1067.0, 397.0]}","(1059, 388)",1059,388,-28,39,48.01
398,{},{},{},"{1: [1025.0, 419.0, 1040.0, 436.0]}","(1032, 427)",1032,427,-27,39,47.43
399,{},{},{},"{1: [998.0, 457.0, 1013.0, 474.0]}","(1005, 465)",1005,465,-27,38,46.62
400,{},{},{},"{1: [972.0, 495.0, 987.0, 511.0]}","(979, 503)",979,503,-26,38,46.04
401,"{1: [775, 707, 792, 725]}","{1: [775, 707, 792, 725]}",{},"{1: [947.0, 531.0, 962.0, 547.0]}","(954, 539)",954,539,-25,36,43.83
402,{},{},{},"{1: [923.0, 566.0, 938.0, 582.0]}","(930, 574)",930,574,-24,35,42.44
403,{},{},{},"{1: [1130.0, 271.0, 1150.0, 291.0]}","(906, 607)",906,607,-24,33,40.8
404,{},{},{},"{1: [877.0, 631.0, 892.0, 647.0]}","(884, 639)",884,639,-22,32,38.83
405,{},{},{},"{1: [856.0, 661.0, 871.0, 677.0]}","(863, 669)",863,669,-21,30,36.62
406,{},{},{},"{1: [837.0, 688.0, 852.0, 704.0]}","(844, 696)",844,696,-19,27,33.02
407,"{1: [1037, 228, 1051, 245], 2: [823, 708, 840, 726]}","{1: [823, 708, 840, 726]}","{1: [823, 708, 840, 726]}","{1: [823.0, 708.0, 840.0, 726.0]}","(831, 717)",831,717,-13,21,24.7
408,{},{},{},"{1: [849.0, 636.0, 871.0, 658.0]}","(860, 647)",860,647,29,-70,75.77
409,{},{},{},"{1: [878.0, 569.0, 900.0, 591.0]}","(889, 580)",889,580,29,-67,73.01
410,{},{},{},"{1: [906.0, 504.0, 928.0, 527.0]}","(917, 515)",917,515,28,-65,70.77
411,{},{},{},"{1: [932.0, 443.0, 954.0, 465.0]}","(943, 454)",943,454,26,-61,66.31
412,{},{},{},"{1: [956.0, 386.0, 978.0, 408.0]}","(967, 397)",967,397,24,-57,61.85
413,{},{},{},"{1: [978.0, 334.0, 1000.0, 357.0]}","(989, 345)",989,345,22,-52,56.46
414,"{1: [994, 293, 1021, 320]}","{1: [994, 293, 1021, 320]}","{1: [994, 293, 1021, 320]}","{1: [994.0, 293.0, 1021.0, 320.0]}","(1007, 306)",1007,306,18,-39,42.95
415,"{1: [986, 307, 1002, 325]}","{1: [986, 307, 1002, 325]}","{1: [986, 307, 1002, 325]}","{1: [986.0, 307.0, 1002.0, 325.0]}","(994, 316)",994,316,-13,10,16.4
416,"{1: [971, 311, 998, 338], 2: [970, 309, 998, 345]}","{1: [971, 311, 998, 338]}","{1: [971, 311, 998, 338]}","{1: [971.0, 311.0, 998.0, 338.0]}","(984, 324)",984,324,-10,8,12.81
417,"{1: [963, 326, 977, 341]}","{1: [963, 326, 977, 341]}","{1: [963, 326, 977, 341]}","{1: [963.0, 326.0, 977.0, 341.0]}","(970, 333)",970,333,-14,9,16.64
418,"{1: [945, 327, 974, 358]}","{1: [945, 327, 974, 358]}","{1: [945, 327, 974, 358]}","{1: [945.0, 327.0, 974.0, 358.0]}","(959, 342)",959,342,-11,9,14.21
419,"{1: [934, 349, 953, 369]}","{1: [934, 349, 953, 369]}","{1: [934, 349, 953, 369]}","{1: [934.0, 349.0, 953.0, 369.0]}","(943, 359)",943,359,-16,17,23.35
420,"{1: [919, 357, 945, 384]}","{1: [919, 357, 945, 384]}","{1: [919, 357, 945, 384]}","{1: [919.0, 357.0, 945.0, 384.0]}","(932, 370)",932,370,-11,11,15.56
421,"{1: [914, 375, 931, 393]}","{1: [914, 375, 931, 393]}","{1: [914, 375, 931, 393]}","{1: [914.0, 375.0, 931.0, 393.0]}","(922, 384)",922,384,-10,14,17.2
422,{},{},{},"{1: [896.0, 397.0, 915.0, 417.0]}","(905, 407)",905,407,-17,23,28.6
423,{},{},{},"{1: [882.0, 419.0, 901.0, 440.0]}","(891, 429)",891,429,-14,22,26.08
424,{},{},{},"{1: [868.0, 440.0, 887.0, 460.0]}","(877, 450)",877,450,-14,21,25.24
425,{},{},{},"{1: [856.0, 459.0, 875.0, 479.0]}","(865, 469)",865,469,-12,19,22.47
426,"{1: [846, 473, 867, 496]}","{1: [846, 473, 867, 496]}","{1: [846, 473, 867, 496]}","{1: [846.0, 473.0, 867.0, 496.0]}","(856, 484)",856,484,-9,15,17.49
427,"{1: [836, 497, 855, 517]}","{1: [836, 497, 855, 517]}","{1: [836, 497, 855, 517]}","{1: [836.0, 497.0, 855.0, 517.0]}","(845, 507)",845,507,-11,23,25.5
428,"{1: [824, 522, 843, 542], 2: [817, 509, 853, 549]}","{1: [817, 509, 853, 549]}","{1: [817, 509, 853, 549]}","{1: [817.0, 509.0, 853.0, 549.0]}","(835, 529)",835,529,-10,22,24.17
429,"{1: [810, 549, 833, 573]}","{1: [810, 549, 833, 573]}","{1: [810, 549, 833, 573]}","{1: [810.0, 549.0, 833.0, 573.0]}","(821, 561)",821,561,-14,32,34.93
430,"{1: [799, 578, 819, 601], 2: [792, 575, 823, 607]}","{1: [799, 578, 819, 601]}","{1: [799, 578, 819, 601]}","{1: [799.0, 578.0, 819.0, 601.0]}","(809, 589)",809,589,-12,28,30.46
431,"{1: [787, 609, 807, 630]}","{1: [787, 609, 807, 630]}","{1: [787, 609, 807, 630]}","{1: [787.0, 609.0, 807.0, 630.0]}","(797, 619)",797,619,-12,30,32.31
432,"{1: [771, 645, 795, 670]}","{1: [771, 645, 795, 670]}","{1: [771, 645, 795, 670]}","{1: [771.0, 645.0, 795.0, 670.0]}","(783, 657)",783,657,-14,38,40.5
433,{},{},{},"{1: [759.0, 661.0, 784.0, 686.0]}","(771, 673)",771,673,-12,16,20.0
434,{},{},{},"{1: [750.0, 723.0, 770.0, 743.0]}","(761, 690)",761,690,-10,17,19.72
435,{},{},{},"{1: [739.0, 692.0, 763.0, 718.0]}","(751, 705)",751,705,-10,15,18.03
436,{},{},{},"{1: [730.0, 706.0, 755.0, 732.0]}","(742, 719)",742,719,-9,14,16.64
437,"{1: [724, 717, 749, 743]}","{1: [724, 717, 749, 743]}","{1: [724, 717, 749, 743]}","{1: [724.0, 717.0, 749.0, 743.0]}","(736, 730)",736,730,-6,11,12.53
438,"{1: [716, 718, 743, 748]}","{1: [716, 718, 743, 748]}","{1: [716, 718, 743, 748]}","{1: [716.0, 718.0, 743.0, 748.0]}","(729, 733)",729,733,-7,3,7.62
439,"{1: [712, 728, 733, 749]}","{1: [712, 728, 733, 749]}","{1: [712, 728, 733, 749]}","{1: [712.0, 728.0, 733.0, 749.0]}","(722, 738)",722,738,-7,5,8.6
440,"{1: [705, 733, 724, 753]}","{1: [705, 733, 724, 753]}","{1: [705, 733, 724, 753]}","{1: [705.0, 733.0, 724.0, 753.0]}","(714, 743)",714,743,-8,5,9.43
441,"{1: [696, 740, 716, 761]}","{1: [696, 740, 716, 761]}","{1: [696, 740, 716, 761]}","{1: [696.0, 740.0, 716.0, 761.0]}","(706, 750)",706,750,-8,7,10.63
442,"{1: [690, 753, 711, 775]}","{1: [690, 753, 711, 775]}","{1: [690, 753, 711, 775]}","{1: [690.0, 753.0, 711.0, 775.0]}","(700, 764)",700,764,-6,14,15.23
443,"{1: [680, 763, 708, 791]}","{1: [680, 763, 708, 791]}","{1: [680, 763, 708, 791]}","{1: [680.0, 763.0, 708.0, 791.0]}","(694, 777)",694,777,-6,13,14.32
444,"{1: [679, 782, 696, 800]}","{1: [679, 782, 696, 800]}","{1: [679, 782, 696, 800]}","{1: [679.0, 782.0, 696.0, 800.0]}","(687, 791)",687,791,-7,14,15.65
445,"{1: [686, 730, 709, 755]}","{1: [686, 730, 709, 755]}","{1: [686, 730, 709, 755]}","{1: [686.0, 730.0, 709.0, 755.0]}","(697, 742)",697,742,10,-49,50.01
446,"{1: [697, 687, 714, 705]}","{1: [697, 687, 714, 705]}","{1: [697, 687, 714, 705]}","{1: [697.0, 687.0, 714.0, 705.0]}","(705, 696)",705,696,8,-46,46.69
447,"{1: [840, 714, 858, 734], 2: [704, 639, 725, 661]}","{1: [704, 639, 725, 661]}","{1: [704, 639, 725, 661]}","{1: [704.0, 639.0, 725.0, 661.0]}","(714, 650)",714,650,9,-46,46.87
448,"{1: [713, 587, 734, 608]}","{1: [713, 587, 734, 608]}","{1: [713, 587, 734, 608]}","{1: [713.0, 587.0, 734.0, 608.0]}","(723, 597)",723,597,9,-53,53.76
449,"{1: [721, 549, 740, 571]}","{1: [721, 549, 740, 571]}","{1: [721, 549, 740, 571]}","{1: [721.0, 549.0, 740.0, 571.0]}","(730, 560)",730,560,7,-37,37.66
450,"{1: [729, 516, 744, 532]}","{1: [729, 516, 744, 532]}","{1: [729, 516, 744, 532]}","{1: [729.0, 516.0, 744.0, 532.0]}","(736, 524)",736,524,6,-36,36.5
451,"{1: [729, 484, 756, 511], 2: [730, 485, 753, 508]}","{1: [730, 485, 753, 508]}","{1: [730, 485, 753, 508]}","{1: [730.0, 485.0, 753.0, 508.0]}","(741, 496)",741,496,5,-28,28.44
452,{},{},{},"{1: [733.0, 459.0, 754.0, 480.0]}","(743, 469)",743,469,2,-27,27.07
453,{},{},{},"{1: [736.0, 435.0, 757.0, 456.0]}","(746, 445)",746,445,3,-24,24.19
454,{},{},{},"{1: [739.0, 412.0, 759.0, 433.0]}","(749, 422)",749,422,3,-23,23.19
455,{},{},{},"{1: [741.0, 391.0, 762.0, 412.0]}","(751, 401)",751,401,2,-21,21.1
456,"{1: [745, 377, 763, 396]}","{1: [745, 377, 763, 396]}","{1: [745, 377, 763, 396]}","{1: [745.0, 377.0, 763.0, 396.0]}","(754, 386)",754,386,3,-15,15.3
457,"{1: [744, 360, 768, 386], 2: [741, 358, 770, 389]}","{1: [741, 358, 770, 389]}","{1: [741, 358, 770, 389]}","{1: [741.0, 358.0, 770.0, 389.0]}","(755, 373)",755,373,1,-13,13.04
458,"{1: [748, 353, 762, 368]}","{1: [748, 353, 762, 368]}","{1: [748, 353, 762, 368]}","{1: [748.0, 353.0, 762.0, 368.0]}","(755, 360)",755,360,0,-13,13.0
459,"{1: [743, 334, 770, 363]}","{1: [743, 334, 770, 363]}","{1: [743, 334, 770, 363]}","{1: [743.0, 334.0, 770.0, 363.0]}","(756, 348)",756,348,1,-12,12.04
460,"{1: [747, 331, 764, 349]}","{1: [747, 331, 764, 349]}","{1: [747, 331, 764, 349]}","{1: [747.0, 331.0, 764.0, 349.0]}","(755, 340)",755,340,-1,-8,8.06
461,"{1: [750, 324, 764, 339]}","{1: [750, 324, 764, 339]}","{1: [750, 324, 764, 339]}","{1: [750.0, 324.0, 764.0, 339.0]}","(757, 331)",757,331,2,-9,9.22
462,"{1: [743, 311, 770, 339]}","{1: [743, 311, 770, 339]}","{1: [743, 311, 770, 339]}","{1: [743.0, 311.0, 770.0, 339.0]}","(756, 325)",756,325,-1,-6,6.08
463,"{1: [746, 309, 765, 330]}","{1: [746, 309, 765, 330]}","{1: [746, 309, 765, 330]}","{1: [746.0, 309.0, 765.0, 330.0]}","(755, 319)",755,319,-1,-6,6.08
464,"{1: [746, 308, 762, 326]}","{1: [746, 308, 762, 326]}","{1: [746, 308, 762, 326]}","{1: [746.0, 308.0, 762.0, 326.0]}","(754, 317)",754,317,-1,-2,2.24
465,"{1: [746, 307, 761, 324]}","{1: [746, 307, 761, 324]}","{1: [746, 307, 761, 324]}","{1: [746.0, 307.0, 761.0, 324.0]}","(753, 315)",753,315,-1,-2,2.24
466,"{1: [745, 305, 761, 322]}","{1: [745, 305, 761, 322]}","{1: [745, 305, 761, 322]}","{1: [745.0, 305.0, 761.0, 322.0]}","(753, 313)",753,313,0,-2,2.0
467,"{1: [744, 302, 761, 321]}","{1: [744, 302, 761, 321]}","{1: [744, 302, 761, 321]}","{1: [744.0, 302.0, 761.0, 321.0]}","(752, 311)",752,311,-1,-2,2.24
468,"{1: [739, 300, 759, 321]}","{1: [739, 300, 759, 321]}","{1: [739, 300, 759, 321]}","{1: [739.0, 300.0, 759.0, 321.0]}","(749, 310)",749,310,-3,-1,3.16
469,"{1: [737, 299, 758, 321]}","{1: [737, 299, 758, 321]}","{1: [737, 299, 758, 321]}","{1: [737.0, 299.0, 758.0, 321.0]}","(747, 310)",747,310,-2,0,2.0
470,"{1: [734, 299, 758, 323]}","{1: [734, 299, 758, 323]}","{1: [734, 299, 758, 323]}","{1: [734.0, 299.0, 758.0, 323.0]}","(746, 311)",746,311,-1,1,1.41
471,"{1: [734, 300, 757, 326]}","{1: [734, 300, 757, 326]}","{1: [734, 300, 757, 326]}","{1: [734.0, 300.0, 757.0, 326.0]}","(745, 313)",745,313,-1,2,2.24
472,"{1: [731, 301, 757, 330]}","{1: [731, 301, 757, 330]}","{1: [731, 301, 757, 330]}","{1: [731.0, 301.0, 757.0, 330.0]}","(744, 315)",744,315,-1,2,2.24
473,"{1: [729, 302, 757, 334]}","{1: [729, 302, 757, 334]}","{1: [729, 302, 757, 334]}","{1: [729.0, 302.0, 757.0, 334.0]}","(743, 318)",743,318,-1,3,3.16
474,"{1: [726, 310, 752, 336]}","{1: [726, 310, 752, 336]}","{1: [726, 310, 752, 336]}","{1: [726.0, 310.0, 752.0, 336.0]}","(739, 323)",739,323,-4,5,6.4
475,"{1: [727, 308, 746, 328]}","{1: [727, 308, 746, 328]}","{1: [727, 308, 746, 328]}","{1: [727.0, 308.0, 746.0, 328.0]}","(736, 318)",736,318,-3,-5,5.83
476,"{1: [726, 298, 741, 316]}","{1: [726, 298, 741, 316]}","{1: [726, 298, 741, 316]}","{1: [726.0, 298.0, 741.0, 316.0]}","(733, 307)",733,307,-3,-11,11.4
477,{},{},{},"{1: [718.0, 284.0, 739.0, 306.0]}","(728, 295)",728,295,-5,-12,13.0
478,{},{},{},"{1: [715.0, 273.0, 735.0, 296.0]}","(725, 284)",725,284,-3,-11,11.4
479,"{1: [710, 264, 736, 291]}","{1: [710, 264, 736, 291]}","{1: [710, 264, 736, 291]}","{1: [710.0, 264.0, 736.0, 291.0]}","(723, 277)",723,277,-2,-7,7.28
480,"{1: [708, 253, 734, 281]}","{1: [708, 253, 734, 281]}","{1: [708, 253, 734, 281]}","{1: [708.0, 253.0, 734.0, 281.0]}","(721, 267)",721,267,-2,-10,10.2
481,"{1: [706, 251, 726, 271]}","{1: [706, 251, 726, 271]}","{1: [706, 251, 726, 271]}","{1: [706.0, 251.0, 726.0, 271.0]}","(716, 261)",716,261,-5,-6,7.81
482,"{1: [705, 247, 722, 267]}","{1: [705, 247, 722, 267]}","{1: [705, 247, 722, 267]}","{1: [705.0, 247.0, 722.0, 267.0]}","(713, 257)",713,257,-3,-4,5.0
483,"{1: [696, 238, 723, 267]}","{1: [696, 238, 723, 267]}","{1: [696, 238, 723, 267]}","{1: [696.0, 238.0, 723.0, 267.0]}","(709, 252)",709,252,-4,-5,6.4
484,"{1: [700, 236, 724, 263]}","{1: [700, 236, 724, 263]}","{1: [700, 236, 724, 263]}","{1: [700.0, 236.0, 724.0, 263.0]}","(712, 249)",712,249,3,-3,4.24
485,"{1: [686, 237, 712, 268]}","{1: [686, 237, 712, 268]}","{1: [686, 237, 712, 268]}","{1: [686.0, 237.0, 712.0, 268.0]}","(699, 252)",699,252,-13,3,13.34
486,"{1: [681, 245, 702, 267]}","{1: [681, 245, 702, 267]}","{1: [681, 245, 702, 267]}","{1: [681.0, 245.0, 702.0, 267.0]}","(691, 256)",691,256,-8,4,8.94
487,"{1: [678, 254, 691, 269]}","{1: [678, 254, 691, 269]}","{1: [678, 254, 691, 269]}","{1: [678.0, 254.0, 691.0, 269.0]}","(684, 261)",684,261,-7,5,8.6
488,"{1: [665, 258, 687, 280]}","{1: [665, 258, 687, 280]}","{1: [665, 258, 687, 280]}","{1: [665.0, 258.0, 687.0, 280.0]}","(676, 269)",676,269,-8,8,11.31
489,{},{},{},"{1: [655.0, 271.0, 678.0, 295.0]}","(666, 283)",666,283,-10,14,17.2
490,{},{},{},"{1: [646.0, 285.0, 669.0, 309.0]}","(657, 297)",657,297,-9,14,16.64
491,{},{},{},"{1: [639.0, 298.0, 662.0, 322.0]}","(650, 310)",650,310,-7,13,14.76
492,"{1: [633, 307, 657, 333], 2: [631, 302, 661, 335]}","{1: [633, 307, 657, 333]}","{1: [633, 307, 657, 333]}","{1: [633.0, 307.0, 657.0, 333.0]}","(645, 320)",645,320,-5,10,11.18
493,"{1: [628, 330, 642, 346]}","{1: [628, 330, 642, 346]}","{1: [628, 330, 642, 346]}","{1: [628.0, 330.0, 642.0, 346.0]}","(635, 338)",635,338,-10,18,20.59
494,"{1: [618, 347, 638, 366]}","{1: [618, 347, 638, 366]}","{1: [618, 347, 638, 366]}","{1: [618.0, 347.0, 638.0, 366.0]}","(628, 356)",628,356,-7,18,19.31
495,{},{},{},"{1: [604.0, 383.0, 630.0, 411.0]}","(617, 397)",617,397,-11,41,42.45
496,{},{},{},"{1: [594.0, 423.0, 619.0, 451.0]}","(606, 437)",606,437,-11,40,41.48
497,{},{},{},"{1: [584.0, 462.0, 609.0, 490.0]}","(596, 476)",596,476,-10,39,40.26
498,{},{},{},"{1: [574.0, 500.0, 600.0, 528.0]}","(587, 514)",587,514,-9,38,39.05
499,{},{},{},"{1: [565.0, 537.0, 590.0, 565.0]}","(577, 551)",577,551,-10,37,38.33
500,{},{},{},"{1: [556.0, 571.0, 582.0, 599.0]}","(569, 585)",569,585,-8,34,34.93
501,{},{},{},"{1: [548.0, 604.0, 573.0, 632.0]}","(560, 618)",560,618,-9,33,34.21
502,{},{},{},"{1: [540.0, 633.0, 566.0, 661.0]}","(553, 647)",553,647,-7,29,29.83
503,"{1: [538, 662, 558, 681], 2: [533, 652, 564, 689]}","{1: [533, 652, 564, 689]}","{1: [533, 652, 564, 689]}","{1: [533.0, 652.0, 564.0, 689.0]}","(548, 670)",548,670,-5,23,23.54
504,"{1: [532, 668, 548, 686]}","{1: [532, 668, 548, 686]}","{1: [532, 668, 548, 686]}","{1: [532.0, 668.0, 548.0, 686.0]}","(540, 677)",540,677,-8,7,10.63
505,"{1: [524, 668, 544, 690]}","{1: [524, 668, 544, 690]}","{1: [524, 668, 544, 690]}","{1: [524.0, 668.0, 544.0, 690.0]}","(534, 679)",534,679,-6,2,6.32
506,"{1: [517, 667, 543, 697]}","{1: [517, 667, 543, 697]}","{1: [517, 667, 543, 697]}","{1: [517.0, 667.0, 543.0, 697.0]}","(530, 682)",530,682,-4,3,5.0
507,"{1: [511, 682, 528, 701]}","{1: [511, 682, 528, 701]}","{1: [511, 682, 528, 701]}","{1: [511.0, 682.0, 528.0, 701.0]}","(519, 691)",519,691,-11,9,14.21
508,{},{},{},"{1: [503.0, 696.0, 519.0, 714.0]}","(511, 705)",511,705,-8,14,16.12
509,{},{},{},"{1: [496.0, 709.0, 512.0, 727.0]}","(504, 718)",504,718,-7,13,14.76
510,{},{},{},"{1: [489.0, 721.0, 506.0, 739.0]}","(497, 730)",497,730,-7,12,13.89
511,"{1: [485, 732, 501, 749]}","{1: [485, 732, 501, 749]}","{1: [485, 732, 501, 749]}","{1: [485.0, 732.0, 501.0, 749.0]}","(493, 740)",493,740,-4,10,10.77
512,"{1: [476, 753, 496, 774]}","{1: [476, 753, 496, 774]}","{1: [476, 753, 496, 774]}","{1: [476.0, 753.0, 496.0, 774.0]}","(486, 763)",486,763,-7,23,24.04
513,"{1: [466, 776, 487, 797], 2: [463, 772, 493, 800]}","{1: [463, 772, 493, 800]}","{1: [463, 772, 493, 800]}","{1: [463.0, 772.0, 493.0, 800.0]}","(478, 786)",478,786,-8,23,24.35
514,"{1: [462, 801, 477, 818]}","{1: [462, 801, 477, 818]}","{1: [462, 801, 477, 818]}","{1: [462.0, 801.0, 477.0, 818.0]}","(469, 809)",469,809,-9,23,24.7
515,"{1: [445, 836, 472, 865]}","{1: [445, 836, 472, 865]}","{1: [445, 836, 472, 865]}","{1: [445.0, 836.0, 472.0, 865.0]}","(458, 850)",458,850,-11,41,42.45
516,"{1: [444, 855, 470, 884]}","{1: [444, 855, 470, 884]}","{1: [444, 855, 470, 884]}","{1: [444.0, 855.0, 470.0, 884.0]}","(457, 869)",457,869,-1,19,19.03
517,{},{},{},"{1: [479.0, 765.0, 503.0, 792.0]}","(491, 778)",491,778,34,-91,97.14
518,"{1: [507, 698, 530, 722], 2: [505, 694, 532, 724]}","{1: [507, 698, 530, 722]}","{1: [507, 698, 530, 722]}","{1: [507.0, 698.0, 530.0, 722.0]}","(518, 710)",518,710,27,-68,73.16
519,"{1: [529, 645, 553, 669]}","{1: [529, 645, 553, 669]}","{1: [529, 645, 553, 669]}","{1: [529.0, 645.0, 553.0, 669.0]}","(541, 657)",541,657,23,-53,57.78
520,"{1: [560, 587, 577, 605]}","{1: [560, 587, 577, 605]}","{1: [560, 587, 577, 605]}","{1: [560.0, 587.0, 577.0, 605.0]}","(568, 596)",568,596,27,-61,66.71
521,"{1: [581, 544, 596, 560]}","{1: [581, 544, 596, 560]}","{1: [581, 544, 596, 560]}","{1: [581.0, 544.0, 596.0, 560.0]}","(588, 552)",588,552,20,-44,48.33
522,"{1: [599, 498, 619, 519]}","{1: [599, 498, 619, 519]}","{1: [599, 498, 619, 519]}","{1: [599.0, 498.0, 619.0, 519.0]}","(609, 508)",609,508,21,-44,48.75
523,{},{},{},"{1: [618.0, 468.0, 636.0, 487.0]}","(627, 477)",627,477,18,-31,35.85
524,{},{},{},"{1: [635.0, 439.0, 653.0, 458.0]}","(644, 448)",644,448,17,-29,33.62
525,{},{},{},"{1: [651.0, 412.0, 669.0, 431.0]}","(660, 421)",660,421,16,-27,31.38
526,{},{},{},"{1: [665.0, 388.0, 683.0, 407.0]}","(674, 397)",674,397,14,-24,27.78
527,"{1: [678, 371, 694, 388]}","{1: [678, 371, 694, 388]}","{1: [678, 371, 694, 388]}","{1: [678.0, 371.0, 694.0, 388.0]}","(686, 379)",686,379,12,-18,21.63
528,"{1: [684, 351, 710, 379]}","{1: [684, 351, 710, 379]}","{1: [684, 351, 710, 379]}","{1: [684.0, 351.0, 710.0, 379.0]}","(697, 365)",697,365,11,-14,17.8
529,"{1: [702, 344, 717, 362]}","{1: [702, 344, 717, 362]}","{1: [702, 344, 717, 362]}","{1: [702.0, 344.0, 717.0, 362.0]}","(709, 353)",709,353,12,-12,16.97
530,"{1: [708, 328, 733, 356]}","{1: [708, 328, 733, 356]}","{1: [708, 328, 733, 356]}","{1: [708.0, 328.0, 733.0, 356.0]}","(720, 342)",720,342,11,-11,15.56
531,"{1: [725, 326, 738, 341]}","{1: [725, 326, 738, 341]}","{1: [725, 326, 738, 341]}","{1: [725.0, 326.0, 738.0, 341.0]}","(731, 333)",731,333,11,-9,14.21
532,"{1: [729, 313, 751, 337], 2: [726, 313, 756, 341]}","{1: [726, 313, 756, 341]}","{1: [726, 313, 756, 341]}","{1: [726.0, 313.0, 756.0, 341.0]}","(741, 327)",741,327,10,-6,11.66
533,"{1: [736, 309, 760, 335]}","{1: [736, 309, 760, 335]}","{1: [736, 309, 760, 335]}","{1: [736.0, 309.0, 760.0, 335.0]}","(748, 322)",748,322,7,-5,8.6
534,"{1: [747, 308, 765, 328]}","{1: [747, 308, 765, 328]}","{1: [747, 308, 765, 328]}","{1: [747.0, 308.0, 765.0, 328.0]}","(756, 318)",756,318,8,-4,8.94
535,"{1: [753, 305, 777, 331], 2: [751, 299, 781, 333]}","{1: [753, 305, 777, 331]}","{1: [753, 305, 777, 331]}","{1: [753.0, 305.0, 777.0, 331.0]}","(765, 318)",765,318,9,0,9.0
536,"{1: [762, 306, 783, 328]}","{1: [762, 306, 783, 328]}","{1: [762, 306, 783, 328]}","{1: [762.0, 306.0, 783.0, 328.0]}","(772, 317)",772,317,7,-1,7.07
537,"{1: [770, 308, 787, 326]}","{1: [770, 308, 787, 326]}","{1: [770, 308, 787, 326]}","{1: [770.0, 308.0, 787.0, 326.0]}","(778, 317)",778,317,6,0,6.0
538,"{1: [776, 307, 799, 331], 2: [773, 298, 805, 334]}","{1: [776, 307, 799, 331]}","{1: [776, 307, 799, 331]}","{1: [776.0, 307.0, 799.0, 331.0]}","(787, 319)",787,319,9,2,9.22
539,"{1: [781, 307, 806, 334]}","{1: [781, 307, 806, 334]}","{1: [781, 307, 806, 334]}","{1: [781.0, 307.0, 806.0, 334.0]}","(793, 320)",793,320,6,1,6.08
540,"{1: [786, 310, 811, 337]}","{1: [786, 310, 811, 337]}","{1: [786, 310, 811, 337]}","{1: [786.0, 310.0, 811.0, 337.0]}","(798, 323)",798,323,5,3,5.83
541,"{1: [799, 320, 814, 338], 2: [789, 311, 823, 349]}","{1: [799, 320, 814, 338]}","{1: [799, 320, 814, 338]}","{1: [799.0, 320.0, 814.0, 338.0]}","(806, 329)",806,329,8,6,10.0
542,"{1: [802, 323, 822, 342], 2: [798, 316, 828, 349]}","{1: [802, 323, 822, 342]}","{1: [802, 323, 822, 342]}","{1: [802.0, 323.0, 822.0, 342.0]}","(812, 332)",812,332,6,3,6.71
543,"{1: [801, 307, 827, 333]}","{1: [801, 307, 827, 333]}","{1: [801, 307, 827, 333]}","{1: [801.0, 307.0, 827.0, 333.0]}","(814, 320)",814,320,2,-12,12.17
544,"{1: [807, 294, 830, 317]}","{1: [807, 294, 830, 317]}","{1: [807, 294, 830, 317]}","{1: [807.0, 294.0, 830.0, 317.0]}","(818, 305)",818,305,4,-15,15.52
545,{},{},{},"{1: [807.0, 275.0, 831.0, 300.0]}","(819, 287)",819,287,1,-18,18.03
546,"{1: [809, 261, 833, 289]}","{1: [809, 261, 833, 289]}","{1: [809, 261, 833, 289]}","{1: [809.0, 261.0, 833.0, 289.0]}","(821, 275)",821,275,2,-12,12.17
547,"{1: [815, 256, 832, 275]}","{1: [815, 256, 832, 275]}","{1: [815, 256, 832, 275]}","{1: [815.0, 256.0, 832.0, 275.0]}","(823, 265)",823,265,2,-10,10.2
548,"{1: [814, 238, 842, 268]}","{1: [814, 238, 842, 268]}","{1: [814, 238, 842, 268]}","{1: [814.0, 238.0, 842.0, 268.0]}","(828, 253)",828,253,5,-12,13.0
549,"{1: [820, 235, 836, 253]}","{1: [820, 235, 836, 253]}","{1: [820, 235, 836, 253]}","{1: [820.0, 235.0, 836.0, 253.0]}","(828, 244)",828,244,0,-9,9.0
550,"{1: [823, 229, 837, 245]}","{1: [823, 229, 837, 245]}","{1: [823, 229, 837, 245]}","{1: [823.0, 229.0, 837.0, 245.0]}","(830, 237)",830,237,2,-7,7.28
551,"{1: [824, 223, 841, 243]}","{1: [824, 223, 841, 243]}","{1: [824, 223, 841, 243]}","{1: [824.0, 223.0, 841.0, 243.0]}","(832, 233)",832,233,2,-4,4.47
552,"{1: [821, 225, 835, 243]}","{1: [821, 225, 835, 243]}","{1: [821, 225, 835, 243]}","{1: [821.0, 225.0, 835.0, 243.0]}","(828, 234)",828,234,-4,1,4.12
553,"{1: [805, 225, 829, 251]}","{1: [805, 225, 829, 251]}","{1: [805, 225, 829, 251]}","{1: [805.0, 225.0, 829.0, 251.0]}","(817, 238)",817,238,-11,4,11.7
554,"{1: [795, 236, 812, 254]}","{1: [795, 236, 812, 254]}","{1: [795, 236, 812, 254]}","{1: [795.0, 236.0, 812.0, 254.0]}","(803, 245)",803,245,-14,7,15.65
555,"{1: [779, 242, 806, 268]}","{1: [779, 242, 806, 268]}","{1: [779, 242, 806, 268]}","{1: [779.0, 242.0, 806.0, 268.0]}","(792, 255)",792,255,-11,10,14.87
556,"{1: [770, 259, 786, 276]}","{1: [770, 259, 786, 276]}","{1: [770, 259, 786, 276]}","{1: [770.0, 259.0, 786.0, 276.0]}","(778, 267)",778,267,-14,12,18.44
557,"{1: [753, 265, 782, 292]}","{1: [753, 265, 782, 292]}","{1: [753, 265, 782, 292]}","{1: [753.0, 265.0, 782.0, 292.0]}","(767, 278)",767,278,-11,11,15.56
558,{},{},{},"{1: [737.0, 285.0, 760.0, 307.0]}","(748, 296)",748,296,-19,18,26.17
559,"{1: [728, 302, 745, 320]}","{1: [728, 302, 745, 320]}","{1: [728, 302, 745, 320]}","{1: [728.0, 302.0, 745.0, 320.0]}","(736, 311)",736,311,-12,15,19.21
560,"{1: [711, 316, 733, 340]}","{1: [711, 316, 733, 340]}","{1: [711, 316, 733, 340]}","{1: [711.0, 316.0, 733.0, 340.0]}","(722, 328)",722,328,-14,17,22.02
561,"{1: [700, 341, 717, 362]}","{1: [700, 341, 717, 362]}","{1: [700, 341, 717, 362]}","{1: [700.0, 341.0, 717.0, 362.0]}","(708, 351)",708,351,-14,23,26.93
562,{},{},{},"{1: [677.0, 376.0, 696.0, 397.0]}","(686, 386)",686,386,-22,35,41.34
563,{},{},{},"{1: [657.0, 411.0, 676.0, 431.0]}","(666, 421)",666,421,-20,35,40.31
564,{},{},{},"{1: [639.0, 443.0, 657.0, 463.0]}","(648, 453)",648,453,-18,32,36.72
565,{},{},{},"{1: [622.0, 472.0, 641.0, 492.0]}","(631, 482)",631,482,-17,29,33.62
566,"{1: [609, 495, 629, 515], 2: [604, 485, 637, 521]}","{1: [609, 495, 629, 515]}","{1: [609, 495, 629, 515]}","{1: [609.0, 495.0, 629.0, 515.0]}","(619, 505)",619,505,-12,23,25.94
567,"{1: [590, 525, 616, 555]}","{1: [590, 525, 616, 555]}","{1: [590, 525, 616, 555]}","{1: [590.0, 525.0, 616.0, 555.0]}","(603, 540)",603,540,-16,35,38.48
568,"{1: [566, 576, 592, 603]}","{1: [566, 576, 592, 603]}","{1: [566, 576, 592, 603]}","{1: [566.0, 576.0, 592.0, 603.0]}","(579, 589)",579,589,-24,49,54.56
569,{},{},{},"{1: [541.0, 627.0, 566.0, 654.0]}","(553, 640)",553,640,-26,51,57.25
570,"{1: [524, 668, 547, 694], 2: [520, 672, 546, 699]}","{1: [524, 668, 547, 694]}","{1: [524, 668, 547, 694]}","{1: [524.0, 668.0, 547.0, 694.0]}","(535, 681)",535,681,-18,41,44.78
571,"{1: [512, 687, 529, 704], 2: [778, 898, 807, 927]}","{1: [778, 898, 807, 927]}",{},"{1: [504.0, 679.0, 522.0, 700.0]}","(513, 689)",513,689,-22,8,23.41
572,"{1: [763, 898, 784, 919]}","{1: [763, 898, 784, 919]}",{},"{1: [484.0, 687.0, 502.0, 708.0]}","(493, 697)",493,697,-20,8,21.54
573,{},{},{},"{1: [465.0, 695.0, 483.0, 716.0]}","(474, 705)",474,705,-19,8,20.62
574,"{1: [450, 697, 474, 722], 2: [449, 694, 477, 728]}","{1: [449, 694, 477, 728]}",{},"{1: [447.0, 702.0, 466.0, 723.0]}","(456, 712)",456,712,-18,7,19.31
575,"{1: [437, 711, 451, 727]}","{1: [437, 711, 451, 727]}","{1: [437, 711, 451, 727]}","{1: [437.0, 711.0, 451.0, 727.0]}","(444, 719)",444,719,-12,7,13.89
576,"{1: [411, 718, 437, 744]}","{1: [411, 718, 437, 744]}","{1: [411, 718, 437, 744]}","{1: [411.0, 718.0, 437.0, 744.0]}","(424, 731)",424,731,-20,12,23.32
577,"{1: [393, 736, 413, 757], 2: [388, 725, 421, 762]}","{1: [393, 736, 413, 757]}","{1: [393, 736, 413, 757]}","{1: [393.0, 736.0, 413.0, 757.0]}","(403, 746)",403,746,-21,15,25.81
578,"{1: [369, 749, 396, 777], 2: [370, 753, 393, 774]}","{1: [369, 749, 396, 777]}","{1: [369, 749, 396, 777]}","{1: [369.0, 749.0, 396.0, 777.0]}","(382, 763)",382,763,-21,17,27.02
579,"{1: [345, 773, 372, 799]}","{1: [345, 773, 372, 799]}","{1: [345, 773, 372, 799]}","{1: [345.0, 773.0, 372.0, 799.0]}","(358, 786)",358,786,-24,23,33.24
580,"{1: [321, 794, 349, 821], 2: [322, 799, 345, 822]}","{1: [322, 799, 345, 822]}","{1: [322, 799, 345, 822]}","{1: [322.0, 799.0, 345.0, 822.0]}","(333, 810)",333,810,-25,24,34.66
581,{},{},{},"{1: [294.0, 830.0, 320.0, 857.0]}","(307, 843)",307,843,-26,33,42.01
582,"{1: [274, 855, 302, 885]}","{1: [274, 855, 302, 885]}","{1: [274, 855, 302, 885]}","{1: [274.0, 855.0, 302.0, 885.0]}","(288, 870)",288,870,-19,27,33.02
583,{},{},{},"{1: [239.0, 910.0, 264.0, 937.0]}","(251, 923)",251,923,-37,53,64.64
584,{},{},{},"{1: [207.0, 959.0, 232.0, 985.0]}","(219, 972)",219,972,-32,49,58.52
585,"{1: [184, 999, 207, 1022]}","{1: [184, 999, 207, 1022]}","{1: [184, 999, 207, 1022]}","{1: [184.0, 999.0, 207.0, 1022.0]}","(195, 1010)",195,1010,-24,38,44.94
586,"{1: [159, 1033, 185, 1059], 2: [161, 1030, 187, 1066]}","{1: [159, 1033, 185, 1059]}","{1: [159, 1033, 185, 1059]}","{1: [159.0, 1033.0, 185.0, 1059.0]}","(172, 1046)",172,1046,-23,36,42.72
587,{},{},{},"{1: [159.0, 1033.0, 185.0, 1059.0]}","(172, 1046)",172,1046,0,0,0.0
588,{},{},{},"{1: [159.0, 1033.0, 185.0, 1059.0]}","(172, 1046)",172,1046,0,0,0.0
589,{},{},{},"{1: [159.0, 1033.0, 185.0, 1059.0]}","(172, 1046)",172,1046,0,0,0.0
590,{},{},{},"{1: [159.0, 1033.0, 185.0, 1059.0]}","(172, 1046)",172,1046,0,0,0.0