frame,near_player_position,far_player_position
0,"[369, 659, 530, 904]","[997, 149, 1059, 298]"
1,"[369, 658, 530, 904]","[997, 148, 1054, 298]"
2,"[369, 658, 530, 904]","[996, 148, 1047, 298]"
3,"[369, 656, 531, 903]","[995, 148, 1041, 298]"
4,"[369, 654, 531, 901]","[993, 148, 1037, 298]"
5,"[369, 652, 531, 898]","[992, 148, 1037, 298]"
6,"[369, 652, 531, 895]","[991, 149, 1035, 298]"
7,"[369, 652, 533, 893]","[990, 150, 1034, 298]"
8,"[369, 653, 540, 893]","[991, 151, 1033, 298]"
9,"[369, 653, 544, 893]","[990, 157, 1032, 298]"
10,"[369, 653, 545, 893]","[991, 171, 1037, 297]"
11,"[369, 651, 546, 892]","[990, 172, 1041, 297]"
12,"[372, 647, 546, 888]","[988, 165, 1038, 297]"
13,"[375, 642, 546, 885]","[988, 154, 1033, 296]"
14,"[383, 638, 546, 881]","[982, 135, 1026, 292]"
15,"[397, 635, 548, 877]","[983, 140, 1021, 290]"
16,"[412, 633, 555, 874]","[978, 148, 1019, 288]"
17,"[425, 633, 575, 873]","[982, 166, 1018, 286]"
18,"[438, 636, 588, 872]","[973, 175, 1017, 268]"
19,"[443, 640, 594, 874]","[972, 179, 1020, 275]"
20,"[445, 644, 597, 876]","[970, 184, 1031, 291]"
21,"[447, 649, 597, 876]","[971, 189, 1037, 301]"
22,"[446, 651, 597, 876]","[972, 193, 1035, 305]"
23,"[445, 651, 596, 874]","[973, 192, 1041, 306]"
24,"[445, 650, 595, 873]","[973, 192, 1041, 306]"
25,"[444, 650, 595, 873]","[972, 194, 1041, 307]"
26,"[439, 649, 594, 873]","[970, 201, 1041, 306]"
27,"[437, 648, 594, 873]","[970, 206, 1042, 306]"
28,"[434, 648, 596, 873]","[970, 206, 1041, 306]"
29,"[430, 647, 598, 873]","[965, 204, 1035, 306]"
30,"[429, 646, 598, 872]","[961, 203, 1027, 305]"
31,"[427, 644, 597, 872]","[960, 202, 1019, 308]"
32,"[428, 641, 596, 872]","[959, 201, 1014, 309]"
33,"[422, 637, 596, 871]","[959, 200, 1018, 309]"
34,"[418, 628, 595, 871]","[959, 199, 1021, 309]"
35,"[417, 620, 592, 871]","[958, 196, 1022, 309]"
36,"[420, 611, 584, 870]","[959, 193, 1022, 309]"
37,"[436, 604, 572, 867]","[959, 190, 1023, 308]"
38,"[452, 597, 559, 863]","[964, 188, 1023, 306]"
39,"[459, 592, 546, 858]","[966, 187, 1027, 305]"
40,"[461, 585, 555, 853]","[970, 185, 1034, 304]"
41,"[462, 575, 560, 844]","[973, 185, 1042, 302]"
42,"[462, 576, 561, 833]","[976, 186, 1051, 301]"
43,"[462, 586, 557, 828]","[978, 187, 1057, 300]"
44,"[460, 590, 552, 830]","[979, 189, 1063, 299]"
45,"[455, 601, 550, 831]","[979, 190, 1065, 298]"
46,"[450, 608, 552, 832]","[979, 191, 1062, 298]"
47,"[444, 610, 554, 831]","[979, 189, 1059, 298]"
48,"[447, 611, 553, 831]","[979, 188, 1061, 298]"
49,"[451, 614, 547, 830]","[985, 187, 1067, 298]"
50,"[449, 619, 545, 830]","[994, 187, 1075, 297]"
51,"[448, 624, 546, 832]","[1009, 187, 1082, 296]"
52,"[448, 629, 559, 833]","[1023, 187, 1091, 296]"
53,"[448, 632, 571, 833]","[1030, 186, 1100, 295]"
54,"[446, 633, 580, 838]","[1035, 185, 1107, 295]"
55,"[443, 632, 585, 841]","[1041, 183, 1117, 294]"
56,"[449, 630, 588, 842]","[1050, 182, 1126, 292]"
57,"[460, 627, 595, 843]","[1063, 183, 1137, 292]"
58,"[480, 625, 601, 843]","[1082, 185, 1149, 292]"
59,"[505, 623, 606, 843]","[1101, 187, 1159, 292]"
60,"[530, 623, 613, 847]","[1112, 188, 1170, 291]"
61,"[547, 624, 621, 855]","[1119, 190, 1180, 292]"
62,"[558, 629, 644, 862]","[1129, 192, 1189, 291]"
63,"[566, 633, 665, 868]","[1139, 194, 1198, 290]"
64,"[570, 638, 685, 878]","[1148, 197, 1206, 294]"
65,"[572, 644, 697, 886]","[1156, 200, 1215, 294]"
66,"[575, 650, 703, 895]","[1162, 201, 1224, 295]"
67,"[580, 656, 707, 898]","[1164, 203, 1235, 296]"
68,"[587, 659, 708, 899]","[1169, 206, 1249, 300]"
69,"[592, 659, 708, 899]","[1174, 206, 1257, 302]"
70,"[593, 656, 708, 898]","[1182, 210, 1261, 302]"
71,"[593, 651, 708, 897]","[1188, 212, 1266, 301]"
72,"[594, 645, 708, 895]","[1196, 214, 1272, 302]"
73,"[594, 640, 709, 891]","[1201, 217, 1269, 303]"
74,"[595, 637, 718, 884]","[1208, 219, 1268, 303]"
75,"[596, 637, 727, 881]","[1211, 220, 1269, 303]"
76,"[595, 637, 738, 882]","[1203, 219, 1271, 303]"
77,"[594, 640, 745, 882]","[1196, 218, 1273, 302]"
78,"[593, 645, 748, 883]","[1211, 215, 1279, 302]"
79,"[593, 651, 750, 884]","[1201, 208, 1284, 302]"
80,"[592, 658, 750, 884]","[1198, 196, 1288, 302]"
81,"[592, 662, 750, 884]","[1202, 192, 1291, 302]"
82,"[592, 665, 751, 884]","[1204, 189, 1290, 302]"
83,"[592, 665, 750, 885]","[1207, 188, 1289, 301]"
84,"[590, 664, 749, 883]","[1198, 187, 1286, 301]"
85,"[587, 664, 743, 883]","[1196, 187, 1285, 300]"
86,"[585, 663, 728, 886]","[1193, 187, 1285, 300]"
87,"[581, 664, 701, 889]","[1192, 187, 1284, 300]"
88,"[575, 661, 671, 892]","[1191, 187, 1284, 300]"
89,"[568, 661, 660, 894]","[1188, 186, 1284, 299]"
90,"[554, 660, 654, 896]","[1186, 184, 1279, 297]"
91,"[541, 661, 649, 899]","[1182, 182, 1272, 298]"
92,"[535, 661, 644, 900]","[1176, 180, 1261, 297]"
93,"[533, 661, 641, 900]","[1172, 177, 1246, 295]"
94,"[529, 662, 640, 900]","[1168, 175, 1236, 294]"
95,"[526, 662, 636, 900]","[1164, 173, 1229, 292]"
96,"[516, 661, 633, 901]","[1159, 171, 1222, 293]"
97,"[501, 659, 628, 901]","[1155, 171, 1212, 294]"
98,"[491, 657, 625, 901]","[1149, 171, 1203, 295]"
99,"[486, 654, 617, 900]","[1143, 173, 1197, 294]"
100,"[485, 652, 611, 896]","[1137, 173, 1189, 296]"
101,"[484, 651, 606, 891]","[1124, 173, 1185, 297]"
102,"[484, 650, 602, 885]","[1112, 172, 1184, 297]"
103,"[484, 650, 599, 882]","[1104, 172, 1183, 295]"
104,"[482, 651, 596, 881]","[1101, 173, 1178, 293]"
105,"[481, 653, 596, 880]","[1096, 173, 1168, 292]"
106,"[480, 656, 600, 880]","[1091, 173, 1153, 291]"
107,"[480, 659, 604, 881]","[1087, 172, 1141, 291]"
108,"[478, 661, 613, 881]","[1085, 171, 1132, 291]"
109,"[473, 661, 623, 881]","[1081, 170, 1126, 291]"
110,"[466, 661, 631, 881]","[1078, 169, 1120, 290]"
111,"[460, 661, 636, 881]","[1074, 168, 1115, 288]"
112,"[455, 659, 633, 881]","[1071, 168, 1110, 286]"
113,"[453, 656, 621, 880]","[1068, 167, 1106, 285]"
114,"[469, 652, 597, 879]","[1060, 165, 1101, 284]"
115,"[474, 643, 570, 877]","[1050, 163, 1097, 284]"
116,"[473, 638, 570, 875]","[1042, 161, 1092, 282]"
117,"[466, 634, 584, 873]","[1033, 162, 1088, 280]"
118,"[459, 630, 582, 868]","[1024, 162, 1084, 279]"
119,"[456, 627, 575, 866]","[1016, 164, 1081, 278]"
120,"[451, 626, 566, 863]","[1008, 167, 1078, 276]"
121,"[446, 626, 558, 861]","[1001, 171, 1077, 274]"
122,"[445, 628, 555, 857]","[997, 176, 1076, 274]"
123,"[444, 629, 564, 854]","[996, 181, 1076, 273]"
124,"[444, 630, 573, 851]","[995, 185, 1075, 273]"
125,"[444, 633, 575, 849]","[994, 186, 1076, 273]"
126,"[444, 635, 577, 848]","[989, 186, 1077, 273]"
127,"[444, 637, 576, 848]","[981, 184, 1076, 274]"
128,"[445, 636, 571, 848]","[971, 182, 1073, 274]"
129,"[445, 634, 576, 844]","[963, 180, 1064, 274]"
130,"[451, 632, 585, 842]","[953, 179, 1050, 274]"
131,"[464, 630, 602, 847]","[942, 177, 1031, 274]"
132,"[482, 629, 626, 850]","[933, 175, 1015, 273]"
133,"[510, 629, 645, 853]","[923, 173, 1008, 274]"
134,"[534, 628, 662, 850]","[914, 173, 1000, 274]"
135,"[546, 627, 673, 852]","[904, 172, 990, 274]"
136,"[562, 627, 681, 857]","[895, 172, 973, 274]"
137,"[590, 629, 687, 860]","[884, 171, 954, 274]"
138,"[606, 632, 695, 862]","[873, 171, 940, 274]"
139,"[613, 634, 709, 862]","[865, 170, 934, 274]"
140,"[615, 635, 734, 864]","[853, 169, 932, 273]"
141,"[616, 635, 759, 865]","[846, 167, 929, 273]"
142,"[619, 635, 770, 866]","[839, 164, 925, 273]"
143,"[635, 632, 781, 871]","[836, 163, 915, 271]"
144,"[659, 631, 795, 872]","[828, 161, 901, 271]"
145,"[691, 628, 808, 871]","[817, 160, 885, 270]"
146,"[727, 627, 823, 871]","[812, 160, 875, 270]"
147,"[750, 627, 837, 874]","[807, 160, 868, 268]"
148,"[769, 629, 849, 878]","[793, 159, 861, 268]"
149,"[786, 634, 873, 886]","[778, 161, 852, 268]"
150,"[802, 639, 906, 893]","[767, 164, 842, 267]"
151,"[815, 646, 940, 898]","[758, 166, 832, 267]"
152,"[819, 653, 972, 901]","[751, 167, 825, 267]"
153,"[822, 659, 994, 906]","[747, 168, 821, 267]"
154,"[827, 664, 1007, 913]","[744, 167, 817, 267]"
155,"[840, 669, 1011, 917]","[742, 168, 813, 266]"
156,"[864, 672, 1012, 918]","[741, 168, 811, 266]"
157,"[896, 672, 1014, 918]","[741, 167, 809, 265]"
158,"[929, 671, 1025, 917]","[740, 166, 808, 264]"
159,"[949, 669, 1040, 915]","[740, 166, 810, 264]"
160,"[962, 669, 1056, 911]","[740, 165, 818, 264]"
161,"[975, 668, 1070, 909]","[740, 164, 823, 264]"
162,"[987, 670, 1086, 907]","[742, 164, 826, 264]"
163,"[998, 671, 1100, 904]","[747, 163, 827, 264]"
164,"[1008, 673, 1124, 904]","[755, 162, 828, 264]"
165,"[1018, 674, 1146, 903]","[764, 160, 830, 264]"
166,"[1027, 675, 1164, 903]","[774, 158, 832, 264]"
167,"[1031, 676, 1176, 905]","[779, 156, 835, 264]"
168,"[1033, 678, 1185, 906]","[783, 154, 837, 265]"
169,"[1035, 677, 1188, 906]","[787, 153, 840, 267]"
170,"[1041, 676, 1189, 905]","[795, 153, 843, 268]"
171,"[1051, 673, 1189, 905]","[806, 154, 847, 268]"
172,"[1067, 670, 1197, 905]","[814, 154, 850, 268]"
173,"[1081, 666, 1208, 904]","[818, 154, 855, 268]"
174,"[1087, 664, 1226, 902]","[823, 154, 861, 268]"
175,"[1092, 664, 1221, 899]","[826, 154, 873, 268]"
176,"[1099, 664, 1215, 895]","[830, 154, 885, 268]"
177,"[1110, 666, 1231, 889]","[834, 154, 896, 268]"
178,"[1122, 666, 1252, 884]","[838, 157, 907, 271]"
179,"[1135, 668, 1270, 881]","[842, 160, 915, 272]"
180,"[1145, 669, 1287, 878]","[846, 163, 920, 272]"
181,"[1147, 672, 1298, 876]","[847, 167, 923, 272]"
182,"[1143, 674, 1305, 876]","[848, 170, 924, 272]"
183,"[1139, 675, 1308, 876]","[849, 172, 925, 272]"
184,"[1139, 676, 1307, 877]","[849, 171, 925, 272]"
185,"[1140, 677, 1308, 880]","[847, 169, 923, 272]"
186,"[1144, 676, 1308, 886]","[843, 167, 920, 272]"
187,"[1144, 674, 1307, 891]","[839, 165, 914, 272]"
188,"[1142, 672, 1302, 893]","[836, 164, 905, 272]"
189,"[1139, 668, 1294, 893]","[831, 163, 896, 273]"
190,"[1136, 664, 1282, 894]","[827, 163, 889, 274]"
191,"[1133, 661, 1266, 894]","[822, 165, 886, 275]"
192,"[1131, 658, 1247, 894]","[820, 166, 885, 275]"
193,"[1128, 657, 1225, 894]","[814, 168, 884, 275]"
194,"[1124, 657, 1208, 896]","[809, 169, 884, 275]"
195,"[1115, 660, 1202, 902]","[803, 170, 884, 275]"
196,"[1102, 664, 1198, 909]","[798, 172, 884, 275]"
197,"[1082, 669, 1194, 918]","[796, 172, 884, 276]"
198,"[1066, 672, 1191, 926]","[797, 172, 883, 276]"
199,"[1059, 675, 1187, 930]","[800, 172, 882, 276]"
200,"[1056, 676, 1183, 934]","[802, 171, 881, 276]"
201,"[1055, 676, 1179, 935]","[802, 168, 879, 276]"
202,"[1054, 675, 1177, 935]","[796, 166, 877, 276]"
203,"[1054, 674, 1179, 935]","[791, 164, 872, 276]"
204,"[1055, 674, 1182, 934]","[791, 163, 865, 276]"
205,"[1051, 677, 1186, 936]","[792, 163, 858, 276]"
206,"[1046, 681, 1191, 939]","[787, 163, 856, 277]"
207,"[1040, 687, 1196, 946]","[783, 162, 856, 277]"
208,"[1037, 694, 1201, 952]","[780, 163, 855, 278]"
209,"[1035, 704, 1208, 960]","[777, 166, 855, 278]"
210,"[1034, 713, 1212, 963]","[776, 168, 856, 278]"
211,"[1033, 720, 1214, 970]","[776, 168, 857, 277]"
212,"[1034, 724, 1217, 975]","[776, 168, 855, 276]"
213,"[1035, 726, 1218, 976]","[776, 167, 853, 276]"
214,"[1040, 726, 1218, 977]","[776, 166, 853, 276]"
215,"[1047, 725, 1219, 977]","[777, 164, 854, 276]"
216,"[1055, 722, 1219, 976]","[779, 164, 859, 277]"
217,"[1063, 718, 1220, 976]","[783, 164, 864, 276]"
218,"[1068, 714, 1222, 976]","[790, 163, 867, 275]"
219,"[1069, 711, 1226, 973]","[800, 162, 869, 274]"
220,"[1068, 708, 1228, 969]","[812, 159, 873, 274]"
221,"[1066, 708, 1230, 965]","[823, 157, 877, 274]"
222,"[1061, 710, 1231, 964]","[831, 156, 879, 274]"
223,"[1057, 712, 1224, 963]","[839, 155, 881, 274]"
224,"[1054, 714, 1219, 963]","[846, 155, 884, 276]"
225,"[1053, 717, 1215, 963]","[850, 156, 887, 276]"
226,"[1052, 720, 1221, 963]","[854, 157, 897, 277]"
227,"[1054, 721, 1228, 963]","[858, 159, 908, 277]"
228,"[1055, 722, 1228, 963]","[861, 161, 920, 278]"
229,"[1056, 722, 1215, 963]","[865, 162, 926, 278]"
230,"[1055, 720, 1196, 962]","[869, 162, 929, 278]"
231,"[1055, 715, 1188, 961]","[871, 161, 930, 277]"
232,"[1054, 711, 1181, 960]","[872, 160, 931, 277]"
233,"[1045, 706, 1176, 958]","[873, 158, 931, 276]"
234,"[1034, 701, 1176, 953]","[873, 157, 932, 275]"
235,"[1026, 696, 1147, 950]","[875, 157, 935, 274]"
236,"[1019, 691, 1135, 947]","[877, 157, 943, 274]"
237,"[1012, 663, 1122, 941]","[878, 159, 951, 274]"
238,"[1009, 655, 1114, 938]","[880, 161, 957, 274]"
239,"[1008, 665, 1108, 935]","[881, 164, 962, 274]"
240,"[1009, 680, 1104, 935]","[882, 168, 964, 273]"
241,"[1007, 693, 1104, 935]","[882, 172, 965, 274]"
242,"[1007, 701, 1104, 935]","[881, 175, 965, 273]"
243,"[1007, 704, 1103, 934]","[881, 177, 965, 273]"
244,"[1001, 704, 1104, 933]","[881, 178, 965, 273]"
245,"[998, 700, 1104, 931]","[880, 176, 965, 274]"
246,"[1000, 698, 1106, 930]","[877, 173, 964, 274]"
247,"[997, 696, 1110, 929]","[873, 170, 961, 274]"
248,"[988, 696, 1113, 930]","[866, 167, 952, 274]"
249,"[985, 697, 1117, 933]","[859, 166, 940, 274]"
250,"[982, 697, 1120, 939]","[854, 164, 926, 275]"
251,"[983, 701, 1121, 946]","[850, 164, 912, 275]"
252,"[984, 702, 1122, 951]","[846, 166, 904, 277]"
253,"[984, 702, 1122, 955]","[841, 166, 899, 278]"
254,"[984, 700, 1121, 955]","[834, 168, 896, 278]"
255,"[984, 698, 1119, 954]","[827, 170, 893, 278]"
256,"[984, 697, 1118, 954]","[821, 171, 892, 278]"
257,"[979, 697, 1119, 955]","[816, 172, 892, 278]"
258,"[971, 697, 1122, 959]","[813, 173, 892, 278]"
259,"[967, 700, 1123, 965]","[813, 174, 891, 278]"
260,"[966, 703, 1125, 968]","[813, 173, 890, 278]"
261,"[965, 704, 1126, 970]","[813, 173, 887, 278]"
262,"[965, 703, 1126, 970]","[808, 171, 883, 278]"
263,"[965, 701, 1126, 969]","[803, 170, 877, 279]"
264,"[968, 700, 1128, 966]","[805, 169, 869, 278]"
265,"[971, 700, 1134, 967]","[805, 170, 865, 279]"
266,"[973, 703, 1142, 970]","[796, 171, 863, 279]"
267,"[976, 707, 1148, 974]","[786, 171, 862, 280]"
268,"[977, 714, 1153, 978]","[780, 171, 863, 280]"
269,"[977, 723, 1159, 984]","[777, 174, 862, 280]"
270,"[976, 731, 1164, 986]","[775, 174, 862, 280]"
271,"[976, 738, 1167, 990]","[774, 174, 862, 280]"
272,"[977, 744, 1168, 992]","[774, 173, 862, 279]"
273,"[978, 746, 1169, 992]","[774, 172, 859, 279]"
274,"[980, 747, 1171, 993]","[774, 171, 856, 279]"
275,"[982, 745, 1172, 992]","[774, 170, 855, 279]"
276,"[983, 742, 1172, 992]","[775, 168, 855, 279]"
277,"[982, 738, 1172, 991]","[778, 167, 859, 278]"
278,"[981, 735, 1170, 988]","[782, 167, 862, 278]"
279,"[981, 732, 1160, 986]","[789, 166, 865, 277]"
280,"[981, 729, 1142, 986]","[799, 164, 869, 276]"
281,"[980, 725, 1124, 983]","[809, 163, 873, 276]"
282,"[972, 723, 1119, 980]","[820, 161, 878, 276]"
283,"[962, 721, 1110, 975]","[827, 159, 880, 277]"
284,"[952, 721, 1105, 969]","[833, 158, 883, 278]"
285,"[944, 722, 1097, 967]","[840, 157, 886, 278]"
286,"[937, 723, 1097, 966]","[850, 158, 890, 278]"
287,"[933, 725, 1096, 966]","[855, 160, 894, 278]"
288,"[935, 726, 1109, 965]","[860, 161, 902, 278]"
289,"[936, 727, 1102, 965]","[865, 163, 916, 278]"
290,"[936, 724, 1093, 964]","[869, 163, 925, 279]"
291,"[935, 722, 1076, 963]","[872, 163, 931, 278]"
292,"[934, 718, 1066, 963]","[873, 162, 933, 278]"
293,"[934, 711, 1054, 960]","[873, 160, 935, 278]"
294,"[928, 703, 1051, 956]","[876, 159, 935, 278]"
295,"[921, 697, 1054, 951]","[879, 158, 935, 276]"
296,"[919, 696, 1045, 948]","[882, 157, 939, 275]"
297,"[914, 695, 1027, 946]","[884, 156, 945, 274]"
298,"[912, 686, 1013, 946]","[887, 157, 955, 274]"
299,"[912, 689, 1002, 945]","[890, 159, 962, 274]"
300,"[909, 691, 995, 943]","[892, 161, 969, 275]"
301,"[903, 691, 996, 941]","[892, 166, 974, 275]"
302,"[904, 690, 1001, 935]","[892, 170, 976, 274]"
303,"[903, 689, 1009, 932]","[892, 172, 977, 274]"
304,"[905, 687, 1014, 928]","[892, 172, 977, 274]"
305,"[902, 685, 1019, 924]","[892, 171, 977, 274]"
306,"[893, 684, 1023, 924]","[896, 170, 980, 274]"
307,"[886, 684, 1031, 923]","[904, 168, 985, 274]"
308,"[883, 686, 1035, 924]","[917, 167, 993, 274]"
309,"[879, 689, 1037, 927]","[933, 167, 1002, 274]"
310,"[878, 693, 1037, 932]","[949, 164, 1008, 273]"
311,"[877, 695, 1038, 937]","[956, 162, 1016, 273]"
312,"[877, 696, 1038, 941]","[961, 161, 1024, 273]"
313,"[877, 694, 1037, 943]","[966, 159, 1034, 273]"
314,"[878, 691, 1033, 944]","[972, 159, 1048, 270]"
315,"[878, 687, 1026, 944]","[983, 158, 1056, 270]"
316,"[878, 684, 1016, 943]","[994, 161, 1065, 273]"
317,"[880, 681, 1003, 942]","[1010, 163, 1075, 276]"
318,"[880, 680, 992, 940]","[1025, 165, 1083, 277]"
319,"[872, 681, 983, 941]","[1037, 168, 1089, 277]"
320,"[857, 683, 977, 943]","[1046, 168, 1097, 277]"
321,"[838, 688, 976, 945]","[1049, 170, 1111, 278]"
322,"[823, 693, 975, 948]","[1052, 168, 1125, 277]"
323,"[816, 697, 976, 951]","[1054, 168, 1136, 277]"
324,"[813, 699, 975, 953]","[1056, 168, 1143, 277]"
325,"[812, 699, 975, 953]","[1059, 168, 1147, 276]"
326,"[812, 698, 975, 953]","[1065, 168, 1148, 275]"
327,"[812, 696, 972, 952]","[1075, 167, 1149, 275]"
328,"[813, 693, 966, 951]","[1087, 167, 1152, 274]"
329,"[811, 692, 957, 950]","[1102, 168, 1158, 274]"
330,"[805, 693, 946, 953]","[1113, 168, 1159, 273]"
331,"[791, 696, 931, 957]","[1119, 168, 1165, 272]"
332,"[774, 701, 919, 965]","[1121, 168, 1175, 273]"
333,"[757, 708, 916, 972]","[1124, 171, 1188, 273]"
334,"[739, 717, 914, 978]","[1128, 173, 1200, 273]"
335,"[725, 725, 913, 980]","[1134, 175, 1206, 273]"
336,"[713, 730, 913, 981]","[1138, 175, 1209, 273]"
337,"[704, 732, 913, 981]","[1144, 175, 1209, 272]"
338,"[699, 732, 912, 980]","[1146, 174, 1210, 272]"
339,"[697, 731, 900, 979]","[1146, 173, 1209, 272]"
340,"[696, 729, 880, 979]","[1145, 172, 1209, 271]"
341,"[695, 725, 850, 978]","[1146, 170, 1209, 270]"
342,"[694, 721, 813, 978]","[1144, 168, 1209, 270]"
343,"[685, 717, 778, 977]","[1142, 165, 1208, 269]"
344,"[671, 713, 760, 974]","[1139, 163, 1208, 269]"
345,"[659, 710, 748, 969]","[1136, 161, 1206, 269]"
346,"[650, 708, 738, 966]","[1133, 158, 1200, 269]"
347,"[628, 707, 728, 963]","[1131, 156, 1192, 270]"
348,"[611, 706, 719, 962]","[1128, 155, 1184, 269]"
349,"[605, 707, 711, 961]","[1125, 154, 1172, 268]"
350,"[600, 707, 703, 961]","[1123, 154, 1164, 269]"
351,"[592, 707, 696, 962]","[1119, 156, 1158, 269]"
352,"[584, 707, 689, 962]","[1113, 158, 1155, 269]"
353,"[577, 707, 683, 962]","[1104, 159, 1155, 269]"
354,"[570, 706, 676, 962]","[1094, 161, 1155, 269]"
355,"[563, 706, 670, 963]","[1086, 163, 1155, 269]"
356,"[555, 705, 664, 962]","[1081, 162, 1155, 271]"
357,"[546, 703, 659, 961]","[1077, 162, 1155, 272]"
358,"[536, 706, 656, 960]","[1076, 161, 1153, 272]"
359,"[527, 705, 655, 958]","[1075, 160, 1149, 272]"
360,"[515, 710, 653, 957]","[1075, 158, 1140, 273]"
361,"[516, 714, 651, 954]","[1072, 157, 1130, 273]"
362,"[526, 716, 649, 950]","[1068, 156, 1120, 273]"
363,"[538, 719, 645, 945]","[1065, 155, 1109, 274]"
364,"[538, 721, 640, 938]","[1060, 155, 1101, 274]"
365,"[536, 722, 649, 929]","[1057, 155, 1096, 274]"
366,"[536, 721, 659, 923]","[1047, 156, 1092, 275]"
367,"[537, 720, 669, 917]","[1034, 159, 1087, 276]"
368,"[542, 712, 676, 912]","[1023, 162, 1083, 278]"
369,"[542, 704, 682, 907]","[1014, 167, 1082, 279]"
370,"[531, 700, 687, 905]","[1010, 172, 1082, 279]"
371,"[520, 696, 692, 903]","[1009, 176, 1082, 280]"
372,"[513, 692, 695, 905]","[1008, 179, 1080, 279]"
373,"[511, 688, 696, 907]","[1009, 179, 1078, 280]"
374,"[515, 685, 704, 909]","[1009, 178, 1077, 280]"
375,"[529, 683, 711, 910]","[1009, 177, 1077, 280]"
376,"[547, 682, 715, 909]","[1010, 174, 1078, 280]"
377,"[557, 682, 719, 909]","[1013, 173, 1079, 280]"
378,"[560, 681, 724, 909]","[1018, 171, 1081, 280]"
379,"[561, 680, 728, 910]","[1024, 171, 1084, 282]"
380,"[562, 677, 734, 911]","[1031, 170, 1086, 284]"
381,"[562, 674, 740, 911]","[1037, 170, 1088, 285]"
382,"[561, 671, 746, 911]","[1039, 171, 1090, 285]"
383,"[565, 668, 751, 912]","[1039, 172, 1091, 285]"
384,"[577, 665, 753, 913]","[1040, 174, 1094, 285]"
385,"[599, 662, 755, 913]","[1040, 175, 1098, 285]"
386,"[627, 660, 757, 913]","[1040, 177, 1101, 286]"
387,"[646, 657, 757, 914]","[1043, 178, 1104, 286]"
388,"[657, 657, 757, 918]","[1045, 179, 1107, 286]"
389,"[668, 658, 760, 923]","[1048, 181, 1108, 287]"
390,"[677, 660, 776, 928]","[1051, 183, 1111, 287]"
391,"[685, 662, 792, 931]","[1054, 184, 1115, 288]"
392,"[692, 663, 801, 932]","[1056, 186, 1116, 289]"
393,"[700, 662, 805, 931]","[1058, 187, 1117, 291]"
394,"[708, 661, 808, 928]","[1059, 186, 1119, 291]"
395,"[716, 660, 816, 925]","[1061, 186, 1120, 293]"
396,"[725, 660, 828, 924]","[1063, 183, 1121, 296]"
397,"[733, 661, 853, 925]","[1064, 183, 1122, 299]"
398,"[736, 663, 870, 928]","[1065, 184, 1125, 301]"
399,"[737, 665, 878, 931]","[1066, 186, 1127, 301]"
400,"[737, 666, 881, 930]","[1068, 199, 1129, 301]"
401,"[739, 664, 882, 928]","[1068, 206, 1132, 301]"
402,"[742, 661, 883, 925]","[1069, 211, 1127, 301]"
403,"[755, 658, 885, 919]","[1068, 214, 1121, 301]"
404,"[770, 657, 894, 915]","[1068, 215, 1119, 301]"
405,"[784, 657, 911, 911]","[1064, 216, 1118, 300]"
406,"[797, 659, 934, 909]","[1066, 214, 1118, 300]"
407,"[803, 664, 951, 908]","[1067, 210, 1118, 300]"
408,"[805, 669, 961, 908]","[1046, 206, 1121, 301]"
409,"[806, 677, 967, 910]","[1039, 202, 1123, 302]"
410,"[808, 684, 969, 910]","[1035, 196, 1125, 302]"
411,"[809, 689, 969, 910]","[1032, 190, 1127, 302]"
412,"[809, 689, 969, 909]","[1030, 187, 1127, 301]"
413,"[808, 688, 967, 907]","[1028, 185, 1125, 300]"
414,"[807, 686, 964, 906]","[1025, 184, 1121, 299]"
415,"[808, 684, 954, 906]","[1023, 183, 1116, 298]"
416,"[807, 684, 940, 907]","[1021, 181, 1109, 298]"
417,"[800, 685, 923, 909]","[1021, 179, 1104, 298]"
418,"[792, 686, 919, 912]","[1021, 178, 1097, 298]"
419,"[788, 689, 917, 915]","[1021, 176, 1093, 298]"
420,"[786, 691, 915, 919]","[1021, 174, 1089, 298]"
421,"[785, 693, 915, 924]","[1021, 173, 1085, 298]"
422,"[784, 694, 915, 930]","[1018, 173, 1084, 298]"
423,"[784, 694, 915, 935]","[1016, 173, 1083, 297]"
424,"[784, 694, 912, 938]","[1015, 173, 1082, 296]"
425,"[783, 694, 906, 940]","[1012, 172, 1080, 294]"
426,"[781, 692, 899, 940]","[1010, 170, 1078, 293]"
427,"[777, 691, 888, 940]","[1009, 168, 1072, 292]"
428,"[771, 689, 876, 940]","[1008, 165, 1067, 292]"
429,"[765, 687, 869, 941]","[1007, 163, 1060, 291]"
430,"[760, 687, 864, 943]","[1005, 162, 1054, 291]"
431,"[755, 687, 859, 944]","[1004, 162, 1049, 291]"
432,"[753, 686, 856, 945]","[1003, 163, 1046, 290]"
433,"[751, 685, 851, 945]","[1002, 164, 1043, 290]"
434,"[748, 685, 848, 945]","[1000, 166, 1041, 290]"
435,"[746, 685, 844, 945]","[999, 167, 1039, 289]"
436,"[746, 684, 841, 944]","[998, 168, 1037, 290]"
437,"[743, 682, 837, 945]","[998, 169, 1036, 290]"
438,"[740, 683, 835, 945]","[997, 170, 1035, 289]"
439,"[735, 683, 832, 944]","[996, 171, 1033, 288]"
440,"[729, 686, 830, 943]","[993, 171, 1031, 285]"
441,"[722, 687, 828, 943]","[987, 169, 1029, 285]"
442,"[715, 689, 828, 942]","[982, 167, 1028, 283]"
443,"[711, 691, 827, 940]","[976, 165, 1025, 282]"
444,"[720, 692, 828, 937]","[969, 164, 1024, 281]"
445,"[731, 693, 828, 931]","[963, 164, 1022, 281]"
446,"[734, 693, 830, 925]","[957, 164, 1022, 280]"
447,"[735, 692, 849, 921]","[951, 166, 1022, 282]"
448,"[737, 689, 864, 917]","[945, 169, 1022, 284]"
449,"[743, 670, 880, 913]","[941, 173, 1022, 284]"
450,"[749, 655, 885, 910]","[938, 177, 1022, 285]"
451,"[752, 645, 885, 910]","[936, 180, 1022, 285]"
452,"[749, 636, 887, 910]","[936, 182, 1022, 285]"
453,"[741, 632, 888, 911]","[935, 181, 1022, 285]"
454,"[734, 633, 892, 912]","[934, 180, 1022, 286]"
455,"[734, 638, 894, 913]","[928, 179, 1013, 285]"
456,"[744, 642, 897, 914]","[921, 178, 1000, 285]"
457,"[759, 643, 900, 914]","[915, 178, 983, 286]"
458,"[774, 648, 902, 914]","[907, 177, 966, 286]"
459,"[782, 652, 906, 914]","[900, 177, 951, 288]"
460,"[788, 657, 910, 913]","[893, 177, 942, 290]"
461,"[798, 662, 915, 915]","[886, 178, 936, 291]"
462,"[805, 666, 924, 920]","[876, 177, 935, 291]"
463,"[809, 671, 939, 923]","[865, 177, 934, 291]"
464,"[810, 675, 954, 925]","[858, 177, 933, 291]"
465,"[810, 678, 963, 927]","[853, 176, 928, 291]"
466,"[809, 679, 969, 928]","[846, 174, 920, 288]"
467,"[811, 678, 970, 931]","[838, 174, 907, 286]"
468,"[819, 675, 971, 932]","[830, 173, 891, 285]"
469,"[838, 672, 971, 930]","[823, 172, 879, 285]"
470,"[861, 670, 974, 928]","[815, 172, 870, 284]"
471,"[882, 669, 981, 928]","[807, 173, 862, 285]"
472,"[895, 669, 996, 932]","[799, 175, 855, 285]"
473,"[904, 671, 1018, 936]","[790, 178, 848, 285]"
474,"[912, 675, 1039, 939]","[781, 181, 841, 284]"
475,"[917, 680, 1059, 941]","[774, 183, 835, 282]"
476,"[919, 685, 1071, 942]","[768, 186, 829, 284]"
477,"[919, 688, 1081, 945]","[760, 188, 825, 283]"
478,"[919, 690, 1084, 949]","[754, 189, 819, 284]"
479,"[920, 691, 1085, 951]","[750, 190, 814, 284]"
480,"[921, 690, 1085, 952]","[746, 191, 809, 285]"
481,"[929, 687, 1084, 949]","[743, 192, 805, 288]"
482,"[943, 683, 1085, 947]","[741, 191, 802, 290]"
483,"[958, 680, 1089, 944]","[738, 190, 799, 290]"
484,"[970, 680, 1098, 941]","[732, 189, 797, 291]"
485,"[978, 680, 1113, 941]","[736, 188, 794, 291]"
486,"[985, 682, 1133, 946]","[737, 187, 791, 291]"
487,"[988, 687, 1150, 950]","[736, 184, 787, 291]"
488,"[988, 694, 1160, 953]","[734, 182, 783, 292]"
489,"[989, 705, 1168, 956]","[732, 181, 777, 292]"
490,"[990, 715, 1173, 958]","[728, 180, 773, 291]"
491,"[987, 724, 1174, 957]","[718, 179, 768, 292]"
492,"[990, 730, 1174, 957]","[709, 178, 766, 292]"
493,"[998, 734, 1174, 956]","[705, 177, 765, 292]"
494,"[994, 733, 1173, 956]","[703, 176, 765, 292]"
495,"[985, 731, 1170, 955]","[703, 176, 764, 291]"
496,"[971, 730, 1164, 955]","[703, 175, 764, 290]"
497,"[956, 732, 1147, 955]","[703, 173, 764, 289]"
498,"[939, 733, 1122, 955]","[704, 171, 764, 287]"
499,"[921, 733, 1087, 954]","[704, 170, 766, 286]"
500,"[902, 734, 1061, 954]","[705, 170, 768, 286]"
501,"[883, 734, 1049, 954]","[707, 172, 771, 285]"
502,"[868, 733, 1041, 954]","[707, 175, 774, 284]"
503,"[848, 733, 1027, 949]","[707, 176, 776, 284]"
504,"[822, 734, 1007, 952]","[707, 178, 779, 284]"
505,"[794, 738, 967, 953]","[706, 178, 781, 284]"
506,"[764, 742, 917, 953]","[706, 177, 787, 284]"
507,"[739, 746, 892, 963]","[708, 177, 792, 284]"
508,"[718, 751, 882, 970]","[716, 176, 798, 284]"
509,"[687, 753, 874, 973]","[728, 177, 803, 283]"
510,"[639, 757, 865, 975]","[743, 175, 809, 283]"
511,"[594, 763, 852, 980]","[755, 173, 815, 282]"
512,"[556, 768, 833, 994]","[761, 171, 822, 283]"
513,"[523, 775, 808, 1008]","[767, 170, 828, 284]"
514,"[501, 784, 780, 1014]","[775, 169, 834, 284]"
515,"[475, 794, 755, 1020]","[785, 169, 841, 285]"
516,"[455, 804, 736, 1024]","[801, 169, 847, 285]"
517,"[438, 815, 717, 1028]","[810, 168, 854, 285]"
518,"[429, 817, 700, 1030]","[814, 167, 864, 285]"
519,"[425, 829, 685, 1031]","[817, 167, 875, 284]"
520,"[424, 833, 673, 1031]","[824, 167, 891, 283]"
521,"[424, 835, 663, 1030]","[838, 168, 907, 284]"
522,"[425, 837, 655, 1030]","[850, 171, 923, 285]"
523,"[426, 834, 648, 1030]","[861, 175, 935, 287]"
524,"[427, 828, 643, 1029]","[869, 180, 945, 287]"
525,"[428, 821, 638, 1029]","[876, 185, 950, 287]"
526,"[429, 813, 632, 1029]","[881, 189, 952, 288]"
527,"[429, 805, 628, 1029]","[886, 192, 952, 288]"
528,"[430, 798, 620, 1028]","[890, 192, 952, 288]"
529,"[430, 790, 611, 1028]","[892, 192, 952, 288]"
530,"[431, 781, 612, 1027]","[892, 190, 952, 288]"
531,"[432, 774, 623, 1024]","[891, 187, 951, 288]"
532,"[437, 768, 638, 1018]","[889, 184, 951, 288]"
533,"[448, 763, 652, 1013]","[886, 182, 950, 288]"
534,"[470, 758, 664, 1008]","[883, 180, 950, 289]"
535,"[500, 752, 673, 1006]","[880, 179, 949, 288]"
536,"[535, 746, 683, 1005]","[877, 179, 948, 290]"
537,"[566, 741, 694, 1004]","[874, 179, 949, 290]"
538,"[583, 737, 705, 1002]","[872, 180, 949, 291]"
539,"[600, 734, 716, 999]","[870, 182, 949, 291]"
540,"[631, 734, 728, 996]","[867, 184, 949, 291]"
541,"[653, 735, 740, 991]","[865, 186, 949, 291]"
542,"[669, 737, 755, 985]","[860, 187, 949, 291]"
543,"[679, 738, 790, 978]","[854, 188, 949, 291]"
544,"[684, 738, 823, 976]","[851, 188, 949, 291]"
545,"[685, 736, 854, 976]","[848, 188, 949, 291]"
546,"[685, 733, 871, 976]","[852, 188, 950, 291]"
547,"[693, 732, 875, 978]","[862, 187, 950, 291]"
548,"[708, 729, 876, 979]","[868, 185, 949, 291]"
549,"[734, 725, 876, 979]","[870, 183, 949, 291]"
550,"[764, 722, 879, 979]","[866, 180, 948, 291]"
551,"[789, 720, 890, 982]","[860, 179, 947, 291]"
552,"[805, 720, 910, 986]","[865, 177, 947, 292]"
553,"[818, 723, 936, 992]","[869, 176, 946, 291]"
554,"[829, 729, 966, 1000]","[871, 176, 943, 291]"
555,"[838, 737, 993, 1006]","[871, 175, 941, 290]"
556,"[845, 747, 1019, 1010]","[872, 176, 940, 290]"
557,"[852, 759, 1039, 1014]","[871, 177, 940, 290]"
558,"[862, 772, 1058, 1018]","[871, 178, 941, 290]"
559,"[871, 787, 1076, 1023]","[872, 179, 943, 290]"
560,"[876, 802, 1092, 1026]","[873, 181, 944, 290]"
561,"[879, 819, 1106, 1027]","[876, 184, 943, 290]"
562,"[877, 838, 1120, 1028]","[879, 186, 943, 292]"
563,"[875, 859, 1131, 1029]","[885, 187, 944, 295]"
564,"[872, 875, 1139, 1030]","[892, 188, 944, 300]"
565,"[871, 883, 1143, 1034]","[895, 188, 942, 301]"
566,"[868, 886, 1138, 1044]","[896, 188, 941, 302]"
567,"[869, 889, 1135, 1050]","[896, 188, 940, 302]"
568,"[868, 891, 1133, 1054]","[896, 188, 943, 302]"
569,"[869, 895, 1128, 1055]","[896, 187, 945, 302]"
570,"[868, 901, 1127, 1061]","[896, 187, 947, 302]"
571,"[868, 909, 1129, 1069]","[896, 186, 948, 302]"
572,"[868, 916, 1128, 1070]","[896, 185, 948, 303]"
573,"[867, 924, 1124, 1069]","[897, 184, 948, 303]"
574,"[866, 930, 1122, 1069]","[897, 184, 953, 305]"
575,"[864, 935, 1121, 1067]","[897, 185, 955, 307]"
576,"[858, 938, 1123, 1064]","[898, 186, 955, 309]"
577,"[854, 942, 1125, 1057]","[900, 188, 956, 311]"
578,"[851, 944, 1130, 1054]","[902, 190, 957, 312]"
579,"[846, 943, 1134, 1052]","[904, 191, 958, 312]"
580,"[843, 941, 1135, 1052]","[908, 191, 960, 312]"
581,"[844, 941, 1135, 1052]","[913, 190, 961, 312]"
582,"[846, 942, 1134, 1052]","[920, 189, 963, 313]"
583,"[847, 945, 1131, 1050]","[924, 187, 964, 315]"
584,"[848, 948, 1128, 1052]","[926, 186, 966, 316]"
585,"[848, 950, 1126, 1056]","[926, 185, 968, 315]"
586,"[848, 951, 1126, 1058]","[927, 185, 970, 315]"
587,"[848, 950, 1127, 1058]","[927, 186, 972, 319]"
588,"[848, 950, 1128, 1059]","[927, 187, 979, 321]"
589,"[848, 950, 1128, 1059]","[927, 188, 982, 322]"
590,"[848, 950, 1128, 1059]","[928, 189, 984, 322]"
