frame_number,near_player_id,near_player_original_box,near_player_reference_point,near_player_action,near_player_net_clearance,far_player_id,far_player_original_box,far_player_reference_point,far_player_action,far_player_net_clearance,ball_id,ball_original_box,ball_reference_point,ball_height,ball_horizontal_velocity,ball_vertical_velocity,ball_action
0,1,"[369, 659, 530, 904]","(105, 748)",0,0.0,2,"[997, 149, 1059, 298]","(229, 106)",0,0.0,1,"[1009, 90, 1025, 107]","(242, -647)",0.0,0.0,0.0,4
1,1,"[369, 658, 530, 904]","(105, 748)",0,0.0,2,"[997, 148, 1054, 298]","(228, 106)",0,0.0,1,"[1009, 88, 1024, 105]","(242, -660)",0.0,0.0,0.0,4
2,1,"[369, 658, 530, 904]","(105, 748)",0,0.0,2,"[996, 148, 1047, 298]","(227, 106)",0,0.0,1,"[1010, 87, 1025, 104]","(242, -666)",0.0,0.0,0.0,4
3,1,"[369, 656, 531, 903]","(106, 748)",0,0.0,2,"[995, 148, 1041, 298]","(225, 106)",0,0.0,1,"[1010, 87, 1025, 104]","(242, -666)",0.0,0.0,0.0,4
4,1,"[369, 654, 531, 901]","(105, 747)",0,0.0,2,"[993, 148, 1037, 298]","(224, 106)",0,0.0,1,"[1010, 86, 1025, 103]","(243, -672)",0.0,0.0,0.0,4
5,1,"[369, 652, 531, 898]","(105, 746)",0,0.0,2,"[992, 148, 1037, 298]","(224, 106)",0,0.0,1,"[1010, 85, 1025, 102]","(243, -679)",0.0,0.0,0.0,4
6,1,"[369, 652, 531, 895]","(105, 744)",0,0.0,2,"[991, 149, 1035, 298]","(223, 106)",0,0.0,1,"[1011, 84, 1026, 101]","(243, -685)",0.0,0.0,0.0,4
7,1,"[369, 652, 533, 893]","(105, 743)",0,0.0,2,"[990, 150, 1034, 298]","(223, 106)",0,0.0,1,"[1011, 84, 1026, 101]","(243, -685)",0.0,0.0,0.0,4
8,1,"[369, 653, 540, 893]","(105, 743)",0,0.0,2,"[991, 151, 1033, 298]","(223, 106)",0,0.0,1,"[1011, 83, 1026, 100]","(244, -691)",0.0,0.0,0.0,4
9,1,"[369, 653, 544, 893]","(106, 743)",0,0.0,2,"[990, 157, 1032, 298]","(223, 106)",0,0.0,1,"[1011, 83, 1026, 100]","(244, -691)",0.0,0.0,0.0,4
10,1,"[369, 653, 545, 893]","(106, 743)",0,0.0,2,"[991, 171, 1037, 297]","(224, 104)",0,0.0,1,"[1012, 82, 1027, 99]","(244, -698)",0.0,0.0,0.0,4
11,1,"[369, 651, 546, 892]","(106, 743)",0,0.0,2,"[990, 172, 1041, 297]","(224, 104)",0,0.0,1,"[1012, 81, 1027, 98]","(245, -704)",0.0,0.0,0.0,4
12,1,"[372, 647, 546, 888]","(106, 741)",0,0.0,2,"[988, 165, 1038, 297]","(223, 104)",0,0.0,1,"[1013, 82, 1027, 99]","(245, -698)",0.0,0.0,0.0,4
13,1,"[375, 642, 546, 885]","(106, 739)",0,0.0,2,"[988, 154, 1033, 296]","(222, 101)",0,0.0,1,"[988, 100, 1007, 122]","(228, -570)",0.0,0.0,0.0,4
14,1,"[383, 638, 546, 881]","(106, 737)",0,0.0,2,"[982, 135, 1026, 292]","(220, 92)",1,1.21,1,"[1009, 97, 1029, 117]","(242, 99)",2.79,39.53,-2.35,0
15,1,"[397, 635, 548, 877]","(108, 735)",0,0.0,2,"[983, 140, 1021, 290]","(219, 87)",0,0.0,1,"[946, 141, 965, 162]","(231, 137)",2.68,38.2,-2.74,4
16,1,"[412, 633, 555, 874]","(109, 733)",0,0.0,2,"[978, 148, 1019, 288]","(218, 83)",0,0.0,1,"[927, 160, 946, 181]","(221, 174)",2.56,36.95,-3.12,4
17,1,"[425, 633, 575, 873]","(112, 733)",0,0.0,2,"[982, 166, 1018, 286]","(219, 78)",0,0.0,1,"[909, 178, 928, 199]","(211, 210)",2.42,35.79,-3.51,4
18,1,"[438, 636, 588, 872]","(115, 732)",0,0.0,2,"[973, 175, 1017, 268]","(217, 33)",0,0.0,1,"[893, 193, 912, 215]","(202, 245)",2.26,34.69,-3.89,4
19,1,"[443, 640, 594, 874]","(116, 734)",0,0.0,2,"[972, 179, 1020, 275]","(217, 51)",0,0.0,1,"[878, 204, 902, 230]","(193, 279)",2.09,33.66,-4.27,4
20,1,"[445, 644, 597, 876]","(117, 735)",0,0.0,2,"[970, 184, 1031, 291]","(218, 90)",0,0.0,1,"[846, 236, 873, 264]","(184, 312)",1.9,32.69,-4.64,4
21,1,"[447, 649, 597, 876]","(117, 735)",0,0.0,2,"[971, 189, 1037, 301]","(220, 113)",0,0.0,1,"[816, 276, 841, 303]","(175, 344)",1.7,31.77,-5.01,4
22,1,"[446, 651, 597, 876]","(117, 735)",0,0.0,2,"[972, 193, 1035, 305]","(219, 122)",0,0.0,1,"[794, 309, 818, 334]","(167, 375)",1.49,30.91,-5.38,4
23,1,"[445, 651, 596, 874]","(116, 734)",0,0.0,2,"[973, 192, 1041, 306]","(221, 124)",0,0.0,1,"[773, 349, 788, 367]","(158, 405)",1.26,30.09,-5.75,4
24,1,"[445, 650, 595, 873]","(116, 733)",0,0.0,2,"[973, 192, 1041, 306]","(221, 124)",0,0.0,1,"[740, 403, 758, 422]","(150, 435)",1.01,29.31,-6.11,4
25,1,"[444, 650, 595, 873]","(116, 733)",0,0.0,2,"[972, 194, 1041, 307]","(220, 126)",0,0.0,1,"[712, 452, 730, 472]","(143, 464)",0.75,28.57,-6.47,4
26,1,"[439, 649, 594, 873]","(116, 733)",0,0.0,2,"[970, 201, 1041, 306]","(220, 124)",0,0.0,1,"[690, 491, 711, 512]","(135, 492)",0.48,27.87,-6.83,4
27,1,"[437, 648, 594, 873]","(115, 733)",0,0.0,2,"[970, 206, 1042, 306]","(220, 124)",0,0.0,1,"[658, 543, 682, 569]","(128, 519)",0.19,27.2,-7.18,4
28,1,"[434, 648, 596, 873]","(115, 733)",0,0.0,2,"[970, 206, 1041, 306]","(220, 124)",0,0.0,1,"[634, 585, 661, 616]","(121, 546)",0.0,20.96,6.38,1
29,1,"[430, 647, 598, 873]","(115, 733)",0,0.0,2,"[965, 204, 1035, 306]","(218, 124)",0,0.0,1,"[614, 583, 637, 606]","(114, 566)",0.24,20.58,5.95,4
30,1,"[429, 646, 598, 872]","(115, 732)",0,0.0,2,"[961, 203, 1027, 305]","(215, 122)",0,0.0,1,"[583, 575, 609, 602]","(108, 586)",0.46,20.21,5.53,4
31,1,"[427, 644, 597, 872]","(115, 732)",0,0.0,2,"[960, 202, 1019, 308]","(213, 129)",0,0.0,1,"[564, 573, 591, 607]","(102, 605)",0.66,19.86,5.11,4
32,1,"[428, 641, 596, 872]","(115, 732)",0,0.0,2,"[959, 201, 1014, 309]","(212, 131)",0,0.0,1,"[531, 573, 558, 603]","(95, 625)",0.85,19.52,4.69,4
33,1,"[422, 637, 596, 871]","(114, 732)",0,0.0,2,"[959, 200, 1018, 309]","(213, 131)",0,0.0,1,"[507, 574, 533, 601]","(89, 644)",1.02,19.19,4.28,4
34,1,"[418, 628, 595, 871]","(113, 732)",0,0.0,2,"[959, 199, 1021, 309]","(214, 131)",0,0.0,1,"[489, 581, 507, 602]","(84, 662)",1.18,18.87,3.88,4
35,1,"[417, 620, 592, 871]","(113, 732)",0,0.0,2,"[958, 196, 1022, 309]","(214, 131)",0,0.0,1,"[462, 590, 477, 606]","(78, 681)",1.32,18.56,3.47,4
36,1,"[420, 611, 584, 870]","(113, 731)",0,0.0,2,"[959, 193, 1022, 309]","(214, 131)",0,0.0,1,"[434, 596, 452, 617]","(72, 699)",1.44,18.26,3.07,4
37,1,"[436, 604, 572, 867]","(113, 730)",1,0.96,2,"[959, 190, 1023, 308]","(214, 129)",0,0.0,1,"[414, 610, 428, 627]","(67, 716)",1.62,28.44,1.56,2
38,1,"[452, 597, 559, 863]","(113, 728)",0,0.0,2,"[964, 188, 1023, 306]","(215, 124)",0,0.0,1,"[487, 566, 505, 587]","(79, 689)",1.67,27.74,1.17,4
39,1,"[459, 592, 546, 858]","(112, 725)",0,0.0,2,"[966, 187, 1027, 305]","(216, 122)",0,0.0,1,"[554, 529, 572, 550]","(90, 664)",1.7,27.08,0.77,4
40,1,"[461, 585, 555, 853]","(112, 723)",0,0.0,2,"[970, 185, 1034, 304]","(219, 120)",0,0.0,1,"[605, 500, 627, 525]","(102, 639)",1.71,26.45,0.38,4
41,1,"[462, 575, 560, 844]","(112, 718)",0,0.0,2,"[973, 185, 1042, 302]","(221, 115)",0,0.0,1,"[646, 478, 676, 509]","(113, 614)",1.71,25.85,-0.01,4
42,1,"[462, 576, 561, 833]","(111, 712)",0,0.0,2,"[976, 186, 1051, 301]","(223, 113)",0,0.0,1,"[692, 467, 716, 492]","(124, 591)",1.7,25.27,-0.4,4
43,1,"[462, 586, 557, 828]","(111, 709)",0,0.0,2,"[978, 187, 1057, 300]","(225, 111)",0,0.0,1,"[734, 454, 758, 480]","(135, 567)",1.66,24.72,-0.8,4
44,1,"[460, 590, 552, 830]","(110, 710)",0,0.0,2,"[979, 189, 1063, 299]","(227, 108)",0,0.0,1,"[775, 442, 800, 467]","(146, 545)",1.62,24.19,-1.19,4
45,1,"[455, 601, 550, 831]","(109, 711)",0,0.0,2,"[979, 190, 1065, 298]","(227, 106)",0,0.0,1,"[816, 430, 840, 455]","(156, 522)",1.55,23.69,-1.58,4
46,1,"[450, 608, 552, 832]","(109, 711)",0,0.0,2,"[979, 191, 1062, 298]","(226, 106)",0,0.0,1,"[854, 418, 879, 444]","(166, 500)",1.47,23.2,-1.97,4
47,1,"[444, 610, 554, 831]","(109, 711)",0,0.0,2,"[979, 189, 1059, 298]","(226, 106)",0,0.0,1,"[892, 407, 916, 433]","(176, 479)",1.38,22.74,-2.36,4
48,1,"[447, 611, 553, 831]","(109, 711)",0,0.0,2,"[979, 188, 1061, 298]","(226, 106)",0,0.0,1,"[927, 396, 952, 422]","(186, 458)",1.27,22.29,-2.74,4
49,1,"[451, 614, 547, 830]","(109, 710)",0,0.0,2,"[985, 187, 1067, 298]","(229, 106)",0,0.0,1,"[960, 387, 985, 412]","(195, 437)",1.15,21.86,-3.13,4
50,1,"[449, 619, 545, 830]","(108, 710)",0,0.0,2,"[994, 187, 1075, 297]","(232, 104)",0,0.0,1,"[990, 378, 1015, 403]","(205, 417)",1.01,21.44,-3.51,4
51,1,"[448, 624, 546, 832]","(109, 711)",0,0.0,2,"[1009, 187, 1082, 296]","(236, 101)",0,0.0,1,"[1017, 374, 1036, 394]","(214, 397)",0.85,21.05,-3.89,4
52,1,"[448, 629, 559, 833]","(110, 712)",0,0.0,2,"[1023, 187, 1091, 296]","(241, 101)",0,0.0,1,"[1042, 376, 1060, 396]","(223, 378)",0.68,20.66,-4.27,4
53,1,"[448, 632, 571, 833]","(111, 712)",0,0.0,2,"[1030, 186, 1100, 295]","(245, 99)",0,0.0,1,"[1062, 378, 1080, 398]","(232, 359)",0.49,20.29,-4.65,4
54,1,"[446, 633, 580, 838]","(112, 714)",0,0.0,2,"[1035, 185, 1107, 295]","(247, 99)",0,0.0,1,"[1083, 377, 1099, 395]","(241, 340)",0.29,19.94,-5.02,4
55,1,"[443, 632, 585, 841]","(113, 716)",0,0.0,2,"[1041, 183, 1117, 294]","(250, 96)",0,0.0,1,"[1102, 375, 1118, 393]","(249, 322)",0.08,19.59,-5.39,4
56,1,"[449, 630, 588, 842]","(114, 717)",0,0.0,2,"[1050, 182, 1126, 292]","(254, 91)",0,0.0,1,"[1118, 391, 1138, 411]","(258, 304)",0.0,11.24,4.01,3
57,1,"[460, 627, 595, 843]","(115, 717)",0,0.0,2,"[1063, 183, 1137, 292]","(259, 91)",0,0.0,1,"[1134, 374, 1149, 390]","(262, 293)",0.14,11.13,3.6,4
58,1,"[480, 625, 601, 843]","(118, 717)",0,0.0,2,"[1082, 185, 1149, 292]","(265, 91)",0,0.0,1,"[1142, 349, 1167, 375]","(266, 282)",0.27,11.02,3.2,4
59,1,"[505, 623, 606, 843]","(121, 717)",0,0.0,2,"[1101, 187, 1159, 292]","(271, 91)",0,0.0,1,"[1154, 334, 1177, 358]","(271, 272)",0.38,10.92,2.8,4
60,1,"[530, 623, 613, 847]","(124, 719)",0,0.0,2,"[1112, 188, 1170, 291]","(276, 89)",0,0.0,1,"[1166, 319, 1189, 341]","(275, 262)",0.48,10.81,2.4,4
61,1,"[547, 624, 621, 855]","(127, 724)",0,0.0,2,"[1119, 190, 1180, 292]","(279, 91)",0,0.0,1,"[1178, 308, 1195, 328]","(280, 252)",0.56,10.71,2.0,4
62,1,"[558, 629, 644, 862]","(131, 727)",0,0.0,2,"[1129, 192, 1189, 291]","(284, 89)",0,0.0,1,"[1184, 297, 1204, 318]","(284, 242)",0.62,10.61,1.61,4
63,1,"[566, 633, 665, 868]","(134, 730)",0,0.0,2,"[1139, 194, 1198, 290]","(287, 86)",0,0.0,1,"[1184, 292, 1202, 311]","(288, 232)",0.67,10.51,1.21,4
64,1,"[570, 638, 685, 878]","(137, 736)",0,0.0,2,"[1148, 197, 1206, 294]","(290, 95)",0,0.0,1,"[1184, 286, 1201, 306]","(292, 222)",0.71,10.41,0.82,4
65,1,"[572, 644, 697, 886]","(139, 740)",0,0.0,2,"[1156, 200, 1215, 294]","(294, 95)",0,0.0,1,"[1183, 281, 1201, 301]","(297, 212)",0.72,10.32,0.43,4
66,1,"[575, 650, 703, 895]","(140, 744)",0,0.0,2,"[1162, 201, 1224, 295]","(297, 98)",0,0.0,1,"[1183, 277, 1200, 296]","(301, 202)",0.72,10.23,0.04,4
67,1,"[580, 656, 707, 898]","(141, 746)",0,0.0,2,"[1164, 203, 1235, 296]","(299, 100)",0,0.0,1,"[1182, 272, 1200, 291]","(305, 193)",0.71,10.13,-0.36,4
68,1,"[587, 659, 708, 899]","(142, 746)",0,0.0,2,"[1169, 206, 1249, 300]","(302, 109)",0,0.0,1,"[1182, 267, 1200, 286]","(309, 183)",0.68,10.04,-0.75,4
69,1,"[592, 659, 708, 899]","(142, 746)",0,0.0,2,"[1174, 206, 1257, 302]","(304, 114)",0,0.0,1,"[1182, 262, 1199, 282]","(313, 174)",0.63,9.96,-1.14,4
70,1,"[593, 656, 708, 898]","(142, 746)",0,0.0,2,"[1182, 210, 1261, 302]","(307, 114)",0,0.0,1,"[1181, 258, 1199, 277]","(317, 164)",0.57,9.87,-1.53,4
71,1,"[593, 651, 708, 897]","(142, 745)",0,0.0,2,"[1188, 212, 1266, 301]","(309, 111)",0,0.0,1,"[1181, 253, 1198, 273]","(321, 155)",0.5,9.78,-1.92,4
72,1,"[594, 645, 708, 895]","(142, 744)",0,0.0,2,"[1196, 214, 1272, 302]","(312, 114)",0,0.0,1,"[1180, 249, 1198, 269]","(325, 146)",0.4,9.7,-2.31,4
73,1,"[594, 640, 709, 891]","(142, 742)",0,0.0,2,"[1201, 217, 1269, 303]","(312, 116)",0,0.0,1,"[1180, 245, 1197, 265]","(329, 137)",0.3,9.62,-2.7,4
74,1,"[595, 637, 718, 884]","(143, 739)",0,0.0,2,"[1208, 219, 1268, 303]","(313, 116)",1,2.15,1,"[1263, 270, 1283, 290]","(333, 134)",0.32,19.93,6.36,0
75,1,"[596, 637, 727, 881]","(143, 737)",0,0.0,2,"[1211, 220, 1269, 303]","(314, 116)",0,0.0,1,"[1179, 238, 1197, 257]","(326, 153)",0.56,19.59,5.93,4
76,1,"[595, 637, 738, 882]","(144, 738)",0,0.0,2,"[1203, 219, 1271, 303]","(313, 116)",0,0.0,1,"[1179, 234, 1196, 254]","(319, 171)",0.78,19.25,5.51,4
77,1,"[594, 640, 745, 882]","(145, 738)",0,0.0,2,"[1196, 218, 1273, 302]","(312, 114)",0,0.0,1,"[1181, 233, 1196, 251]","(313, 190)",0.98,18.93,5.09,4
78,1,"[593, 645, 748, 883]","(145, 738)",0,0.0,2,"[1211, 215, 1279, 302]","(316, 113)",0,0.0,1,"[1178, 211, 1196, 231]","(306, 208)",1.17,18.62,4.68,4
79,1,"[593, 651, 750, 884]","(145, 739)",0,0.0,2,"[1201, 208, 1284, 302]","(315, 114)",0,0.0,1,"[1182, 205, 1197, 222]","(300, 226)",1.34,18.32,4.26,4
80,1,"[592, 658, 750, 884]","(145, 739)",0,0.0,2,"[1198, 196, 1288, 302]","(316, 113)",0,0.0,1,"[1178, 261, 1203, 289]","(294, 244)",1.49,18.03,3.86,4
81,1,"[592, 662, 750, 884]","(145, 739)",0,0.0,2,"[1202, 192, 1291, 302]","(317, 113)",0,0.0,1,"[1166, 266, 1190, 291]","(288, 261)",1.63,17.75,3.45,4
82,1,"[592, 665, 751, 884]","(145, 739)",0,0.0,2,"[1204, 189, 1290, 302]","(317, 113)",0,0.0,1,"[1158, 272, 1173, 291]","(282, 278)",1.75,17.47,3.05,4
83,1,"[592, 665, 750, 885]","(146, 739)",0,0.0,2,"[1207, 188, 1289, 301]","(318, 111)",0,0.0,1,"[1137, 276, 1158, 298]","(276, 295)",1.86,17.21,2.65,4
84,1,"[590, 664, 749, 883]","(145, 738)",0,0.0,2,"[1198, 187, 1286, 301]","(315, 111)",0,0.0,1,"[1121, 282, 1141, 305]","(270, 312)",1.95,16.95,2.25,4
85,1,"[587, 664, 743, 883]","(144, 738)",0,0.0,2,"[1196, 187, 1285, 300]","(315, 109)",0,0.0,1,"[1106, 288, 1127, 310]","(264, 328)",2.02,16.7,1.85,4
86,1,"[585, 663, 728, 886]","(143, 740)",0,0.0,2,"[1193, 187, 1285, 300]","(314, 109)",0,0.0,1,"[1093, 291, 1119, 317]","(259, 344)",2.08,16.46,1.46,4
87,1,"[581, 664, 701, 889]","(140, 741)",0,0.0,2,"[1192, 187, 1284, 300]","(314, 109)",0,0.0,1,"[1084, 303, 1099, 319]","(253, 360)",2.12,16.22,1.06,4
88,1,"[575, 661, 671, 892]","(137, 743)",0,0.0,2,"[1191, 187, 1284, 300]","(314, 109)",0,0.0,1,"[1065, 307, 1090, 332]","(248, 375)",2.15,15.99,0.67,4
89,1,"[568, 661, 660, 894]","(135, 744)",0,0.0,2,"[1188, 186, 1284, 299]","(313, 107)",0,0.0,1,"[1051, 317, 1071, 339]","(242, 391)",2.16,15.77,0.28,4
90,1,"[554, 660, 654, 896]","(134, 745)",0,0.0,2,"[1186, 184, 1279, 297]","(312, 102)",0,0.0,1,"[1037, 330, 1054, 348]","(237, 406)",2.16,15.55,-0.11,4
91,1,"[541, 661, 649, 899]","(132, 746)",0,0.0,2,"[1182, 182, 1272, 298]","(310, 104)",0,0.0,1,"[1018, 337, 1045, 364]","(232, 421)",2.14,15.34,-0.5,4
92,1,"[535, 661, 644, 900]","(131, 747)",0,0.0,2,"[1176, 180, 1261, 297]","(307, 102)",0,0.0,1,"[1007, 354, 1025, 373]","(227, 436)",2.1,15.14,-0.9,4
93,1,"[533, 661, 641, 900]","(131, 747)",0,0.0,2,"[1172, 177, 1246, 295]","(303, 98)",0,0.0,1,"[992, 370, 1007, 386]","(222, 450)",2.05,14.94,-1.29,4
94,1,"[529, 662, 640, 900]","(130, 747)",0,0.0,2,"[1168, 175, 1236, 294]","(301, 95)",0,0.0,1,"[971, 390, 989, 410]","(217, 465)",1.98,14.74,-1.68,4
95,1,"[526, 662, 636, 900]","(130, 747)",0,0.0,2,"[1164, 173, 1229, 292]","(299, 91)",0,0.0,1,"[953, 411, 971, 432]","(212, 479)",1.9,14.56,-2.07,4
96,1,"[516, 661, 633, 901]","(128, 747)",0,0.0,2,"[1159, 171, 1222, 293]","(296, 93)",0,0.0,1,"[936, 432, 954, 452]","(207, 493)",1.8,14.37,-2.46,4
97,1,"[501, 659, 628, 901]","(126, 747)",0,0.0,2,"[1155, 171, 1212, 294]","(293, 95)",0,0.0,1,"[920, 451, 938, 471]","(202, 507)",1.69,14.19,-2.84,4
98,1,"[491, 657, 625, 901]","(125, 747)",0,0.0,2,"[1149, 171, 1203, 295]","(290, 98)",0,0.0,1,"[905, 468, 924, 488]","(197, 521)",1.56,14.02,-3.23,4
99,1,"[486, 654, 617, 900]","(124, 747)",0,0.0,2,"[1143, 173, 1197, 294]","(288, 96)",0,0.0,1,"[893, 480, 915, 505]","(192, 534)",1.41,13.84,-3.61,4
100,1,"[485, 652, 611, 896]","(123, 745)",0,0.0,2,"[1137, 173, 1189, 296]","(284, 100)",0,0.0,1,"[872, 504, 901, 532]","(188, 547)",1.26,13.68,-3.99,4
101,1,"[484, 651, 606, 891]","(122, 742)",0,0.0,2,"[1124, 173, 1185, 297]","(281, 103)",0,0.0,1,"[856, 533, 878, 556]","(183, 561)",1.08,13.51,-4.37,4
102,1,"[484, 650, 602, 885]","(121, 739)",0,0.0,2,"[1112, 172, 1184, 297]","(278, 103)",0,0.0,1,"[844, 565, 858, 581]","(178, 574)",0.89,13.35,-4.74,4
103,1,"[484, 650, 599, 882]","(121, 738)",0,0.0,2,"[1104, 172, 1183, 295]","(276, 98)",0,0.0,1,"[822, 594, 840, 613]","(174, 587)",0.69,13.2,-5.12,4
104,1,"[482, 651, 596, 881]","(120, 737)",0,0.0,2,"[1101, 173, 1178, 293]","(275, 93)",0,0.0,1,"[800, 628, 821, 650]","(170, 599)",0.47,13.05,-5.48,4
105,1,"[481, 653, 596, 880]","(120, 737)",0,0.0,2,"[1096, 173, 1168, 292]","(272, 91)",0,0.0,1,"[783, 655, 807, 680]","(165, 612)",0.23,12.9,-5.85,4
106,1,"[480, 656, 600, 880]","(121, 737)",0,0.0,2,"[1091, 173, 1153, 291]","(268, 89)",0,0.0,1,"[767, 693, 787, 714]","(161, 624)",-0.02,12.75,-6.21,4
107,1,"[480, 659, 604, 881]","(121, 737)",0,0.0,2,"[1087, 172, 1141, 291]","(265, 89)",0,0.0,1,"[753, 700, 780, 727]","(157, 637)",0.0,8.67,3.72,1
108,1,"[478, 661, 613, 881]","(122, 737)",0,0.0,2,"[1085, 171, 1132, 291]","(263, 89)",0,0.0,1,"[741, 694, 767, 723]","(154, 645)",0.13,8.6,3.32,4
109,1,"[473, 661, 623, 881]","(122, 737)",0,0.0,2,"[1081, 170, 1126, 291]","(261, 89)",0,0.0,1,"[731, 691, 758, 721]","(152, 654)",0.25,8.54,2.91,4
110,1,"[466, 661, 631, 881]","(122, 737)",0,0.0,2,"[1078, 169, 1120, 290]","(259, 87)",0,0.0,1,"[722, 693, 741, 714]","(150, 662)",0.35,8.48,2.51,4
111,1,"[460, 661, 636, 881]","(122, 737)",0,0.0,2,"[1074, 168, 1115, 288]","(257, 82)",0,0.0,1,"[709, 692, 734, 718]","(148, 670)",0.43,8.41,2.12,4
112,1,"[455, 659, 633, 881]","(121, 737)",0,0.0,2,"[1071, 168, 1110, 286]","(256, 77)",0,0.0,1,"[699, 694, 723, 719]","(145, 679)",0.5,8.35,1.72,4
113,1,"[453, 656, 621, 880]","(120, 737)",0,0.0,2,"[1068, 167, 1106, 285]","(255, 75)",0,0.0,1,"[686, 694, 715, 734]","(143, 687)",0.56,8.29,1.33,4
114,1,"[469, 652, 597, 879]","(119, 736)",0,0.0,2,"[1060, 165, 1101, 284]","(252, 72)",0,0.0,1,"[676, 699, 708, 733]","(141, 695)",0.59,8.23,0.93,4
115,1,"[474, 643, 570, 877]","(117, 735)",0,0.0,2,"[1050, 163, 1097, 284]","(249, 72)",0,0.0,1,"[669, 716, 688, 738]","(139, 703)",0.62,8.17,0.54,4
116,1,"[473, 638, 570, 875]","(117, 734)",0,0.0,2,"[1042, 161, 1092, 282]","(247, 67)",0,0.0,1,"[656, 722, 684, 749]","(137, 711)",0.62,8.11,0.15,4
117,1,"[466, 634, 584, 873]","(117, 733)",1,0.98,2,"[1033, 162, 1088, 280]","(244, 63)",0,0.0,1,"[650, 739, 666, 756]","(135, 720)",0.69,36.99,2.82,2
118,1,"[459, 630, 582, 868]","(116, 730)",0,0.0,2,"[1024, 162, 1084, 279]","(241, 60)",0,0.0,1,"[661, 652, 688, 680]","(134, 682)",0.79,35.82,2.42,4
119,1,"[456, 627, 575, 866]","(115, 729)",0,0.0,2,"[1016, 164, 1081, 278]","(239, 58)",0,0.0,1,"[679, 593, 701, 617]","(134, 646)",0.87,34.72,2.02,4
120,1,"[451, 626, 566, 863]","(113, 728)",0,0.0,2,"[1008, 167, 1078, 276]","(237, 53)",0,0.0,1,"[697, 537, 715, 556]","(134, 611)",0.93,33.69,1.63,4
121,1,"[446, 626, 558, 861]","(112, 727)",0,0.0,2,"[1001, 171, 1077, 274]","(236, 48)",0,0.0,1,"[707, 484, 733, 510]","(134, 577)",0.98,32.72,1.23,4
122,1,"[445, 628, 555, 857]","(111, 725)",0,0.0,2,"[997, 176, 1076, 274]","(234, 48)",0,0.0,1,"[717, 448, 741, 473]","(134, 543)",1.02,31.8,0.84,4
123,1,"[444, 629, 564, 854]","(112, 723)",0,0.0,2,"[996, 181, 1076, 273]","(234, 45)",0,0.0,1,"[727, 415, 751, 440]","(134, 511)",1.03,30.93,0.45,4
124,1,"[444, 630, 573, 851]","(112, 721)",0,0.0,2,"[995, 185, 1075, 273]","(234, 45)",0,0.0,1,"[735, 385, 759, 410]","(134, 480)",1.04,30.11,0.06,4
125,1,"[444, 633, 575, 849]","(112, 720)",0,0.0,2,"[994, 186, 1076, 273]","(234, 45)",0,0.0,1,"[743, 363, 765, 387]","(134, 449)",1.02,29.33,-0.34,4
126,1,"[444, 635, 577, 848]","(112, 720)",0,0.0,2,"[989, 186, 1077, 273]","(233, 45)",0,0.0,1,"[752, 345, 767, 363]","(134, 420)",0.99,28.59,-0.73,4
127,1,"[444, 637, 576, 848]","(112, 720)",0,0.0,2,"[981, 184, 1076, 274]","(231, 48)",0,0.0,1,"[753, 330, 776, 354]","(134, 391)",0.95,27.89,-1.12,4
128,1,"[445, 636, 571, 848]","(112, 720)",0,0.0,2,"[971, 182, 1073, 274]","(228, 48)",0,0.0,1,"[759, 318, 781, 340]","(134, 362)",0.89,27.22,-1.51,4
129,1,"[445, 634, 576, 844]","(112, 718)",0,0.0,2,"[963, 180, 1064, 274]","(225, 48)",0,0.0,1,"[759, 308, 783, 333]","(134, 335)",0.81,26.58,-1.9,4
130,1,"[451, 632, 585, 842]","(114, 717)",0,0.0,2,"[953, 179, 1050, 274]","(219, 48)",0,0.0,1,"[765, 307, 784, 327]","(134, 308)",0.72,25.97,-2.29,4
131,1,"[464, 630, 602, 847]","(117, 719)",0,0.0,2,"[942, 177, 1031, 274]","(213, 48)",0,0.0,1,"[770, 306, 785, 323]","(134, 281)",0.61,25.39,-2.68,4
132,1,"[482, 629, 626, 850]","(121, 721)",0,0.0,2,"[933, 175, 1015, 273]","(208, 46)",0,0.0,1,"[772, 305, 786, 321]","(134, 255)",0.49,24.83,-3.06,4
133,1,"[510, 629, 645, 853]","(126, 723)",0,0.0,2,"[923, 173, 1008, 274]","(204, 48)",0,0.0,1,"[773, 305, 787, 320]","(134, 230)",0.35,24.3,-3.45,4
134,1,"[534, 628, 662, 850]","(130, 721)",0,0.0,2,"[914, 173, 1000, 274]","(201, 48)",0,0.0,1,"[772, 305, 788, 322]","(134, 205)",0.2,23.79,-3.83,4
135,1,"[546, 627, 673, 852]","(132, 722)",0,0.0,2,"[904, 172, 990, 274]","(197, 49)",0,0.0,1,"[774, 307, 791, 325]","(134, 181)",0.03,23.3,-4.21,4
136,1,"[562, 627, 681, 857]","(135, 725)",0,0.0,2,"[895, 172, 973, 274]","(191, 49)",0,0.0,1,"[773, 309, 796, 333]","(134, 158)",0.0,13.32,4.04,3
137,1,"[590, 629, 687, 860]","(138, 726)",0,0.0,2,"[884, 171, 954, 274]","(185, 49)",0,0.0,1,"[775, 306, 794, 326]","(132, 144)",0.15,13.17,3.63,4
138,1,"[606, 632, 695, 862]","(140, 727)",0,0.0,2,"[873, 171, 940, 274]","(179, 49)",0,0.0,1,"[773, 280, 796, 305]","(130, 131)",0.27,13.01,3.23,4
139,1,"[613, 634, 709, 862]","(142, 727)",0,0.0,2,"[865, 170, 934, 274]","(176, 49)",0,0.0,1,"[773, 261, 800, 290]","(129, 117)",0.39,12.87,2.83,4
140,1,"[615, 635, 734, 864]","(145, 728)",0,0.0,2,"[853, 169, 932, 273]","(173, 46)",0,0.0,1,"[778, 251, 798, 270]","(127, 104)",0.48,12.72,2.43,4
141,1,"[616, 635, 759, 865]","(148, 729)",0,0.0,2,"[846, 167, 929, 273]","(171, 47)",0,0.0,1,"[774, 227, 805, 263]","(126, 91)",0.57,12.58,2.03,4
142,1,"[619, 635, 770, 866]","(149, 729)",0,0.0,2,"[839, 164, 925, 273]","(169, 47)",0,0.0,1,"[778, 221, 805, 247]","(124, 79)",0.63,12.44,1.64,4
143,1,"[635, 632, 781, 871]","(152, 732)",0,0.0,2,"[836, 163, 915, 271]","(166, 42)",0,0.0,1,"[777, 209, 803, 235]","(123, 66)",0.68,12.31,1.24,4
144,1,"[659, 631, 795, 872]","(156, 732)",0,0.0,2,"[828, 161, 901, 271]","(161, 42)",1,1.0,1,"[778, 201, 806, 229]","(122, 59)",0.78,31.57,3.19,0
145,1,"[691, 628, 808, 871]","(160, 732)",0,0.0,2,"[817, 160, 885, 270]","(156, 39)",0,0.0,1,"[789, 206, 814, 231]","(128, 90)",0.89,30.71,2.79,4
146,1,"[727, 627, 823, 871]","(165, 732)",0,0.0,2,"[812, 160, 875, 270]","(152, 39)",0,0.0,1,"[798, 210, 824, 235]","(134, 120)",0.99,29.9,2.39,4
147,1,"[750, 627, 837, 874]","(168, 734)",0,0.0,2,"[807, 160, 868, 268]","(150, 34)",0,0.0,1,"[808, 214, 833, 239]","(141, 150)",1.07,29.14,1.99,4
148,1,"[769, 629, 849, 878]","(171, 736)",0,0.0,2,"[793, 159, 861, 268]","(145, 34)",0,0.0,1,"[816, 218, 842, 243]","(147, 179)",1.13,28.41,1.6,4
149,1,"[786, 634, 873, 886]","(175, 740)",0,0.0,2,"[778, 161, 852, 268]","(140, 34)",0,0.0,1,"[824, 221, 849, 246]","(153, 207)",1.18,27.71,1.2,4
150,1,"[802, 639, 906, 893]","(180, 743)",0,0.0,2,"[767, 164, 842, 267]","(135, 32)",0,0.0,1,"[832, 226, 855, 248]","(158, 235)",1.21,27.05,0.81,4
151,1,"[815, 646, 940, 898]","(184, 746)",0,0.0,2,"[758, 166, 832, 267]","(132, 32)",0,0.0,1,"[846, 237, 866, 260]","(164, 262)",1.23,26.42,0.42,4
152,1,"[819, 653, 972, 901]","(188, 747)",0,0.0,2,"[751, 167, 825, 267]","(129, 32)",0,0.0,1,"[860, 253, 879, 272]","(170, 288)",1.23,25.82,0.03,4
153,1,"[822, 659, 994, 906]","(190, 750)",0,0.0,2,"[747, 168, 821, 267]","(127, 32)",0,0.0,1,"[874, 270, 897, 294]","(175, 313)",1.21,25.24,-0.37,4
154,1,"[827, 664, 1007, 913]","(192, 753)",0,0.0,2,"[744, 167, 817, 267]","(125, 32)",0,0.0,1,"[889, 289, 912, 312]","(180, 339)",1.18,24.69,-0.76,4
155,1,"[840, 669, 1011, 917]","(193, 755)",0,0.0,2,"[742, 168, 813, 266]","(124, 29)",0,0.0,1,"[900, 301, 926, 329]","(185, 363)",1.14,24.17,-1.15,4
156,1,"[864, 672, 1012, 918]","(196, 755)",0,0.0,2,"[741, 168, 811, 266]","(123, 29)",0,0.0,1,"[920, 330, 938, 348]","(190, 387)",1.08,23.66,-1.54,4
157,1,"[896, 672, 1014, 918]","(199, 755)",0,0.0,2,"[741, 167, 809, 265]","(123, 27)",0,0.0,1,"[930, 348, 952, 368]","(195, 411)",1.0,23.18,-1.93,4
158,1,"[929, 671, 1025, 917]","(203, 755)",0,0.0,2,"[740, 166, 808, 264]","(122, 24)",0,0.0,1,"[949, 383, 973, 406]","(200, 434)",0.91,22.71,-2.32,4
159,1,"[949, 669, 1040, 915]","(206, 754)",0,0.0,2,"[740, 166, 810, 264]","(123, 24)",0,0.0,1,"[968, 418, 992, 442]","(205, 456)",0.8,22.27,-2.71,4
160,1,"[962, 669, 1056, 911]","(209, 752)",0,0.0,2,"[740, 165, 818, 264]","(124, 24)",0,0.0,1,"[987, 451, 1011, 475]","(210, 479)",0.67,21.84,-3.09,4
161,1,"[975, 668, 1070, 909]","(211, 751)",0,0.0,2,"[740, 164, 823, 264]","(125, 24)",0,0.0,1,"[1003, 481, 1027, 504]","(214, 500)",0.54,21.42,-3.48,4
162,1,"[987, 670, 1086, 907]","(214, 750)",0,0.0,2,"[742, 164, 826, 264]","(126, 24)",0,0.0,1,"[1015, 503, 1041, 530]","(219, 522)",0.38,21.03,-3.86,4
163,1,"[998, 671, 1100, 904]","(216, 749)",0,0.0,2,"[747, 163, 827, 264]","(128, 24)",0,0.0,1,"[1038, 549, 1061, 573]","(223, 543)",0.21,20.64,-4.24,4
164,1,"[1008, 673, 1124, 904]","(220, 749)",0,0.0,2,"[755, 162, 828, 264]","(129, 24)",0,0.0,1,"[1060, 594, 1076, 611]","(227, 563)",0.03,20.28,-4.61,4
165,1,"[1018, 674, 1146, 903]","(223, 748)",0,0.0,2,"[764, 160, 830, 264]","(132, 24)",0,0.0,1,"[1083, 636, 1098, 652]","(232, 584)",0.0,17.87,3.99,1
166,1,"[1027, 675, 1164, 903]","(225, 748)",0,0.0,2,"[774, 158, 832, 264]","(135, 24)",0,0.0,1,"[1096, 634, 1117, 657]","(235, 601)",0.14,17.59,3.58,4
167,1,"[1031, 676, 1176, 905]","(226, 749)",0,0.0,2,"[779, 156, 835, 264]","(136, 24)",0,0.0,1,"[1113, 640, 1133, 660]","(239, 619)",0.27,17.32,3.18,4
168,1,"[1033, 678, 1185, 906]","(227, 750)",0,0.0,2,"[783, 154, 837, 265]","(138, 27)",0,0.0,1,"[1131, 645, 1151, 667]","(243, 636)",0.38,17.06,2.78,4
169,1,"[1035, 677, 1188, 906]","(228, 750)",0,0.0,2,"[787, 153, 840, 267]","(139, 32)",0,0.0,1,"[1153, 657, 1168, 674]","(247, 653)",0.48,16.81,2.38,4
170,1,"[1041, 676, 1189, 905]","(229, 749)",0,0.0,2,"[795, 153, 843, 268]","(142, 34)",0,0.0,1,"[1167, 666, 1191, 691]","(250, 670)",0.56,16.56,1.98,4
171,1,"[1051, 673, 1189, 905]","(230, 749)",0,0.0,2,"[806, 154, 847, 268]","(145, 34)",0,0.0,1,"[1190, 680, 1212, 702]","(254, 686)",0.62,16.33,1.59,4
172,1,"[1067, 670, 1197, 905]","(232, 749)",0,0.0,2,"[814, 154, 850, 268]","(147, 34)",0,0.0,1,"[1208, 697, 1237, 724]","(258, 703)",0.67,16.09,1.19,4
173,1,"[1081, 666, 1208, 904]","(234, 749)",0,0.0,2,"[818, 154, 855, 268]","(149, 34)",0,0.0,1,"[1230, 718, 1252, 742]","(261, 719)",0.7,15.87,0.8,4
174,1,"[1087, 664, 1226, 902]","(236, 748)",1,1.18,2,"[823, 154, 861, 268]","(152, 34)",0,0.0,1,"[1253, 741, 1272, 764]","(265, 732)",0.79,35.89,3.18,2
175,1,"[1092, 664, 1221, 899]","(236, 746)",0,0.0,2,"[826, 154, 873, 268]","(155, 34)",0,0.0,1,"[1213, 674, 1232, 696]","(257, 696)",0.9,34.79,2.78,4
176,1,"[1099, 664, 1215, 895]","(237, 744)",0,0.0,2,"[830, 154, 885, 268]","(158, 34)",0,0.0,1,"[1178, 614, 1197, 636]","(250, 661)",1.0,33.75,2.38,4
177,1,"[1110, 666, 1231, 889]","(239, 741)",0,0.0,2,"[834, 154, 896, 268]","(162, 34)",0,0.0,1,"[1151, 569, 1171, 589]","(243, 628)",1.08,32.78,1.98,4
178,1,"[1122, 666, 1252, 884]","(243, 739)",0,0.0,2,"[838, 157, 907, 271]","(165, 42)",0,0.0,1,"[1105, 500, 1126, 524]","(237, 595)",1.14,31.86,1.59,4
179,1,"[1135, 668, 1270, 881]","(246, 737)",0,0.0,2,"[842, 160, 915, 272]","(167, 44)",0,0.0,1,"[1074, 462, 1095, 485]","(230, 564)",1.19,30.98,1.19,4
180,1,"[1145, 669, 1287, 878]","(249, 736)",0,0.0,2,"[846, 163, 920, 272]","(169, 44)",0,0.0,1,"[1045, 426, 1066, 449]","(224, 533)",1.22,30.16,0.8,4
181,1,"[1147, 672, 1298, 876]","(250, 735)",0,0.0,2,"[847, 167, 923, 272]","(170, 44)",0,0.0,1,"[1020, 394, 1041, 417]","(218, 503)",1.24,29.38,0.41,4
182,1,"[1143, 674, 1305, 876]","(250, 735)",0,0.0,2,"[848, 170, 924, 272]","(171, 44)",0,0.0,1,"[1001, 371, 1022, 392]","(212, 474)",1.24,28.64,0.02,4
183,1,"[1139, 675, 1308, 876]","(250, 735)",0,0.0,2,"[849, 172, 925, 272]","(171, 44)",0,0.0,1,"[974, 346, 998, 370]","(206, 445)",1.22,27.93,-0.38,4
184,1,"[1139, 676, 1307, 877]","(250, 735)",0,0.0,2,"[849, 171, 925, 272]","(171, 44)",0,0.0,1,"[957, 332, 977, 354]","(201, 417)",1.19,27.26,-0.77,4
185,1,"[1140, 677, 1308, 880]","(250, 737)",0,0.0,2,"[847, 169, 923, 272]","(170, 44)",0,0.0,1,"[943, 322, 957, 338]","(195, 390)",1.14,26.62,-1.16,4
186,1,"[1144, 676, 1308, 886]","(250, 740)",0,0.0,2,"[843, 167, 920, 272]","(169, 44)",0,0.0,1,"[920, 308, 941, 331]","(190, 364)",1.08,26.01,-1.55,4
187,1,"[1144, 674, 1307, 891]","(250, 742)",0,0.0,2,"[839, 165, 914, 272]","(167, 44)",0,0.0,1,"[905, 301, 926, 322]","(185, 338)",1.0,25.42,-1.94,4
188,1,"[1142, 672, 1302, 893]","(249, 743)",0,0.0,2,"[836, 164, 905, 272]","(164, 44)",0,0.0,1,"[894, 298, 908, 316]","(180, 313)",0.91,24.87,-2.33,4
189,1,"[1139, 668, 1294, 893]","(248, 743)",0,0.0,2,"[831, 163, 896, 273]","(161, 47)",0,0.0,1,"[876, 296, 896, 317]","(175, 288)",0.8,24.33,-2.72,4
190,1,"[1136, 664, 1282, 894]","(247, 744)",0,0.0,2,"[827, 163, 889, 274]","(159, 49)",0,0.0,1,"[862, 296, 883, 317]","(170, 264)",0.68,23.82,-3.1,4
191,1,"[1133, 661, 1266, 894]","(245, 744)",0,0.0,2,"[822, 165, 886, 275]","(157, 52)",0,0.0,1,"[850, 295, 870, 316]","(165, 240)",0.54,23.33,-3.49,4
192,1,"[1131, 658, 1247, 894]","(243, 744)",0,0.0,2,"[820, 166, 885, 275]","(157, 52)",0,0.0,1,"[838, 295, 859, 316]","(160, 217)",0.38,22.86,-3.87,4
193,1,"[1128, 657, 1225, 894]","(240, 744)",0,0.0,2,"[814, 168, 884, 275]","(155, 52)",0,0.0,1,"[827, 294, 854, 318]","(155, 194)",0.21,22.41,-4.25,4
194,1,"[1124, 657, 1208, 896]","(238, 745)",0,0.0,2,"[809, 169, 884, 275]","(154, 52)",0,0.0,1,"[821, 305, 835, 320]","(151, 171)",0.03,21.97,-4.62,4
195,1,"[1115, 660, 1202, 902]","(237, 748)",0,0.0,2,"[803, 170, 884, 275]","(153, 52)",0,0.0,1,"[808, 305, 830, 329]","(147, 150)",0.0,10.13,4.3,3
196,1,"[1102, 664, 1198, 909]","(235, 751)",0,0.0,2,"[798, 172, 884, 275]","(152, 52)",0,0.0,1,"[797, 295, 829, 332]","(142, 140)",0.16,10.04,3.89,4
197,1,"[1082, 669, 1194, 918]","(232, 755)",0,0.0,2,"[796, 172, 884, 276]","(152, 54)",0,0.0,1,"[791, 278, 819, 309]","(138, 130)",0.3,9.95,3.49,4
198,1,"[1066, 672, 1191, 926]","(230, 759)",0,0.0,2,"[797, 172, 883, 276]","(152, 54)",0,0.0,1,"[785, 260, 813, 291]","(135, 121)",0.42,9.87,3.08,4
199,1,"[1059, 675, 1187, 930]","(229, 761)",0,0.0,2,"[800, 172, 882, 276]","(152, 54)",0,0.0,1,"[782, 251, 806, 276]","(131, 112)",0.53,9.78,2.68,4
200,1,"[1056, 676, 1183, 934]","(229, 763)",0,0.0,2,"[802, 171, 881, 276]","(152, 54)",0,0.0,1,"[774, 237, 798, 262]","(127, 103)",0.62,9.7,2.28,4
201,1,"[1055, 676, 1179, 935]","(228, 763)",0,0.0,2,"[802, 168, 879, 276]","(152, 54)",0,0.0,1,"[775, 230, 788, 244]","(123, 93)",0.69,9.61,1.89,4
202,1,"[1054, 675, 1177, 935]","(228, 763)",0,0.0,2,"[796, 166, 877, 276]","(150, 55)",0,0.0,1,"[766, 216, 784, 236]","(119, 84)",0.75,9.53,1.49,4
203,1,"[1054, 674, 1179, 935]","(228, 763)",0,0.0,2,"[791, 164, 872, 276]","(148, 55)",0,0.0,1,"[761, 206, 784, 232]","(115, 75)",0.8,9.45,1.1,4
204,1,"[1055, 674, 1182, 934]","(228, 763)",0,0.0,2,"[791, 163, 865, 276]","(147, 55)",1,0.91,1,"[761, 203, 783, 226]","(112, 71)",0.9,33.58,2.54,0
205,1,"[1051, 677, 1186, 936]","(228, 764)",0,0.0,2,"[792, 163, 858, 276]","(145, 55)",0,0.0,1,"[774, 211, 789, 228]","(118, 104)",0.99,32.61,2.14,4
206,1,"[1046, 681, 1191, 939]","(228, 765)",0,0.0,2,"[787, 163, 856, 277]","(144, 57)",0,0.0,1,"[787, 224, 804, 243]","(125, 136)",1.06,31.7,1.75,4
207,1,"[1040, 687, 1196, 946]","(228, 768)",0,0.0,2,"[783, 162, 856, 277]","(143, 57)",0,0.0,1,"[802, 238, 819, 257]","(132, 168)",1.11,30.84,1.35,4
208,1,"[1037, 694, 1201, 952]","(228, 771)",0,0.0,2,"[780, 163, 855, 278]","(142, 60)",0,0.0,1,"[816, 252, 833, 271]","(138, 198)",1.15,30.02,0.96,4
209,1,"[1035, 704, 1208, 960]","(228, 775)",0,0.0,2,"[777, 166, 855, 278]","(142, 60)",0,0.0,1,"[829, 265, 846, 284]","(145, 228)",1.17,29.25,0.57,4
210,1,"[1034, 713, 1212, 963]","(229, 776)",0,0.0,2,"[776, 168, 856, 278]","(142, 60)",0,0.0,1,"[841, 277, 858, 296]","(151, 257)",1.18,28.51,0.17,4
211,1,"[1033, 720, 1214, 970]","(228, 779)",0,0.0,2,"[776, 168, 857, 277]","(142, 57)",0,0.0,1,"[852, 288, 869, 307]","(157, 285)",1.17,27.81,-0.22,4
212,1,"[1034, 724, 1217, 975]","(229, 781)",0,0.0,2,"[776, 168, 855, 276]","(141, 55)",0,0.0,1,"[861, 296, 880, 317]","(162, 313)",1.14,27.15,-0.61,4
213,1,"[1035, 726, 1218, 976]","(229, 782)",0,0.0,2,"[776, 167, 853, 276]","(141, 55)",0,0.0,1,"[872, 310, 897, 336]","(168, 340)",1.1,26.51,-1.0,4
214,1,"[1040, 726, 1218, 977]","(229, 782)",0,0.0,2,"[776, 166, 853, 276]","(141, 55)",0,0.0,1,"[890, 333, 910, 356]","(174, 366)",1.05,25.9,-1.39,4
215,1,"[1047, 725, 1219, 977]","(230, 782)",0,0.0,2,"[777, 164, 854, 276]","(141, 55)",0,0.0,1,"[901, 353, 926, 380]","(179, 392)",0.98,25.33,-1.78,4
216,1,"[1055, 722, 1219, 976]","(231, 782)",0,0.0,2,"[779, 164, 859, 277]","(143, 57)",0,0.0,1,"[919, 391, 941, 414]","(184, 417)",0.89,24.77,-2.17,4
217,1,"[1063, 718, 1220, 976]","(231, 782)",0,0.0,2,"[783, 164, 864, 276]","(145, 55)",0,0.0,1,"[936, 426, 958, 450]","(190, 442)",0.79,24.24,-2.56,4
218,1,"[1068, 714, 1222, 976]","(232, 782)",0,0.0,2,"[790, 163, 867, 275]","(147, 52)",0,0.0,1,"[951, 459, 974, 483]","(195, 466)",0.67,23.73,-2.95,4
219,1,"[1069, 711, 1226, 973]","(232, 780)",0,0.0,2,"[800, 162, 869, 274]","(149, 49)",0,0.0,1,"[965, 489, 988, 512]","(200, 490)",0.54,23.25,-3.33,4
220,1,"[1068, 708, 1228, 969]","(233, 779)",0,0.0,2,"[812, 159, 873, 274]","(152, 49)",0,0.0,1,"[978, 514, 998, 534]","(204, 513)",0.39,22.78,-3.71,4
221,1,"[1066, 708, 1230, 965]","(233, 777)",0,0.0,2,"[823, 157, 877, 274]","(156, 49)",0,0.0,1,"[992, 549, 1018, 577]","(209, 535)",0.22,22.33,-4.09,4
222,1,"[1061, 710, 1231, 964]","(233, 776)",0,0.0,2,"[831, 156, 879, 274]","(158, 49)",0,0.0,1,"[1011, 596, 1029, 616]","(214, 558)",0.05,21.9,-4.47,4
223,1,"[1057, 712, 1224, 963]","(232, 776)",0,0.0,2,"[839, 155, 881, 274]","(160, 49)",0,0.0,1,"[1026, 629, 1048, 652]","(219, 580)",0.0,15.81,4.46,1
224,1,"[1054, 714, 1219, 963]","(231, 776)",0,0.0,2,"[846, 155, 884, 276]","(162, 54)",0,0.0,1,"[1039, 627, 1069, 654]","(222, 595)",0.16,15.59,4.05,4
225,1,"[1053, 717, 1215, 963]","(230, 776)",0,0.0,2,"[850, 156, 887, 276]","(163, 54)",0,0.0,1,"[1062, 634, 1076, 651]","(225, 611)",0.31,15.38,3.64,4
226,1,"[1052, 720, 1221, 963]","(231, 776)",0,0.0,2,"[854, 157, 897, 277]","(166, 57)",0,0.0,1,"[1072, 635, 1093, 658]","(228, 626)",0.44,15.17,3.24,4
227,1,"[1054, 721, 1228, 963]","(232, 776)",0,0.0,2,"[858, 159, 908, 277]","(170, 57)",0,0.0,1,"[1088, 644, 1109, 667]","(230, 642)",0.55,14.97,2.84,4
228,1,"[1055, 722, 1228, 963]","(232, 776)",0,0.0,2,"[861, 161, 920, 278]","(173, 59)",0,0.0,1,"[1099, 647, 1131, 684]","(233, 657)",0.65,14.78,2.44,4
229,1,"[1056, 722, 1215, 963]","(231, 776)",0,0.0,2,"[865, 162, 926, 278]","(175, 59)",0,0.0,1,"[1118, 664, 1142, 690]","(236, 671)",0.73,14.59,2.04,4
230,1,"[1055, 720, 1196, 962]","(229, 775)",0,0.0,2,"[869, 162, 929, 278]","(177, 59)",0,0.0,1,"[1138, 682, 1157, 700]","(239, 686)",0.8,14.4,1.65,4
231,1,"[1055, 715, 1188, 961]","(228, 775)",0,0.0,2,"[871, 161, 930, 277]","(177, 56)",0,0.0,1,"[1150, 694, 1178, 724]","(242, 701)",0.85,14.22,1.25,4
232,1,"[1054, 711, 1181, 960]","(228, 775)",0,0.0,2,"[872, 160, 931, 277]","(177, 56)",0,0.0,1,"[1166, 717, 1191, 743]","(244, 715)",0.88,14.05,0.86,4
233,1,"[1045, 706, 1176, 958]","(226, 774)",0,0.0,2,"[873, 158, 931, 276]","(178, 54)",0,0.0,1,"[1188, 744, 1215, 771]","(247, 729)",0.9,13.87,0.47,4
234,1,"[1034, 701, 1176, 953]","(226, 771)",0,0.0,2,"[873, 157, 932, 275]","(178, 51)",0,0.0,1,"[1195, 752, 1218, 776]","(250, 743)",0.9,13.71,0.07,4
235,1,"[1026, 696, 1147, 950]","(222, 770)",1,1.18,2,"[875, 157, 935, 274]","(179, 49)",0,0.0,1,"[1203, 760, 1221, 781]","(253, 757)",0.99,38.99,2.68,2
236,1,"[1019, 691, 1135, 947]","(221, 769)",0,0.0,2,"[877, 157, 943, 274]","(181, 49)",0,0.0,1,"[1155, 676, 1173, 696]","(246, 718)",1.08,37.69,2.28,4
237,1,"[1012, 663, 1122, 941]","(219, 766)",0,0.0,2,"[878, 159, 951, 274]","(183, 49)",0,0.0,1,"[1112, 601, 1130, 621]","(239, 680)",1.16,36.48,1.89,4
238,1,"[1009, 655, 1114, 938]","(218, 765)",0,0.0,2,"[880, 161, 957, 274]","(184, 49)",0,0.0,1,"[1079, 544, 1097, 563]","(233, 644)",1.22,35.34,1.49,4
239,1,"[1008, 665, 1108, 935]","(218, 763)",0,0.0,2,"[881, 164, 962, 274]","(186, 49)",0,0.0,1,"[1046, 491, 1069, 517]","(227, 608)",1.26,34.27,1.1,4
240,1,"[1009, 680, 1104, 935]","(217, 763)",0,0.0,2,"[882, 168, 964, 273]","(186, 46)",0,0.0,1,"[1021, 461, 1045, 486]","(221, 574)",1.29,33.27,0.7,4
241,1,"[1007, 693, 1104, 935]","(217, 763)",0,0.0,2,"[882, 172, 965, 274]","(186, 49)",0,0.0,1,"[998, 432, 1022, 457]","(216, 541)",1.3,32.32,0.31,4
242,1,"[1007, 701, 1104, 935]","(217, 763)",0,0.0,2,"[881, 175, 965, 273]","(186, 46)",0,0.0,1,"[976, 405, 1000, 430]","(210, 509)",1.3,31.42,-0.08,4
243,1,"[1007, 704, 1103, 934]","(217, 763)",0,0.0,2,"[881, 177, 965, 273]","(186, 46)",0,0.0,1,"[956, 379, 980, 404]","(205, 477)",1.28,30.58,-0.47,4
244,1,"[1001, 704, 1104, 933]","(216, 762)",0,0.0,2,"[881, 178, 965, 273]","(186, 46)",0,0.0,1,"[938, 356, 962, 381]","(199, 447)",1.24,29.77,-0.87,4
245,1,"[998, 700, 1104, 931]","(216, 761)",0,0.0,2,"[880, 176, 965, 274]","(186, 49)",0,0.0,1,"[924, 339, 949, 363]","(194, 417)",1.19,29.01,-1.26,4
246,1,"[1000, 698, 1106, 930]","(217, 761)",0,0.0,2,"[877, 173, 964, 274]","(185, 49)",0,0.0,1,"[909, 329, 928, 348]","(189, 388)",1.13,28.29,-1.65,4
247,1,"[997, 696, 1110, 929]","(217, 760)",0,0.0,2,"[873, 170, 961, 274]","(184, 49)",0,0.0,1,"[893, 314, 924, 345]","(185, 360)",1.05,27.6,-2.04,4
248,1,"[988, 696, 1113, 930]","(216, 761)",0,0.0,2,"[866, 167, 952, 274]","(181, 49)",0,0.0,1,"[881, 309, 904, 335]","(180, 332)",0.95,26.94,-2.43,4
249,1,"[985, 697, 1117, 933]","(216, 762)",0,0.0,2,"[859, 166, 940, 274]","(176, 49)",0,0.0,1,"[871, 307, 891, 328]","(175, 305)",0.84,26.32,-2.81,4
250,1,"[982, 697, 1120, 939]","(216, 765)",0,0.0,2,"[854, 164, 926, 275]","(173, 52)",0,0.0,1,"[860, 306, 880, 326]","(171, 279)",0.71,25.72,-3.2,4
251,1,"[983, 701, 1121, 946]","(216, 768)",0,0.0,2,"[850, 164, 912, 275]","(169, 52)",0,0.0,1,"[849, 304, 869, 324]","(166, 253)",0.57,25.15,-3.58,4
252,1,"[984, 702, 1122, 951]","(216, 771)",0,0.0,2,"[846, 166, 904, 277]","(166, 57)",0,0.0,1,"[842, 307, 857, 324]","(162, 228)",0.41,24.6,-3.96,4
253,1,"[984, 702, 1122, 955]","(216, 772)",0,0.0,2,"[841, 166, 899, 278]","(164, 59)",0,0.0,1,"[830, 303, 854, 329]","(158, 203)",0.23,24.08,-4.34,4
254,1,"[984, 700, 1121, 955]","(216, 772)",0,0.0,2,"[834, 168, 896, 278]","(162, 59)",0,0.0,1,"[823, 308, 843, 329]","(154, 179)",0.05,23.58,-4.71,4
255,1,"[984, 698, 1119, 954]","(216, 772)",0,0.0,2,"[827, 170, 893, 278]","(160, 59)",0,0.0,1,"[814, 309, 836, 332]","(150, 156)",0.0,10.1,4.16,3
256,1,"[984, 697, 1118, 954]","(216, 772)",0,0.0,2,"[821, 171, 892, 278]","(159, 59)",0,0.0,1,"[805, 305, 830, 332]","(146, 146)",0.15,10.01,3.75,4
257,1,"[979, 697, 1119, 955]","(216, 772)",0,0.0,2,"[816, 172, 892, 278]","(158, 59)",0,0.0,1,"[798, 286, 822, 312]","(142, 136)",0.28,9.92,3.35,4
258,1,"[971, 697, 1122, 959]","(215, 774)",0,0.0,2,"[813, 173, 892, 278]","(157, 59)",0,0.0,1,"[792, 268, 816, 294]","(139, 127)",0.4,9.84,2.95,4
259,1,"[967, 700, 1123, 965]","(215, 777)",0,0.0,2,"[813, 174, 891, 278]","(157, 59)",0,0.0,1,"[786, 253, 811, 279]","(135, 117)",0.5,9.75,2.55,4
260,1,"[966, 703, 1125, 968]","(215, 778)",0,0.0,2,"[813, 173, 890, 278]","(156, 59)",0,0.0,1,"[783, 242, 807, 267]","(131, 108)",0.59,9.67,2.15,4
261,1,"[965, 704, 1126, 970]","(215, 779)",0,0.0,2,"[813, 173, 887, 278]","(156, 59)",0,0.0,1,"[780, 227, 805, 255]","(128, 99)",0.66,9.59,1.75,4
262,1,"[965, 703, 1126, 970]","(215, 779)",0,0.0,2,"[808, 171, 883, 278]","(154, 59)",0,0.0,1,"[777, 224, 796, 243]","(124, 90)",0.71,9.51,1.36,4
263,1,"[965, 701, 1126, 969]","(215, 779)",0,0.0,2,"[803, 170, 877, 279]","(152, 62)",0,0.0,1,"[772, 212, 792, 234]","(121, 81)",0.75,9.43,0.96,4
264,1,"[968, 700, 1128, 966]","(215, 777)",0,0.0,2,"[805, 169, 869, 278]","(151, 60)",1,0.89,1,"[774, 211, 791, 230]","(118, 75)",0.85,32.95,2.6,0
265,1,"[971, 700, 1134, 967]","(216, 778)",0,0.0,2,"[805, 170, 865, 279]","(150, 62)",0,0.0,1,"[784, 224, 800, 241]","(123, 107)",0.94,32.02,2.2,4
266,1,"[973, 703, 1142, 970]","(217, 779)",0,0.0,2,"[796, 171, 863, 279]","(147, 62)",0,0.0,1,"[795, 237, 810, 254]","(129, 139)",1.01,31.14,1.81,4
267,1,"[976, 707, 1148, 974]","(218, 781)",0,0.0,2,"[786, 171, 862, 280]","(145, 65)",0,0.0,1,"[805, 249, 820, 266]","(134, 171)",1.07,30.31,1.41,4
268,1,"[977, 714, 1153, 978]","(218, 782)",0,0.0,2,"[780, 171, 863, 280]","(144, 65)",0,0.0,1,"[814, 261, 830, 278]","(139, 201)",1.11,29.52,1.02,4
269,1,"[977, 723, 1159, 984]","(218, 785)",0,0.0,2,"[777, 174, 862, 280]","(143, 65)",0,0.0,1,"[824, 272, 839, 289]","(144, 230)",1.13,28.77,0.62,4
270,1,"[976, 731, 1164, 986]","(219, 786)",0,0.0,2,"[775, 174, 862, 280]","(143, 65)",0,0.0,1,"[832, 282, 848, 299]","(149, 259)",1.14,28.06,0.23,4
271,1,"[976, 738, 1167, 990]","(219, 788)",0,0.0,2,"[774, 174, 862, 280]","(143, 65)",0,0.0,1,"[840, 292, 855, 309]","(154, 287)",1.14,27.38,-0.16,4
272,1,"[977, 744, 1168, 992]","(219, 788)",0,0.0,2,"[774, 173, 862, 279]","(143, 62)",0,0.0,1,"[847, 301, 861, 316]","(158, 315)",1.11,26.73,-0.55,4
273,1,"[978, 746, 1169, 992]","(219, 788)",0,0.0,2,"[774, 172, 859, 279]","(142, 62)",0,0.0,1,"[854, 315, 877, 339]","(163, 341)",1.08,26.12,-0.94,4
274,1,"[980, 747, 1171, 993]","(220, 789)",0,0.0,2,"[774, 171, 856, 279]","(142, 62)",0,0.0,1,"[860, 334, 887, 364]","(167, 368)",1.02,25.53,-1.34,4
275,1,"[982, 745, 1172, 992]","(220, 788)",0,0.0,2,"[774, 170, 855, 279]","(141, 62)",0,0.0,1,"[871, 358, 897, 385]","(172, 393)",0.95,24.97,-1.73,4
276,1,"[983, 742, 1172, 992]","(220, 788)",0,0.0,2,"[775, 168, 855, 279]","(142, 62)",0,0.0,1,"[885, 395, 908, 419]","(176, 418)",0.87,24.43,-2.11,4
277,1,"[982, 738, 1172, 991]","(220, 788)",0,0.0,2,"[778, 167, 859, 278]","(143, 60)",0,0.0,1,"[898, 429, 921, 453]","(180, 443)",0.77,23.91,-2.5,4
278,1,"[981, 735, 1170, 988]","(220, 787)",0,0.0,2,"[782, 167, 862, 278]","(144, 60)",0,0.0,1,"[909, 459, 932, 483]","(184, 467)",0.65,23.42,-2.89,4
279,1,"[981, 732, 1160, 986]","(219, 786)",0,0.0,2,"[789, 166, 865, 277]","(146, 57)",0,0.0,1,"[920, 485, 940, 506]","(188, 490)",0.52,22.94,-3.27,4
280,1,"[981, 729, 1142, 986]","(217, 786)",0,0.0,2,"[799, 164, 869, 276]","(149, 55)",0,0.0,1,"[926, 514, 949, 537]","(192, 513)",0.38,22.49,-3.66,4
281,1,"[980, 725, 1124, 983]","(216, 785)",0,0.0,2,"[809, 163, 873, 276]","(152, 54)",0,0.0,1,"[937, 545, 963, 570]","(196, 536)",0.21,22.05,-4.04,4
282,1,"[972, 723, 1119, 980]","(215, 783)",0,0.0,2,"[820, 161, 878, 276]","(155, 54)",0,0.0,1,"[949, 576, 975, 601]","(200, 558)",0.04,21.63,-4.41,4
283,1,"[962, 721, 1110, 975]","(213, 781)",0,0.0,2,"[827, 159, 880, 277]","(157, 57)",0,0.0,1,"[963, 629, 983, 649]","(204, 580)",0.0,15.77,3.61,1
284,1,"[952, 721, 1105, 969]","(212, 779)",0,0.0,2,"[833, 158, 883, 278]","(159, 59)",0,0.0,1,"[969, 625, 998, 652]","(206, 595)",0.13,15.55,3.21,4
285,1,"[944, 722, 1097, 967]","(210, 778)",0,0.0,2,"[840, 157, 886, 278]","(161, 59)",0,0.0,1,"[984, 634, 1000, 652]","(208, 611)",0.24,15.34,2.81,4
286,1,"[937, 723, 1097, 966]","(210, 777)",0,0.0,2,"[850, 158, 890, 278]","(164, 59)",0,0.0,1,"[994, 637, 1014, 656]","(210, 627)",0.34,15.14,2.41,4
287,1,"[933, 725, 1096, 966]","(209, 777)",0,0.0,2,"[855, 160, 894, 278]","(166, 59)",0,0.0,1,"[1002, 645, 1024, 669]","(213, 642)",0.42,14.94,2.01,4
288,1,"[935, 726, 1109, 965]","(211, 777)",0,0.0,2,"[860, 161, 902, 278]","(169, 59)",0,0.0,1,"[1017, 659, 1035, 676]","(215, 657)",0.48,14.74,1.61,4
289,1,"[936, 727, 1102, 965]","(210, 777)",0,0.0,2,"[865, 163, 916, 278]","(173, 59)",0,0.0,1,"[1023, 668, 1048, 695]","(217, 672)",0.53,14.55,1.22,4
290,1,"[936, 724, 1093, 964]","(209, 776)",0,0.0,2,"[869, 163, 925, 279]","(176, 61)",0,0.0,1,"[1039, 688, 1056, 707]","(219, 687)",0.56,14.37,0.83,4
291,1,"[935, 722, 1076, 963]","(208, 776)",0,0.0,2,"[872, 163, 931, 278]","(177, 59)",0,0.0,1,"[1049, 707, 1070, 728]","(221, 701)",0.58,14.19,0.43,4
292,1,"[934, 718, 1066, 963]","(207, 776)",0,0.0,2,"[873, 162, 933, 278]","(178, 59)",0,0.0,1,"[1065, 733, 1080, 749]","(223, 715)",0.58,14.01,0.04,4
293,1,"[934, 711, 1054, 960]","(206, 775)",0,0.0,2,"[873, 160, 935, 278]","(179, 59)",0,0.0,1,"[1072, 755, 1094, 776]","(225, 730)",0.57,13.84,-0.35,4
294,1,"[928, 703, 1051, 956]","(205, 773)",0,0.0,2,"[876, 159, 935, 278]","(179, 59)",0,0.0,1,"[1088, 786, 1108, 807]","(227, 744)",0.54,13.68,-0.74,4
295,1,"[921, 697, 1054, 951]","(205, 771)",1,1.2,2,"[879, 158, 935, 276]","(180, 54)",0,0.0,1,"[1101, 818, 1121, 838]","(230, 757)",0.59,32.33,3.89,2
296,1,"[919, 696, 1045, 948]","(204, 769)",0,0.0,2,"[882, 157, 939, 275]","(181, 51)",0,0.0,1,"[1108, 716, 1131, 740]","(233, 724)",0.73,31.43,3.48,4
297,1,"[914, 695, 1027, 946]","(202, 768)",0,0.0,2,"[884, 156, 945, 274]","(183, 49)",0,0.0,1,"[1115, 651, 1142, 680]","(236, 692)",0.85,30.59,3.08,4
298,1,"[912, 686, 1013, 946]","(200, 768)",0,0.0,2,"[887, 157, 955, 274]","(186, 49)",0,0.0,1,"[1121, 590, 1143, 612]","(238, 661)",0.96,29.78,2.68,4
299,1,"[912, 689, 1002, 945]","(199, 768)",0,0.0,2,"[890, 159, 962, 274]","(188, 49)",0,0.0,1,"[1128, 531, 1150, 555]","(241, 631)",1.05,29.02,2.28,4
300,1,"[909, 691, 995, 943]","(198, 767)",0,0.0,2,"[892, 161, 969, 275]","(189, 51)",0,0.0,1,"[1135, 495, 1150, 511]","(244, 602)",1.13,28.29,1.89,4
301,1,"[903, 691, 996, 941]","(198, 766)",0,0.0,2,"[892, 166, 974, 275]","(191, 51)",0,0.0,1,"[1137, 458, 1155, 476]","(247, 573)",1.19,27.61,1.49,4
302,1,"[904, 690, 1001, 935]","(198, 763)",0,0.0,2,"[892, 170, 976, 274]","(191, 49)",0,0.0,1,"[1141, 424, 1159, 442]","(249, 545)",1.23,26.95,1.1,4
303,1,"[903, 689, 1009, 932]","(199, 762)",0,0.0,2,"[892, 172, 977, 274]","(191, 49)",0,0.0,1,"[1145, 394, 1162, 412]","(252, 518)",1.26,26.32,0.7,4
304,1,"[905, 687, 1014, 928]","(200, 760)",0,0.0,2,"[892, 172, 977, 274]","(191, 49)",0,0.0,1,"[1147, 370, 1167, 390]","(254, 492)",1.27,25.73,0.31,4
305,1,"[902, 685, 1019, 924]","(200, 758)",0,0.0,2,"[892, 171, 977, 274]","(191, 49)",0,0.0,1,"[1151, 354, 1170, 373]","(257, 465)",1.27,25.15,-0.08,4
306,1,"[893, 684, 1023, 924]","(199, 758)",0,0.0,2,"[896, 170, 980, 274]","(193, 49)",0,0.0,1,"[1151, 334, 1175, 359]","(259, 440)",1.25,24.61,-0.47,4
307,1,"[886, 684, 1031, 923]","(199, 758)",0,0.0,2,"[904, 168, 985, 274]","(195, 49)",0,0.0,1,"[1156, 329, 1170, 344]","(262, 415)",1.21,24.09,-0.86,4
308,1,"[883, 686, 1035, 924]","(200, 758)",0,0.0,2,"[917, 167, 993, 274]","(200, 48)",0,0.0,1,"[1152, 311, 1181, 341]","(264, 391)",1.16,23.58,-1.26,4
309,1,"[879, 689, 1037, 927]","(199, 760)",0,0.0,2,"[933, 167, 1002, 274]","(205, 48)",0,0.0,1,"[1157, 308, 1177, 329]","(266, 367)",1.1,23.1,-1.65,4
310,1,"[878, 693, 1037, 932]","(199, 762)",0,0.0,2,"[949, 164, 1008, 273]","(210, 46)",0,0.0,1,"[1159, 305, 1177, 324]","(268, 343)",1.02,22.64,-2.04,4
311,1,"[877, 695, 1038, 937]","(199, 764)",0,0.0,2,"[956, 162, 1016, 273]","(213, 46)",0,0.0,1,"[1161, 301, 1182, 321]","(270, 321)",0.92,22.2,-2.42,4
312,1,"[877, 696, 1038, 941]","(199, 766)",0,0.0,2,"[961, 161, 1024, 273]","(216, 46)",0,0.0,1,"[1162, 299, 1186, 323]","(273, 298)",0.81,21.77,-2.81,4
313,1,"[877, 694, 1037, 943]","(199, 767)",0,0.0,2,"[966, 159, 1034, 273]","(219, 46)",0,0.0,1,"[1162, 299, 1186, 323]","(275, 276)",0.68,21.36,-3.2,4
314,1,"[878, 691, 1033, 944]","(199, 767)",0,0.0,2,"[972, 159, 1048, 270]","(224, 38)",0,0.0,1,"[1162, 297, 1189, 327]","(277, 254)",0.54,20.97,-3.58,4
315,1,"[878, 687, 1026, 944]","(198, 767)",0,0.0,2,"[983, 158, 1056, 270]","(227, 38)",0,0.0,1,"[1162, 300, 1189, 331]","(279, 233)",0.38,20.59,-3.96,4
316,1,"[878, 684, 1016, 943]","(198, 767)",0,0.0,2,"[994, 161, 1065, 273]","(231, 45)",0,0.0,1,"[1163, 305, 1190, 335]","(281, 212)",0.2,20.22,-4.34,4
317,1,"[880, 681, 1003, 942]","(196, 766)",0,0.0,2,"[1010, 163, 1075, 276]","(237, 53)",0,0.0,1,"[1163, 313, 1189, 339]","(283, 192)",0.02,19.86,-4.71,4
318,1,"[880, 680, 992, 940]","(196, 766)",0,0.0,2,"[1025, 165, 1083, 277]","(242, 55)",0,0.0,1,"[1167, 318, 1189, 340]","(285, 172)",0.0,10.7,4.04,3
319,1,"[872, 681, 983, 941]","(194, 766)",0,0.0,2,"[1037, 168, 1089, 277]","(245, 55)",0,0.0,1,"[1166, 298, 1190, 324]","(287, 161)",0.15,10.6,3.63,4
320,1,"[857, 683, 977, 943]","(192, 767)",0,0.0,2,"[1046, 168, 1097, 277]","(249, 55)",0,0.0,1,"[1166, 279, 1190, 305]","(289, 150)",0.27,10.5,3.23,4
321,1,"[838, 688, 976, 945]","(190, 768)",0,0.0,2,"[1049, 170, 1111, 278]","(253, 57)",0,0.0,1,"[1167, 266, 1191, 291]","(291, 140)",0.39,10.41,2.83,4
322,1,"[823, 693, 975, 948]","(189, 769)",0,0.0,2,"[1052, 168, 1125, 277]","(256, 55)",0,0.0,1,"[1167, 251, 1189, 274]","(293, 129)",0.48,10.31,2.43,4
323,1,"[816, 697, 976, 951]","(188, 771)",0,0.0,2,"[1054, 168, 1136, 277]","(259, 55)",0,0.0,1,"[1166, 237, 1191, 267]","(295, 119)",0.57,10.22,2.03,4
324,1,"[813, 699, 975, 953]","(188, 771)",0,0.0,2,"[1056, 168, 1143, 277]","(261, 55)",0,0.0,1,"[1168, 229, 1190, 251]","(297, 109)",0.63,10.13,1.64,4
325,1,"[812, 699, 975, 953]","(188, 771)",0,0.0,2,"[1059, 168, 1147, 276]","(262, 52)",0,0.0,1,"[1167, 218, 1190, 241]","(299, 98)",0.68,10.04,1.24,4
326,1,"[812, 698, 975, 953]","(188, 771)",0,0.0,2,"[1065, 168, 1148, 275]","(264, 50)",0,0.0,1,"[1168, 210, 1191, 234]","(301, 88)",0.72,9.95,0.85,4
327,1,"[812, 696, 972, 952]","(188, 771)",0,0.0,2,"[1075, 167, 1149, 275]","(266, 50)",0,0.0,1,"[1168, 205, 1191, 228]","(303, 78)",0.73,9.86,0.46,4
328,1,"[813, 693, 966, 951]","(187, 771)",0,0.0,2,"[1087, 167, 1152, 274]","(270, 47)",0,0.0,1,"[1157, 209, 1176, 229]","(305, 68)",0.74,9.78,0.06,4
329,1,"[811, 692, 957, 950]","(186, 770)",0,0.0,2,"[1102, 168, 1158, 274]","(274, 47)",1,0.83,1,"[1168, 209, 1188, 229]","(307, 60)",0.81,30.92,2.91,0
330,1,"[805, 693, 946, 953]","(185, 771)",0,0.0,2,"[1113, 168, 1159, 273]","(277, 44)",0,0.0,1,"[1135, 216, 1153, 236]","(298, 90)",0.91,30.1,2.51,4
331,1,"[791, 696, 931, 957]","(182, 773)",0,0.0,2,"[1119, 168, 1165, 272]","(280, 42)",0,0.0,1,"[1125, 219, 1143, 239]","(289, 119)",0.99,29.32,2.11,4
332,1,"[774, 701, 919, 965]","(180, 777)",0,0.0,2,"[1121, 168, 1175, 273]","(282, 44)",0,0.0,1,"[1115, 222, 1134, 242]","(280, 147)",1.06,28.58,1.72,4
333,1,"[757, 708, 916, 972]","(178, 780)",0,0.0,2,"[1124, 171, 1188, 273]","(285, 44)",0,0.0,1,"[1111, 227, 1125, 244]","(272, 175)",1.12,27.88,1.32,4
334,1,"[739, 717, 914, 978]","(177, 782)",0,0.0,2,"[1128, 173, 1200, 273]","(289, 44)",0,0.0,1,"[1091, 231, 1118, 260]","(264, 202)",1.15,27.21,0.93,4
335,1,"[725, 725, 913, 980]","(175, 783)",0,0.0,2,"[1134, 175, 1206, 273]","(291, 44)",0,0.0,1,"[1076, 250, 1095, 269]","(256, 229)",1.18,26.57,0.54,4
336,1,"[713, 730, 913, 981]","(174, 784)",0,0.0,2,"[1138, 175, 1209, 273]","(293, 44)",0,0.0,1,"[1060, 260, 1077, 279]","(248, 255)",1.18,25.96,0.14,4
337,1,"[704, 732, 913, 981]","(173, 784)",0,0.0,2,"[1144, 175, 1209, 272]","(294, 41)",0,0.0,1,"[1039, 269, 1069, 296]","(241, 280)",1.17,25.38,-0.25,4
338,1,"[699, 732, 912, 980]","(173, 783)",0,0.0,2,"[1146, 174, 1210, 272]","(295, 41)",0,0.0,1,"[1018, 291, 1044, 315]","(233, 305)",1.15,24.82,-0.64,4
339,1,"[697, 731, 900, 979]","(172, 783)",0,0.0,2,"[1146, 173, 1209, 272]","(295, 41)",0,0.0,1,"[1004, 309, 1026, 331]","(226, 329)",1.1,24.29,-1.03,4
340,1,"[696, 729, 880, 979]","(170, 783)",0,0.0,2,"[1145, 172, 1209, 271]","(295, 39)",0,0.0,1,"[989, 331, 1004, 347]","(219, 352)",1.05,23.78,-1.42,4
341,1,"[695, 725, 850, 978]","(167, 782)",0,0.0,2,"[1146, 170, 1209, 270]","(295, 36)",0,0.0,1,"[967, 342, 997, 370]","(212, 376)",0.97,23.29,-1.81,4
342,1,"[694, 721, 813, 978]","(164, 782)",0,0.0,2,"[1144, 168, 1209, 270]","(295, 36)",0,0.0,1,"[945, 378, 968, 401]","(205, 398)",0.89,22.83,-2.2,4
343,1,"[685, 717, 778, 977]","(160, 782)",0,0.0,2,"[1142, 165, 1208, 269]","(294, 34)",0,0.0,1,"[921, 410, 944, 433]","(199, 421)",0.78,22.37,-2.59,4
344,1,"[671, 713, 760, 974]","(157, 781)",0,0.0,2,"[1139, 163, 1208, 269]","(293, 34)",0,0.0,1,"[898, 440, 922, 463]","(192, 442)",0.66,21.94,-2.98,4
345,1,"[659, 710, 748, 969]","(155, 778)",0,0.0,2,"[1136, 161, 1206, 269]","(293, 34)",0,0.0,1,"[878, 467, 902, 490]","(186, 464)",0.53,21.52,-3.36,4
346,1,"[650, 708, 738, 966]","(153, 777)",0,0.0,2,"[1133, 158, 1200, 269]","(290, 34)",0,0.0,1,"[867, 492, 884, 509]","(180, 485)",0.38,21.12,-3.74,4
347,1,"[628, 707, 728, 963]","(150, 776)",0,0.0,2,"[1131, 156, 1192, 270]","(288, 36)",0,0.0,1,"[842, 524, 861, 545]","(173, 505)",0.21,20.74,-4.12,4
348,1,"[611, 706, 719, 962]","(148, 775)",0,0.0,2,"[1128, 155, 1184, 269]","(286, 34)",0,0.0,1,"[822, 563, 837, 579]","(167, 526)",0.04,20.36,-4.5,4
349,1,"[605, 707, 711, 961]","(147, 775)",0,0.0,2,"[1125, 154, 1172, 268]","(283, 31)",0,0.0,1,"[800, 592, 816, 609]","(162, 546)",0.0,16.42,4.0,1
350,1,"[600, 707, 703, 961]","(145, 775)",0,0.0,2,"[1123, 154, 1164, 269]","(281, 34)",0,0.0,1,"[775, 585, 805, 620]","(158, 562)",0.14,16.19,3.59,4
351,1,"[592, 707, 696, 962]","(144, 775)",0,0.0,2,"[1119, 156, 1158, 269]","(278, 34)",0,0.0,1,"[758, 593, 782, 620]","(154, 578)",0.27,15.96,3.19,4
352,1,"[584, 707, 689, 962]","(143, 775)",0,0.0,2,"[1113, 158, 1155, 269]","(277, 34)",0,0.0,1,"[737, 597, 762, 624]","(150, 594)",0.38,15.74,2.79,4
353,1,"[577, 707, 683, 962]","(142, 775)",0,0.0,2,"[1104, 159, 1155, 269]","(275, 34)",0,0.0,1,"[725, 610, 739, 627]","(146, 609)",0.48,15.52,2.39,4
354,1,"[570, 706, 676, 962]","(141, 775)",0,0.0,2,"[1094, 161, 1155, 269]","(272, 34)",0,0.0,1,"[699, 623, 714, 640]","(142, 625)",0.56,15.31,1.99,4
355,1,"[563, 706, 670, 963]","(139, 776)",0,0.0,2,"[1086, 163, 1155, 269]","(271, 34)",0,0.0,1,"[679, 634, 695, 652]","(138, 640)",0.62,15.11,1.6,4
356,1,"[555, 705, 664, 962]","(138, 775)",0,0.0,2,"[1081, 162, 1155, 271]","(270, 39)",0,0.0,1,"[655, 644, 678, 669]","(135, 655)",0.67,14.91,1.2,4
357,1,"[546, 703, 659, 961]","(137, 775)",0,0.0,2,"[1077, 162, 1155, 272]","(269, 42)",0,0.0,1,"[634, 660, 656, 682]","(131, 670)",0.7,14.71,0.81,4
358,1,"[536, 706, 656, 960]","(136, 774)",0,0.0,2,"[1076, 161, 1153, 272]","(268, 42)",0,0.0,1,"[609, 677, 636, 703]","(128, 684)",0.72,14.53,0.42,4
359,1,"[527, 705, 655, 958]","(135, 774)",0,0.0,2,"[1075, 160, 1149, 272]","(267, 42)",0,0.0,1,"[586, 707, 607, 729]","(124, 699)",0.72,14.34,0.03,4
360,1,"[515, 710, 653, 957]","(133, 773)",0,0.0,2,"[1075, 158, 1140, 273]","(265, 45)",0,0.0,1,"[562, 735, 583, 757]","(121, 713)",0.71,14.16,-0.37,4
361,1,"[516, 714, 651, 954]","(133, 772)",0,0.0,2,"[1072, 157, 1130, 273]","(262, 45)",0,0.0,1,"[540, 761, 561, 783]","(117, 727)",0.68,13.99,-0.76,4
362,1,"[526, 716, 649, 950]","(134, 770)",0,0.0,2,"[1068, 156, 1120, 273]","(259, 45)",0,0.0,1,"[520, 784, 541, 806]","(114, 741)",0.63,13.82,-1.15,4
363,1,"[538, 719, 645, 945]","(134, 768)",1,1.64,2,"[1065, 155, 1109, 274]","(256, 47)",0,0.0,1,"[508, 804, 523, 822]","(111, 755)",0.68,24.9,4.94,2
364,1,"[538, 721, 640, 938]","(133, 765)",0,0.0,2,"[1060, 155, 1101, 274]","(253, 47)",0,0.0,1,"[563, 737, 587, 763]","(117, 730)",0.86,24.36,4.53,4
365,1,"[536, 722, 649, 929]","(133, 760)",0,0.0,2,"[1057, 155, 1096, 274]","(251, 47)",0,0.0,1,"[606, 685, 638, 719]","(123, 706)",1.03,23.85,4.12,4
366,1,"[536, 721, 659, 923]","(134, 758)",0,0.0,2,"[1047, 156, 1092, 275]","(248, 50)",0,0.0,1,"[646, 646, 676, 678]","(129, 683)",1.17,23.36,3.71,4
367,1,"[537, 720, 669, 917]","(135, 755)",0,0.0,2,"[1034, 159, 1087, 276]","(244, 53)",0,0.0,1,"[697, 602, 718, 626]","(135, 660)",1.31,22.89,3.31,4
368,1,"[542, 712, 676, 912]","(135, 752)",0,0.0,2,"[1023, 162, 1083, 278]","(241, 58)",0,0.0,1,"[723, 574, 747, 598]","(141, 637)",1.42,22.44,2.9,4
369,1,"[542, 704, 682, 907]","(136, 750)",0,0.0,2,"[1014, 167, 1082, 279]","(239, 60)",0,0.0,1,"[756, 538, 781, 565]","(147, 615)",1.52,22.0,2.5,4
370,1,"[531, 700, 687, 905]","(135, 749)",0,0.0,2,"[1010, 172, 1082, 279]","(238, 60)",0,0.0,1,"[788, 515, 806, 535]","(153, 593)",1.61,21.58,2.11,4
371,1,"[520, 696, 692, 903]","(134, 748)",0,0.0,2,"[1009, 176, 1082, 280]","(238, 63)",0,0.0,1,"[816, 490, 833, 509]","(158, 572)",1.68,21.18,1.71,4
372,1,"[513, 692, 695, 905]","(134, 749)",0,0.0,2,"[1008, 179, 1080, 279]","(237, 60)",0,0.0,1,"[834, 471, 856, 493]","(164, 551)",1.73,20.79,1.32,4
373,1,"[511, 688, 696, 907]","(134, 750)",0,0.0,2,"[1009, 179, 1078, 280]","(237, 63)",0,0.0,1,"[856, 454, 878, 477]","(169, 531)",1.76,20.41,0.92,4
374,1,"[515, 685, 704, 909]","(135, 751)",0,0.0,2,"[1009, 178, 1077, 280]","(237, 63)",0,0.0,1,"[877, 438, 899, 461]","(175, 511)",1.79,20.05,0.53,4
375,1,"[529, 683, 711, 910]","(137, 751)",0,0.0,2,"[1009, 177, 1077, 280]","(237, 63)",0,0.0,1,"[897, 423, 919, 445]","(180, 491)",1.79,19.71,0.14,4
376,1,"[547, 682, 715, 909]","(139, 751)",0,0.0,2,"[1010, 174, 1078, 280]","(237, 63)",0,0.0,1,"[916, 408, 938, 430]","(185, 472)",1.78,19.37,-0.25,4
377,1,"[557, 682, 719, 909]","(141, 751)",0,0.0,2,"[1013, 173, 1079, 280]","(238, 63)",0,0.0,1,"[935, 393, 957, 416]","(190, 452)",1.76,19.04,-0.65,4
378,1,"[560, 681, 724, 909]","(141, 751)",0,0.0,2,"[1018, 171, 1081, 280]","(239, 63)",0,0.0,1,"[953, 379, 975, 402]","(195, 434)",1.71,18.73,-1.04,4
379,1,"[561, 680, 728, 910]","(142, 751)",0,0.0,2,"[1024, 171, 1084, 282]","(241, 68)",0,0.0,1,"[970, 367, 992, 389]","(200, 415)",1.66,18.42,-1.43,4
380,1,"[562, 677, 734, 911]","(143, 752)",0,0.0,2,"[1031, 170, 1086, 284]","(243, 72)",0,0.0,1,"[985, 355, 1007, 378]","(204, 397)",1.58,18.13,-1.82,4
381,1,"[562, 674, 740, 911]","(143, 752)",0,0.0,2,"[1037, 170, 1088, 285]","(244, 75)",0,0.0,1,"[995, 345, 1022, 371]","(209, 379)",1.5,17.84,-2.21,4
382,1,"[561, 671, 746, 911]","(143, 752)",0,0.0,2,"[1039, 171, 1090, 285]","(245, 75)",0,0.0,1,"[1014, 346, 1028, 363]","(214, 362)",1.39,17.57,-2.6,4
383,1,"[565, 668, 751, 912]","(144, 752)",0,0.0,2,"[1039, 172, 1091, 285]","(246, 75)",0,0.0,1,"[1019, 338, 1045, 363]","(218, 344)",1.27,17.3,-2.98,4
384,1,"[577, 665, 753, 913]","(146, 753)",0,0.0,2,"[1040, 174, 1094, 285]","(246, 75)",0,0.0,1,"[1028, 334, 1052, 359]","(223, 327)",1.14,17.04,-3.37,4
385,1,"[599, 662, 755, 913]","(148, 753)",0,0.0,2,"[1040, 175, 1098, 285]","(247, 75)",0,0.0,1,"[1039, 333, 1062, 357]","(227, 310)",0.99,16.79,-3.75,4
386,1,"[627, 660, 757, 913]","(151, 753)",0,0.0,2,"[1040, 177, 1101, 286]","(248, 77)",0,0.0,1,"[1048, 332, 1071, 356]","(232, 294)",0.82,16.54,-4.13,4
387,1,"[646, 657, 757, 914]","(152, 753)",0,0.0,2,"[1043, 178, 1104, 286]","(249, 77)",0,0.0,1,"[1059, 333, 1078, 353]","(236, 277)",0.64,16.3,-4.5,4
388,1,"[657, 657, 757, 918]","(154, 755)",0,0.0,2,"[1045, 179, 1107, 286]","(250, 77)",0,0.0,1,"[1065, 327, 1093, 359]","(240, 261)",0.45,16.07,-4.88,4
389,1,"[668, 658, 760, 923]","(155, 758)",0,0.0,2,"[1048, 181, 1108, 287]","(251, 80)",0,0.0,1,"[1074, 333, 1097, 357]","(244, 246)",0.24,15.85,-5.25,4
390,1,"[677, 660, 776, 928]","(157, 760)",0,0.0,2,"[1051, 183, 1111, 287]","(252, 80)",0,0.0,1,"[1081, 334, 1105, 360]","(248, 230)",0.01,15.63,-5.62,4
391,1,"[685, 662, 792, 931]","(160, 761)",0,0.0,2,"[1054, 184, 1115, 288]","(253, 82)",0,0.0,1,"[1089, 338, 1112, 363]","(253, 215)",0.0,7.95,2.9,3
392,1,"[692, 663, 801, 932]","(161, 762)",0,0.0,2,"[1056, 186, 1116, 289]","(254, 84)",0,0.0,1,"[1093, 327, 1118, 354]","(255, 207)",0.1,7.89,2.5,4
393,1,"[700, 662, 805, 931]","(162, 761)",0,0.0,2,"[1058, 187, 1117, 291]","(254, 89)",0,0.0,1,"[1099, 321, 1118, 340]","(257, 199)",0.18,7.84,2.1,4
394,1,"[708, 661, 808, 928]","(163, 760)",0,0.0,2,"[1059, 186, 1119, 291]","(255, 89)",0,0.0,1,"[1103, 308, 1122, 329]","(259, 191)",0.25,7.79,1.71,4
395,1,"[716, 660, 816, 925]","(165, 759)",0,0.0,2,"[1061, 186, 1120, 293]","(255, 94)",0,0.0,1,"[1110, 302, 1123, 317]","(261, 183)",0.3,7.73,1.31,4
396,1,"[725, 660, 828, 924]","(166, 758)",0,0.0,2,"[1063, 183, 1121, 296]","(255, 101)",0,0.0,1,"[1080, 341, 1095, 357]","(263, 176)",0.34,7.68,0.92,4
397,1,"[733, 661, 853, 925]","(170, 759)",0,0.0,2,"[1064, 183, 1122, 299]","(256, 108)",0,0.0,1,"[1052, 380, 1067, 397]","(265, 168)",0.36,7.63,0.53,4
398,1,"[736, 663, 870, 928]","(171, 760)",0,0.0,2,"[1065, 184, 1125, 301]","(256, 112)",0,0.0,1,"[1025, 419, 1040, 436]","(267, 161)",0.37,7.58,0.13,4
399,1,"[737, 665, 878, 931]","(172, 761)",0,0.0,2,"[1066, 186, 1127, 301]","(257, 112)",0,0.0,1,"[998, 457, 1013, 474]","(269, 153)",0.36,7.53,-0.26,4
400,1,"[737, 666, 881, 930]","(173, 761)",0,0.0,2,"[1068, 199, 1129, 301]","(257, 112)",0,0.0,1,"[972, 495, 987, 511]","(271, 146)",0.33,7.48,-0.65,4
401,1,"[739, 664, 882, 928]","(173, 760)",0,0.0,2,"[1068, 206, 1132, 301]","(258, 112)",0,0.0,1,"[947, 531, 962, 547]","(273, 138)",0.29,7.43,-1.04,4
402,1,"[742, 661, 883, 925]","(173, 759)",0,0.0,2,"[1069, 211, 1127, 301]","(257, 112)",0,0.0,1,"[923, 566, 938, 582]","(275, 131)",0.23,7.38,-1.43,4
403,1,"[755, 658, 885, 919]","(174, 756)",0,0.0,2,"[1068, 214, 1121, 301]","(256, 112)",1,1.88,1,"[1130, 271, 1150, 291]","(277, 127)",0.25,21.4,5.99,0
404,1,"[770, 657, 894, 915]","(176, 754)",0,0.0,2,"[1068, 215, 1119, 301]","(255, 112)",0,0.0,1,"[877, 631, 892, 647]","(272, 148)",0.47,21.0,5.57,4
405,1,"[784, 657, 911, 911]","(179, 752)",0,0.0,2,"[1064, 216, 1118, 300]","(255, 110)",0,0.0,1,"[856, 661, 871, 677]","(267, 169)",0.68,20.62,5.15,4
406,1,"[797, 659, 934, 909]","(182, 751)",0,0.0,2,"[1066, 214, 1118, 300]","(255, 110)",0,0.0,1,"[837, 688, 852, 704]","(262, 189)",0.87,20.25,4.73,4
407,1,"[803, 664, 951, 908]","(185, 750)",0,0.0,2,"[1067, 210, 1118, 300]","(255, 110)",0,0.0,1,"[823, 708, 840, 726]","(258, 209)",1.04,19.9,4.32,4
408,1,"[805, 669, 961, 908]","(186, 750)",0,0.0,2,"[1046, 206, 1121, 301]","(251, 112)",0,0.0,1,"[849, 636, 871, 658]","(253, 229)",1.2,19.55,3.91,4
409,1,"[806, 677, 967, 910]","(186, 751)",0,0.0,2,"[1039, 202, 1123, 302]","(250, 115)",0,0.0,1,"[878, 569, 900, 591]","(249, 248)",1.34,19.22,3.51,4
410,1,"[808, 684, 969, 910]","(187, 751)",0,0.0,2,"[1035, 196, 1125, 302]","(250, 115)",0,0.0,1,"[906, 504, 928, 527]","(244, 267)",1.46,18.9,3.1,4
411,1,"[809, 689, 969, 910]","(187, 751)",0,0.0,2,"[1032, 190, 1127, 302]","(250, 115)",0,0.0,1,"[932, 443, 954, 465]","(240, 286)",1.57,18.59,2.7,4
412,1,"[809, 689, 969, 909]","(187, 751)",0,0.0,2,"[1030, 187, 1127, 301]","(249, 112)",0,0.0,1,"[956, 386, 978, 408]","(236, 305)",1.66,18.29,2.3,4
413,1,"[808, 688, 967, 907]","(186, 750)",0,0.0,2,"[1028, 185, 1125, 300]","(249, 110)",0,0.0,1,"[978, 334, 1000, 357]","(231, 323)",1.74,18.0,1.91,4
414,1,"[807, 686, 964, 906]","(186, 750)",0,0.0,2,"[1025, 184, 1121, 299]","(247, 108)",0,0.0,1,"[994, 293, 1021, 320]","(227, 341)",1.8,17.72,1.51,4
415,1,"[808, 684, 954, 906]","(185, 750)",0,0.0,2,"[1023, 183, 1116, 298]","(246, 106)",0,0.0,1,"[986, 307, 1002, 325]","(223, 358)",1.84,17.45,1.12,4
416,1,"[807, 684, 940, 907]","(184, 750)",0,0.0,2,"[1021, 181, 1109, 298]","(244, 106)",0,0.0,1,"[971, 311, 998, 338]","(219, 376)",1.87,17.18,0.73,4
417,1,"[800, 685, 923, 909]","(182, 751)",0,0.0,2,"[1021, 179, 1104, 298]","(243, 106)",0,0.0,1,"[963, 326, 977, 341]","(215, 393)",1.89,16.93,0.33,4
418,1,"[792, 686, 919, 912]","(181, 752)",0,0.0,2,"[1021, 178, 1097, 298]","(242, 106)",0,0.0,1,"[945, 327, 974, 358]","(212, 410)",1.88,16.68,-0.06,4
419,1,"[788, 689, 917, 915]","(180, 754)",0,0.0,2,"[1021, 176, 1093, 298]","(241, 106)",0,0.0,1,"[934, 349, 953, 369]","(208, 426)",1.87,16.43,-0.45,4
420,1,"[786, 691, 915, 919]","(180, 756)",0,0.0,2,"[1021, 174, 1089, 298]","(240, 106)",0,0.0,1,"[919, 357, 945, 384]","(204, 443)",1.83,16.2,-0.84,4
421,1,"[785, 693, 915, 924]","(180, 758)",0,0.0,2,"[1021, 173, 1085, 298]","(239, 106)",0,0.0,1,"[914, 375, 931, 393]","(200, 459)",1.78,15.97,-1.23,4
422,1,"[784, 694, 915, 930]","(180, 761)",0,0.0,2,"[1018, 173, 1084, 298]","(239, 106)",0,0.0,1,"[896, 397, 915, 417]","(197, 475)",1.72,15.75,-1.63,4
423,1,"[784, 694, 915, 935]","(180, 763)",0,0.0,2,"[1016, 173, 1083, 297]","(238, 103)",0,0.0,1,"[882, 419, 901, 440]","(193, 490)",1.64,15.53,-2.01,4
424,1,"[784, 694, 912, 938]","(180, 765)",0,0.0,2,"[1015, 173, 1082, 296]","(238, 101)",0,0.0,1,"[868, 440, 887, 460]","(190, 506)",1.54,15.32,-2.4,4
425,1,"[783, 694, 906, 940]","(179, 766)",0,0.0,2,"[1012, 172, 1080, 294]","(237, 96)",0,0.0,1,"[856, 459, 875, 479]","(186, 521)",1.43,15.12,-2.79,4
426,1,"[781, 692, 899, 940]","(178, 766)",0,0.0,2,"[1010, 170, 1078, 293]","(236, 94)",0,0.0,1,"[846, 473, 867, 496]","(183, 536)",1.3,14.92,-3.18,4
427,1,"[777, 691, 888, 940]","(177, 766)",0,0.0,2,"[1009, 168, 1072, 292]","(235, 92)",0,0.0,1,"[836, 497, 855, 517]","(179, 551)",1.16,14.73,-3.56,4
428,1,"[771, 689, 876, 940]","(175, 766)",0,0.0,2,"[1008, 165, 1067, 292]","(233, 92)",0,0.0,1,"[817, 509, 853, 549]","(176, 565)",1.0,14.54,-3.94,4
429,1,"[765, 687, 869, 941]","(174, 766)",0,0.0,2,"[1007, 163, 1060, 291]","(232, 90)",0,0.0,1,"[810, 549, 833, 573]","(172, 580)",0.83,14.35,-4.32,4
430,1,"[760, 687, 864, 943]","(173, 767)",0,0.0,2,"[1005, 162, 1054, 291]","(230, 90)",0,0.0,1,"[799, 578, 819, 601]","(169, 594)",0.64,14.17,-4.69,4
431,1,"[755, 687, 859, 944]","(172, 767)",0,0.0,2,"[1004, 162, 1049, 291]","(229, 90)",0,0.0,1,"[787, 609, 807, 630]","(166, 608)",0.44,14.0,-5.07,4
432,1,"[753, 686, 856, 945]","(172, 768)",0,0.0,2,"[1003, 163, 1046, 290]","(228, 87)",0,0.0,1,"[771, 645, 795, 670]","(163, 622)",0.22,13.83,-5.44,4
433,1,"[751, 685, 851, 945]","(171, 768)",0,0.0,2,"[1002, 164, 1043, 290]","(227, 87)",0,0.0,1,"[759, 661, 784, 686]","(160, 636)",-0.01,13.66,-5.8,4
434,1,"[748, 685, 848, 945]","(171, 768)",0,0.0,2,"[1000, 166, 1041, 290]","(227, 87)",0,0.0,1,"[750, 723, 770, 743]","(157, 650)",0.0,10.36,4.0,1
435,1,"[746, 685, 844, 945]","(170, 768)",0,0.0,2,"[999, 167, 1039, 289]","(226, 85)",0,0.0,1,"[739, 692, 763, 718]","(155, 660)",0.14,10.27,3.59,4
436,1,"[746, 684, 841, 944]","(170, 767)",0,0.0,2,"[998, 168, 1037, 290]","(225, 87)",0,0.0,1,"[730, 706, 755, 732]","(154, 670)",0.27,10.17,3.19,4
437,1,"[743, 682, 837, 945]","(169, 768)",0,0.0,2,"[998, 169, 1036, 290]","(225, 87)",0,0.0,1,"[724, 717, 749, 743]","(152, 681)",0.38,10.08,2.79,4
438,1,"[740, 683, 835, 945]","(169, 768)",0,0.0,2,"[997, 170, 1035, 289]","(225, 85)",0,0.0,1,"[716, 718, 743, 748]","(151, 691)",0.48,9.99,2.39,4
439,1,"[735, 683, 832, 944]","(168, 767)",0,0.0,2,"[996, 171, 1033, 288]","(224, 82)",0,0.0,1,"[712, 728, 733, 749]","(150, 701)",0.56,9.91,1.99,4
440,1,"[729, 686, 830, 943]","(167, 767)",0,0.0,2,"[993, 171, 1031, 285]","(224, 75)",0,0.0,1,"[705, 733, 724, 753]","(149, 711)",0.62,9.82,1.6,4
441,1,"[722, 687, 828, 943]","(167, 767)",0,0.0,2,"[987, 169, 1029, 285]","(222, 75)",0,0.0,1,"[696, 740, 716, 761]","(147, 721)",0.67,9.74,1.2,4
442,1,"[715, 689, 828, 942]","(166, 766)",0,0.0,2,"[982, 167, 1028, 283]","(221, 70)",0,0.0,1,"[690, 753, 711, 775]","(146, 731)",0.7,9.65,0.81,4
443,1,"[711, 691, 827, 940]","(166, 766)",0,0.0,2,"[976, 165, 1025, 282]","(219, 68)",0,0.0,1,"[680, 763, 708, 791]","(145, 741)",0.72,9.57,0.42,4
444,1,"[720, 692, 828, 937]","(166, 764)",1,2.0,2,"[969, 164, 1024, 281]","(217, 66)",0,0.0,1,"[679, 782, 696, 800]","(144, 752)",0.8,24.9,5.28,2
445,1,"[731, 693, 828, 931]","(167, 761)",0,0.0,2,"[963, 164, 1022, 281]","(215, 66)",0,0.0,1,"[686, 730, 709, 755]","(142, 726)",0.99,24.36,4.86,4
446,1,"[734, 693, 830, 925]","(168, 759)",0,0.0,2,"[957, 164, 1022, 280]","(214, 63)",0,0.0,1,"[697, 687, 714, 705]","(141, 701)",1.17,23.85,4.45,4
447,1,"[735, 692, 849, 921]","(169, 757)",0,0.0,2,"[951, 166, 1022, 282]","(213, 68)",0,0.0,1,"[704, 639, 725, 661]","(140, 677)",1.33,23.36,4.04,4
448,1,"[737, 689, 864, 917]","(171, 755)",0,0.0,2,"[945, 169, 1022, 284]","(212, 73)",0,0.0,1,"[713, 587, 734, 608]","(139, 654)",1.48,22.89,3.63,4
449,1,"[743, 670, 880, 913]","(173, 753)",0,0.0,2,"[941, 173, 1022, 284]","(211, 73)",0,0.0,1,"[721, 549, 740, 571]","(138, 630)",1.61,22.44,3.23,4
450,1,"[749, 655, 885, 910]","(174, 751)",0,0.0,2,"[938, 177, 1022, 285]","(210, 76)",0,0.0,1,"[729, 516, 744, 532]","(137, 607)",1.72,22.0,2.83,4
451,1,"[752, 645, 885, 910]","(174, 751)",0,0.0,2,"[936, 180, 1022, 285]","(210, 76)",0,0.0,1,"[730, 485, 753, 508]","(136, 585)",1.82,21.58,2.43,4
452,1,"[749, 636, 887, 910]","(174, 751)",0,0.0,2,"[936, 182, 1022, 285]","(210, 76)",0,0.0,1,"[733, 459, 754, 480]","(135, 563)",1.9,21.18,2.03,4
453,1,"[741, 632, 888, 911]","(173, 752)",0,0.0,2,"[935, 181, 1022, 285]","(209, 76)",0,0.0,1,"[736, 435, 757, 456]","(134, 542)",1.97,20.79,1.64,4
454,1,"[734, 633, 892, 912]","(173, 752)",0,0.0,2,"[934, 180, 1022, 286]","(209, 78)",0,0.0,1,"[739, 412, 759, 433]","(133, 520)",2.02,20.41,1.24,4
455,1,"[734, 638, 894, 913]","(173, 753)",0,0.0,2,"[928, 179, 1013, 285]","(206, 76)",0,0.0,1,"[741, 391, 762, 412]","(132, 500)",2.05,20.05,0.85,4
456,1,"[744, 642, 897, 914]","(174, 753)",0,0.0,2,"[921, 178, 1000, 285]","(202, 76)",0,0.0,1,"[745, 377, 763, 396]","(131, 479)",2.07,19.71,0.46,4
457,1,"[759, 643, 900, 914]","(176, 753)",0,0.0,2,"[915, 178, 983, 286]","(198, 78)",0,0.0,1,"[741, 358, 770, 389]","(130, 459)",2.07,19.37,0.07,4
458,1,"[774, 648, 902, 914]","(177, 753)",0,0.0,2,"[907, 177, 966, 286]","(192, 78)",0,0.0,1,"[748, 353, 762, 368]","(129, 439)",2.06,19.04,-0.33,4
459,1,"[782, 652, 906, 914]","(179, 753)",0,0.0,2,"[900, 177, 951, 288]","(188, 83)",0,0.0,1,"[743, 334, 770, 363]","(128, 420)",2.03,18.73,-0.72,4
460,1,"[788, 657, 910, 913]","(179, 753)",0,0.0,2,"[893, 177, 942, 290]","(184, 88)",0,0.0,1,"[747, 331, 764, 349]","(127, 401)",1.98,18.42,-1.11,4
461,1,"[798, 662, 915, 915]","(181, 754)",0,0.0,2,"[886, 178, 936, 291]","(182, 90)",0,0.0,1,"[750, 324, 764, 339]","(127, 382)",1.92,18.13,-1.5,4
462,1,"[805, 666, 924, 920]","(182, 756)",0,0.0,2,"[876, 177, 935, 291]","(180, 91)",0,0.0,1,"[743, 311, 770, 339]","(126, 364)",1.85,17.84,-1.89,4
463,1,"[809, 671, 939, 923]","(184, 758)",0,0.0,2,"[865, 177, 934, 291]","(177, 91)",0,0.0,1,"[746, 309, 765, 330]","(125, 346)",1.76,17.57,-2.28,4
464,1,"[810, 675, 954, 925]","(186, 759)",0,0.0,2,"[858, 177, 933, 291]","(175, 91)",0,0.0,1,"[746, 308, 762, 326]","(124, 328)",1.65,17.3,-2.67,4
465,1,"[810, 678, 963, 927]","(186, 760)",0,0.0,2,"[853, 176, 928, 291]","(173, 91)",0,0.0,1,"[746, 307, 761, 324]","(123, 310)",1.53,17.04,-3.05,4
466,1,"[809, 679, 969, 928]","(187, 760)",0,0.0,2,"[846, 174, 920, 288]","(170, 84)",0,0.0,1,"[745, 305, 761, 322]","(122, 293)",1.39,16.79,-3.44,4
467,1,"[811, 678, 970, 931]","(187, 761)",0,0.0,2,"[838, 174, 907, 286]","(166, 79)",0,0.0,1,"[744, 302, 761, 321]","(122, 276)",1.24,16.54,-3.82,4
468,1,"[819, 675, 971, 932]","(188, 762)",0,0.0,2,"[830, 173, 891, 285]","(161, 77)",0,0.0,1,"[739, 300, 759, 321]","(121, 259)",1.07,16.3,-4.2,4
469,1,"[838, 672, 971, 930]","(190, 761)",0,0.0,2,"[823, 172, 879, 285]","(157, 77)",0,0.0,1,"[737, 299, 758, 321]","(120, 242)",0.89,16.07,-4.57,4
470,1,"[861, 670, 974, 928]","(192, 760)",0,0.0,2,"[815, 172, 870, 284]","(153, 74)",0,0.0,1,"[734, 299, 758, 323]","(119, 226)",0.69,15.85,-4.95,4
471,1,"[882, 669, 981, 928]","(195, 760)",0,0.0,2,"[807, 173, 862, 285]","(150, 77)",0,0.0,1,"[734, 300, 757, 326]","(119, 210)",0.48,15.63,-5.32,4
472,1,"[895, 669, 996, 932]","(197, 762)",0,0.0,2,"[799, 175, 855, 285]","(147, 77)",0,0.0,1,"[731, 301, 757, 330]","(118, 194)",0.25,15.42,-5.68,4
473,1,"[904, 671, 1018, 936]","(200, 764)",0,0.0,2,"[790, 178, 848, 285]","(144, 77)",0,0.0,1,"[729, 302, 757, 334]","(117, 178)",0.01,15.21,-6.05,4
474,1,"[912, 675, 1039, 939]","(203, 765)",0,0.0,2,"[781, 181, 841, 284]","(140, 74)",0,0.0,1,"[726, 310, 752, 336]","(117, 163)",0.0,6.41,3.3,3
475,1,"[917, 680, 1059, 941]","(205, 766)",0,0.0,2,"[774, 183, 835, 282]","(137, 70)",0,0.0,1,"[727, 308, 746, 328]","(114, 156)",0.12,6.37,2.9,4
476,1,"[919, 685, 1071, 942]","(206, 766)",0,0.0,2,"[768, 186, 829, 284]","(135, 75)",0,0.0,1,"[726, 298, 741, 316]","(111, 150)",0.22,6.34,2.5,4
477,1,"[919, 688, 1081, 945]","(207, 768)",0,0.0,2,"[760, 188, 825, 283]","(132, 72)",0,0.0,1,"[718, 284, 739, 306]","(109, 144)",0.3,6.3,2.1,4
478,1,"[919, 690, 1084, 949]","(207, 770)",0,0.0,2,"[754, 189, 819, 284]","(130, 75)",0,0.0,1,"[715, 273, 735, 296]","(106, 139)",0.37,6.27,1.71,4
479,1,"[920, 691, 1085, 951]","(207, 771)",0,0.0,2,"[750, 190, 814, 284]","(128, 75)",0,0.0,1,"[710, 264, 736, 291]","(104, 133)",0.42,6.23,1.31,4
480,1,"[921, 690, 1085, 952]","(207, 771)",0,0.0,2,"[746, 191, 809, 285]","(127, 77)",0,0.0,1,"[708, 253, 734, 281]","(101, 127)",0.46,6.2,0.92,4
481,1,"[929, 687, 1084, 949]","(208, 770)",0,0.0,2,"[743, 192, 805, 288]","(126, 84)",0,0.0,1,"[706, 251, 726, 271]","(99, 121)",0.48,6.17,0.52,4
482,1,"[943, 683, 1085, 947]","(209, 769)",0,0.0,2,"[741, 191, 802, 290]","(125, 89)",0,0.0,1,"[705, 247, 722, 267]","(96, 115)",0.48,6.13,0.13,4
483,1,"[958, 680, 1089, 944]","(211, 767)",0,0.0,2,"[738, 190, 799, 290]","(124, 89)",0,0.0,1,"[696, 238, 723, 267]","(94, 109)",0.47,6.1,-0.26,4
484,1,"[970, 680, 1098, 941]","(213, 766)",0,0.0,2,"[732, 189, 797, 291]","(122, 92)",1,0.84,1,"[700, 236, 724, 263]","(92, 108)",0.53,31.76,3.04,0
485,1,"[978, 680, 1113, 941]","(215, 766)",0,0.0,2,"[736, 188, 794, 291]","(122, 92)",0,0.0,1,"[686, 237, 712, 268]","(92, 140)",0.64,30.89,2.64,4
486,1,"[985, 682, 1133, 946]","(218, 768)",0,0.0,2,"[737, 187, 791, 291]","(122, 92)",0,0.0,1,"[681, 245, 702, 267]","(93, 171)",0.73,30.07,2.24,4
487,1,"[988, 687, 1150, 950]","(219, 770)",0,0.0,2,"[736, 184, 787, 291]","(121, 92)",0,0.0,1,"[678, 254, 691, 269]","(94, 201)",0.8,29.3,1.85,4
488,1,"[988, 694, 1160, 953]","(220, 771)",0,0.0,2,"[734, 182, 783, 292]","(120, 94)",0,0.0,1,"[665, 258, 687, 280]","(94, 231)",0.86,28.56,1.45,4
489,1,"[989, 705, 1168, 956]","(221, 773)",0,0.0,2,"[732, 181, 777, 292]","(118, 94)",0,0.0,1,"[655, 271, 678, 295]","(95, 260)",0.9,27.86,1.06,4
490,1,"[990, 715, 1173, 958]","(221, 774)",0,0.0,2,"[728, 180, 773, 291]","(116, 92)",0,0.0,1,"[646, 285, 669, 309]","(96, 288)",0.93,27.19,0.66,4
491,1,"[987, 724, 1174, 957]","(221, 773)",0,0.0,2,"[718, 179, 768, 292]","(114, 94)",0,0.0,1,"[639, 298, 662, 322]","(97, 316)",0.94,26.55,0.27,4
492,1,"[990, 730, 1174, 957]","(221, 773)",0,0.0,2,"[709, 178, 766, 292]","(111, 94)",0,0.0,1,"[633, 307, 657, 333]","(97, 343)",0.93,25.94,-0.12,4
493,1,"[998, 734, 1174, 956]","(222, 773)",0,0.0,2,"[705, 177, 765, 292]","(110, 94)",0,0.0,1,"[628, 330, 642, 346]","(98, 369)",0.91,25.36,-0.51,4
494,1,"[994, 733, 1173, 956]","(222, 773)",0,0.0,2,"[703, 176, 765, 292]","(110, 94)",0,0.0,1,"[618, 347, 638, 366]","(98, 395)",0.88,24.81,-0.9,4
495,1,"[985, 731, 1170, 955]","(221, 772)",0,0.0,2,"[703, 176, 764, 291]","(109, 92)",0,0.0,1,"[604, 383, 630, 411]","(99, 420)",0.82,24.28,-1.3,4
496,1,"[971, 730, 1164, 955]","(219, 772)",0,0.0,2,"[703, 175, 764, 290]","(109, 89)",0,0.0,1,"[594, 423, 619, 451]","(100, 445)",0.76,23.77,-1.69,4
497,1,"[956, 732, 1147, 955]","(216, 772)",0,0.0,2,"[703, 173, 764, 289]","(109, 87)",0,0.0,1,"[584, 462, 609, 490]","(100, 469)",0.67,23.28,-2.08,4
498,1,"[939, 733, 1122, 955]","(212, 772)",0,0.0,2,"[704, 171, 764, 287]","(109, 82)",0,0.0,1,"[574, 500, 600, 528]","(101, 493)",0.57,22.81,-2.46,4
499,1,"[921, 733, 1087, 954]","(208, 772)",0,0.0,2,"[704, 170, 766, 286]","(109, 80)",0,0.0,1,"[565, 537, 590, 565]","(101, 516)",0.46,22.36,-2.85,4
500,1,"[902, 734, 1061, 954]","(204, 772)",0,0.0,2,"[705, 170, 768, 286]","(110, 80)",0,0.0,1,"[556, 571, 582, 599]","(102, 539)",0.33,21.93,-3.24,4
501,1,"[883, 734, 1049, 954]","(201, 772)",0,0.0,2,"[707, 172, 771, 285]","(111, 77)",0,0.0,1,"[548, 604, 573, 632]","(102, 561)",0.19,21.51,-3.62,4
502,1,"[868, 733, 1041, 954]","(199, 772)",0,0.0,2,"[707, 175, 774, 284]","(111, 75)",0,0.0,1,"[540, 633, 566, 661]","(103, 583)",0.03,21.11,-4.0,4
503,1,"[848, 733, 1027, 949]","(196, 770)",0,0.0,2,"[707, 176, 776, 284]","(112, 75)",0,0.0,1,"[533, 652, 564, 689]","(104, 605)",0.0,14.83,3.4,1
504,1,"[822, 734, 1007, 952]","(192, 771)",0,0.0,2,"[707, 178, 779, 284]","(112, 75)",0,0.0,1,"[532, 668, 548, 686]","(104, 620)",0.12,14.64,3.0,4
505,1,"[794, 738, 967, 953]","(186, 771)",0,0.0,2,"[706, 178, 781, 284]","(112, 75)",0,0.0,1,"[524, 668, 544, 690]","(104, 635)",0.22,14.45,2.6,4
506,1,"[764, 742, 917, 953]","(179, 771)",0,0.0,2,"[706, 177, 787, 284]","(114, 75)",0,0.0,1,"[517, 667, 543, 697]","(104, 649)",0.31,14.27,2.2,4
507,1,"[739, 746, 892, 963]","(174, 776)",0,0.0,2,"[708, 177, 792, 284]","(115, 75)",0,0.0,1,"[511, 682, 528, 701]","(104, 664)",0.38,14.09,1.8,4
508,1,"[718, 751, 882, 970]","(172, 779)",0,0.0,2,"[716, 176, 798, 284]","(118, 75)",0,0.0,1,"[503, 696, 519, 714]","(104, 678)",0.44,13.92,1.41,4
509,1,"[687, 753, 874, 973]","(168, 780)",0,0.0,2,"[728, 177, 803, 283]","(121, 72)",0,0.0,1,"[496, 709, 512, 727]","(104, 693)",0.48,13.75,1.02,4
510,1,"[639, 757, 865, 975]","(164, 781)",0,0.0,2,"[743, 175, 809, 283]","(126, 72)",0,0.0,1,"[489, 721, 506, 739]","(104, 707)",0.51,13.59,0.62,4
511,1,"[594, 763, 852, 980]","(159, 783)",0,0.0,2,"[755, 173, 815, 282]","(129, 70)",0,0.0,1,"[485, 732, 501, 749]","(104, 720)",0.51,13.42,0.23,4
512,1,"[556, 768, 833, 994]","(154, 789)",0,0.0,2,"[761, 171, 822, 283]","(132, 72)",0,0.0,1,"[476, 753, 496, 774]","(104, 734)",0.51,13.27,-0.16,4
513,1,"[523, 775, 808, 1008]","(150, 795)",0,0.0,2,"[767, 170, 828, 284]","(135, 75)",0,0.0,1,"[463, 772, 493, 800]","(104, 748)",0.49,13.11,-0.55,4
514,1,"[501, 784, 780, 1014]","(146, 797)",0,0.0,2,"[775, 169, 834, 284]","(138, 75)",0,0.0,1,"[462, 801, 477, 818]","(104, 761)",0.45,12.96,-0.95,4
515,1,"[475, 794, 755, 1020]","(142, 800)",0,0.0,2,"[785, 169, 841, 285]","(141, 77)",0,0.0,1,"[445, 836, 472, 865]","(104, 774)",0.4,12.82,-1.34,4
516,1,"[455, 804, 736, 1024]","(139, 801)",1,1.38,2,"[801, 169, 847, 285]","(146, 77)",0,0.0,1,"[444, 855, 470, 884]","(104, 768)",0.42,28.66,4.75,2
517,1,"[438, 815, 717, 1028]","(136, 803)",0,0.0,2,"[810, 168, 854, 285]","(149, 77)",0,0.0,1,"[479, 765, 503, 792]","(106, 738)",0.59,27.95,4.34,4
518,1,"[429, 817, 700, 1030]","(134, 804)",0,0.0,2,"[814, 167, 864, 285]","(152, 77)",0,0.0,1,"[507, 698, 530, 722]","(108, 710)",0.75,27.28,3.93,4
519,1,"[425, 829, 685, 1031]","(132, 804)",0,0.0,2,"[817, 167, 875, 284]","(155, 74)",0,0.0,1,"[529, 645, 553, 669]","(110, 683)",0.89,26.64,3.52,4
520,1,"[424, 833, 673, 1031]","(131, 804)",0,0.0,2,"[824, 167, 891, 283]","(159, 72)",0,0.0,1,"[560, 587, 577, 605]","(112, 656)",1.02,26.03,3.12,4
521,1,"[424, 835, 663, 1030]","(130, 804)",0,0.0,2,"[838, 168, 907, 284]","(166, 74)",0,0.0,1,"[581, 544, 596, 560]","(113, 629)",1.13,25.44,2.72,4
522,1,"[425, 837, 655, 1030]","(130, 804)",0,0.0,2,"[850, 171, 923, 285]","(171, 76)",0,0.0,1,"[599, 498, 619, 519]","(115, 603)",1.22,24.88,2.32,4
523,1,"[426, 834, 648, 1030]","(129, 804)",0,0.0,2,"[861, 175, 935, 287]","(177, 81)",0,0.0,1,"[618, 468, 636, 487]","(117, 578)",1.3,24.35,1.93,4
524,1,"[427, 828, 643, 1029]","(129, 803)",0,0.0,2,"[869, 180, 945, 287]","(180, 81)",0,0.0,1,"[635, 439, 653, 458]","(119, 553)",1.36,23.84,1.53,4
525,1,"[428, 821, 638, 1029]","(129, 803)",0,0.0,2,"[876, 185, 950, 287]","(183, 81)",0,0.0,1,"[651, 412, 669, 431]","(121, 529)",1.4,23.35,1.14,4
526,1,"[429, 813, 632, 1029]","(128, 803)",0,0.0,2,"[881, 189, 952, 288]","(184, 83)",0,0.0,1,"[665, 388, 683, 407]","(122, 506)",1.43,22.88,0.74,4
527,1,"[429, 805, 628, 1029]","(128, 803)",0,0.0,2,"[886, 192, 952, 288]","(185, 83)",0,0.0,1,"[678, 371, 694, 388]","(124, 482)",1.45,22.42,0.35,4
528,1,"[430, 798, 620, 1028]","(127, 803)",0,0.0,2,"[890, 192, 952, 288]","(186, 83)",0,0.0,1,"[684, 351, 710, 379]","(126, 460)",1.44,21.99,-0.04,4
529,1,"[430, 790, 611, 1028]","(126, 803)",0,0.0,2,"[892, 192, 952, 288]","(186, 83)",0,0.0,1,"[702, 344, 717, 362]","(127, 437)",1.43,21.57,-0.43,4
530,1,"[431, 781, 612, 1027]","(127, 802)",0,0.0,2,"[892, 190, 952, 288]","(186, 83)",0,0.0,1,"[708, 328, 733, 356]","(129, 415)",1.39,21.17,-0.83,4
531,1,"[432, 774, 623, 1024]","(127, 801)",0,0.0,2,"[891, 187, 951, 288]","(186, 83)",0,0.0,1,"[725, 326, 738, 341]","(130, 394)",1.34,20.78,-1.22,4
532,1,"[437, 768, 638, 1018]","(129, 799)",0,0.0,2,"[889, 184, 951, 288]","(186, 83)",0,0.0,1,"[726, 313, 756, 341]","(132, 373)",1.28,20.4,-1.61,4
533,1,"[448, 763, 652, 1013]","(131, 797)",0,0.0,2,"[886, 182, 950, 288]","(185, 83)",0,0.0,1,"[736, 309, 760, 335]","(133, 352)",1.2,20.04,-2.0,4
534,1,"[470, 758, 664, 1008]","(133, 795)",0,0.0,2,"[883, 180, 950, 289]","(184, 86)",0,0.0,1,"[747, 308, 765, 328]","(135, 332)",1.11,19.7,-2.39,4
535,1,"[500, 752, 673, 1006]","(136, 794)",0,0.0,2,"[880, 179, 949, 288]","(183, 83)",0,0.0,1,"[753, 305, 777, 331]","(136, 312)",0.99,19.36,-2.77,4
536,1,"[535, 746, 683, 1005]","(140, 794)",0,0.0,2,"[877, 179, 948, 290]","(182, 88)",0,0.0,1,"[762, 306, 783, 328]","(138, 292)",0.87,19.03,-3.16,4
537,1,"[566, 741, 694, 1004]","(144, 793)",0,0.0,2,"[874, 179, 949, 290]","(182, 88)",0,0.0,1,"[770, 308, 787, 326]","(139, 273)",0.73,18.72,-3.54,4
538,1,"[583, 737, 705, 1002]","(146, 792)",0,0.0,2,"[872, 180, 949, 291]","(182, 90)",0,0.0,1,"[776, 307, 799, 331]","(140, 254)",0.57,18.42,-3.92,4
539,1,"[600, 734, 716, 999]","(148, 791)",0,0.0,2,"[870, 182, 949, 291]","(181, 90)",0,0.0,1,"[781, 307, 806, 334]","(142, 235)",0.4,18.12,-4.3,4
540,1,"[631, 734, 728, 996]","(152, 790)",0,0.0,2,"[867, 184, 949, 291]","(181, 90)",0,0.0,1,"[786, 310, 811, 337]","(143, 216)",0.21,17.84,-4.68,4
541,1,"[653, 735, 740, 991]","(154, 788)",0,0.0,2,"[865, 186, 949, 291]","(180, 90)",0,0.0,1,"[799, 320, 814, 338]","(144, 198)",0.01,17.56,-5.05,4
542,1,"[669, 737, 755, 985]","(157, 785)",0,0.0,2,"[860, 187, 949, 291]","(179, 91)",0,0.0,1,"[802, 323, 822, 342]","(146, 181)",0.0,8.73,4.22,3
543,1,"[679, 738, 790, 978]","(161, 782)",0,0.0,2,"[854, 188, 949, 291]","(178, 91)",0,0.0,1,"[801, 307, 827, 333]","(145, 172)",0.15,8.66,3.81,4
544,1,"[684, 738, 823, 976]","(164, 781)",0,0.0,2,"[851, 188, 949, 291]","(177, 91)",0,0.0,1,"[807, 294, 830, 317]","(145, 163)",0.29,8.6,3.41,4
545,1,"[685, 736, 854, 976]","(167, 781)",0,0.0,2,"[848, 188, 949, 291]","(177, 91)",0,0.0,1,"[807, 275, 831, 300]","(145, 154)",0.41,8.53,3.01,4
546,1,"[685, 733, 871, 976]","(168, 781)",0,0.0,2,"[852, 188, 950, 291]","(178, 91)",0,0.0,1,"[809, 261, 833, 289]","(145, 145)",0.51,8.47,2.61,4
547,1,"[693, 732, 875, 978]","(169, 782)",0,0.0,2,"[862, 187, 950, 291]","(180, 90)",0,0.0,1,"[815, 256, 832, 275]","(144, 137)",0.6,8.41,2.21,4
548,1,"[708, 729, 876, 979]","(171, 783)",0,0.0,2,"[868, 185, 949, 291]","(181, 90)",0,0.0,1,"[814, 238, 842, 268]","(144, 128)",0.67,8.34,1.81,4
549,1,"[734, 725, 876, 979]","(173, 783)",0,0.0,2,"[870, 183, 949, 291]","(181, 90)",0,0.0,1,"[820, 235, 836, 253]","(144, 119)",0.73,8.28,1.42,4
550,1,"[764, 722, 879, 979]","(176, 783)",0,0.0,2,"[866, 180, 948, 291]","(180, 90)",0,0.0,1,"[823, 229, 837, 245]","(144, 111)",0.77,8.22,1.02,4
551,1,"[789, 720, 890, 982]","(179, 784)",0,0.0,2,"[860, 179, 947, 291]","(179, 91)",1,1.0,1,"[824, 223, 841, 243]","(144, 110)",0.87,32.36,2.58,0
552,1,"[805, 720, 910, 986]","(182, 786)",0,0.0,2,"[865, 177, 947, 292]","(180, 93)",0,0.0,1,"[821, 225, 835, 243]","(141, 142)",0.96,31.46,2.18,4
553,1,"[818, 723, 936, 992]","(186, 788)",0,0.0,2,"[869, 176, 946, 291]","(180, 90)",0,0.0,1,"[805, 225, 829, 251]","(138, 174)",1.03,30.61,1.79,4
554,1,"[829, 729, 966, 1000]","(189, 792)",0,0.0,2,"[871, 176, 943, 291]","(180, 90)",0,0.0,1,"[795, 236, 812, 254]","(136, 205)",1.08,29.81,1.39,4
555,1,"[838, 737, 993, 1006]","(192, 794)",0,0.0,2,"[871, 175, 941, 290]","(180, 88)",0,0.0,1,"[779, 242, 806, 268]","(133, 235)",1.12,29.04,1.0,4
556,1,"[845, 747, 1019, 1010]","(195, 796)",0,0.0,2,"[872, 176, 940, 290]","(180, 88)",0,0.0,1,"[770, 259, 786, 276]","(131, 264)",1.15,28.32,0.6,4
557,1,"[852, 759, 1039, 1014]","(197, 797)",0,0.0,2,"[871, 177, 940, 290]","(180, 88)",0,0.0,1,"[753, 265, 782, 292]","(128, 293)",1.16,27.63,0.21,4
558,1,"[862, 772, 1058, 1018]","(200, 799)",0,0.0,2,"[871, 178, 941, 290]","(180, 88)",0,0.0,1,"[737, 285, 760, 307]","(126, 321)",1.15,26.97,-0.18,4
559,1,"[871, 787, 1076, 1023]","(202, 801)",0,0.0,2,"[872, 179, 943, 290]","(180, 88)",0,0.0,1,"[728, 302, 745, 320]","(124, 348)",1.13,26.34,-0.57,4
560,1,"[876, 802, 1092, 1026]","(204, 802)",0,0.0,2,"[873, 181, 944, 290]","(181, 88)",0,0.0,1,"[711, 316, 733, 340]","(121, 375)",1.09,25.74,-0.96,4
561,1,"[879, 819, 1106, 1027]","(205, 803)",0,0.0,2,"[876, 184, 943, 290]","(181, 88)",0,0.0,1,"[700, 341, 717, 362]","(119, 401)",1.03,25.17,-1.35,4
562,1,"[877, 838, 1120, 1028]","(206, 803)",0,0.0,2,"[879, 186, 943, 292]","(182, 93)",0,0.0,1,"[677, 376, 696, 397]","(117, 427)",0.96,24.63,-1.75,4
563,1,"[875, 859, 1131, 1029]","(207, 803)",0,0.0,2,"[885, 187, 944, 295]","(183, 100)",0,0.0,1,"[657, 411, 676, 431]","(115, 451)",0.88,24.1,-2.13,4
564,1,"[872, 875, 1139, 1030]","(207, 804)",0,0.0,2,"[892, 188, 944, 300]","(185, 111)",0,0.0,1,"[639, 443, 657, 463]","(113, 476)",0.78,23.6,-2.52,4
565,1,"[871, 883, 1143, 1034]","(208, 805)",0,0.0,2,"[895, 188, 942, 301]","(185, 114)",0,0.0,1,"[622, 472, 641, 492]","(111, 500)",0.66,23.12,-2.91,4
566,1,"[868, 886, 1138, 1044]","(207, 809)",0,0.0,2,"[896, 188, 941, 302]","(185, 116)",0,0.0,1,"[609, 495, 629, 515]","(109, 523)",0.53,22.66,-3.29,4
567,1,"[869, 889, 1135, 1050]","(207, 812)",0,0.0,2,"[896, 188, 940, 302]","(185, 116)",0,0.0,1,"[590, 525, 616, 555]","(107, 546)",0.38,22.21,-3.68,4
568,1,"[868, 891, 1133, 1054]","(206, 813)",0,0.0,2,"[896, 188, 943, 302]","(186, 116)",0,0.0,1,"[566, 576, 592, 603]","(105, 569)",0.22,21.79,-4.06,4
569,1,"[869, 895, 1128, 1055]","(206, 813)",0,0.0,2,"[896, 187, 945, 302]","(186, 116)",0,0.0,1,"[541, 627, 566, 654]","(103, 591)",0.04,21.37,-4.43,4
570,1,"[868, 901, 1127, 1061]","(206, 816)",0,0.0,2,"[896, 187, 947, 302]","(186, 116)",0,0.0,1,"[524, 668, 547, 694]","(102, 613)",-0.15,0.0,-4.81,1
571,1,"[868, 909, 1129, 1069]","(206, 819)",0,0.0,2,"[896, 186, 948, 302]","(187, 116)",0,0.0,1,"[504, 679, 522, 700]","(98, 619)",0.0,0.0,0.0,4
572,1,"[868, 916, 1128, 1070]","(206, 819)",0,0.0,2,"[896, 185, 948, 303]","(187, 118)",0,0.0,1,"[484, 687, 502, 708]","(94, 625)",0.0,0.0,0.0,4
573,1,"[867, 924, 1124, 1069]","(205, 819)",0,0.0,2,"[897, 184, 948, 303]","(187, 118)",0,0.0,1,"[465, 695, 483, 716]","(91, 631)",0.0,0.0,0.0,4
574,1,"[866, 930, 1122, 1069]","(205, 819)",0,0.0,2,"[897, 184, 953, 305]","(188, 123)",0,0.0,1,"[447, 702, 466, 723]","(88, 636)",0.0,0.0,0.0,4
575,1,"[864, 935, 1121, 1067]","(205, 818)",0,0.0,2,"[897, 185, 955, 307]","(188, 127)",0,0.0,1,"[437, 711, 451, 727]","(86, 641)",0.0,0.0,0.0,4
576,1,"[858, 938, 1123, 1064]","(205, 817)",0,0.0,2,"[898, 186, 955, 309]","(188, 131)",0,0.0,1,"[411, 718, 437, 744]","(83, 649)",0.0,0.0,0.0,4
577,1,"[854, 942, 1125, 1057]","(204, 814)",0,0.0,2,"[900, 188, 956, 311]","(189, 136)",0,0.0,1,"[393, 736, 413, 757]","(80, 659)",0.0,0.0,0.0,4
578,1,"[851, 944, 1130, 1054]","(205, 813)",0,0.0,2,"[902, 190, 957, 312]","(190, 138)",0,0.0,1,"[369, 749, 396, 777]","(78, 670)",0.0,0.0,0.0,4
579,1,"[846, 943, 1134, 1052]","(205, 812)",0,0.0,2,"[904, 191, 958, 312]","(190, 138)",0,0.0,1,"[345, 773, 372, 799]","(76, 684)",0.0,0.0,0.0,4
580,1,"[843, 941, 1135, 1052]","(204, 812)",0,0.0,2,"[908, 191, 960, 312]","(192, 138)",0,0.0,1,"[322, 799, 345, 822]","(74, 699)",0.0,0.0,0.0,4
581,1,"[844, 941, 1135, 1052]","(204, 812)",0,0.0,2,"[913, 190, 961, 312]","(193, 138)",0,0.0,1,"[294, 830, 320, 857]","(73, 717)",0.0,0.0,0.0,4
582,1,"[846, 942, 1134, 1052]","(205, 812)",0,0.0,2,"[920, 189, 963, 313]","(194, 140)",0,0.0,1,"[274, 855, 302, 885]","(72, 731)",0.0,0.0,0.0,4
583,1,"[847, 945, 1131, 1050]","(204, 812)",0,0.0,2,"[924, 187, 964, 315]","(196, 144)",0,0.0,1,"[239, 910, 264, 937]","(71, 757)",0.0,0.0,0.0,4
584,1,"[848, 948, 1128, 1052]","(204, 812)",0,0.0,2,"[926, 186, 966, 316]","(196, 147)",0,0.0,1,"[207, 959, 232, 985]","(71, 780)",0.0,0.0,0.0,4
585,1,"[848, 950, 1126, 1056]","(204, 814)",0,0.0,2,"[926, 185, 968, 315]","(197, 144)",0,0.0,1,"[184, 999, 207, 1022]","(71, 795)",0.0,0.0,0.0,4
586,1,"[848, 951, 1126, 1058]","(204, 815)",0,0.0,2,"[927, 185, 970, 315]","(197, 144)",0,0.0,1,"[159, 1033, 185, 1059]","(71, 810)",0.0,0.0,0.0,4
587,1,"[848, 950, 1127, 1058]","(204, 815)",0,0.0,2,"[927, 186, 972, 319]","(198, 153)",0,0.0,1,"[159, 1033, 185, 1059]","(71, 810)",0.0,0.0,0.0,4
588,1,"[848, 950, 1128, 1059]","(204, 815)",0,0.0,2,"[927, 187, 979, 321]","(199, 157)",0,0.0,1,"[159, 1033, 185, 1059]","(71, 810)",0.0,0.0,0.0,4
589,1,"[848, 950, 1128, 1059]","(204, 815)",0,0.0,2,"[927, 188, 982, 322]","(199, 159)",0,0.0,1,"[159, 1033, 185, 1059]","(71, 810)",0.0,0.0,0.0,4
590,1,"[848, 950, 1128, 1059]","(204, 815)",0,0.0,2,"[928, 189, 984, 322]","(200, 159)",0,0.0,1,"[159, 1033, 185, 1059]","(71, 810)",0.0,0.0,0.0,4
